number,value,datetime_start,datetime_complete,duration,params_MAX_POSITION_PCT,params_MAX_RISK_PCT,params_MR_MIN_RR,params_MR_STOP_MULT,params_RISK_TIER_EQUITY_PCT,params_TP_MIN_RR,params_TP_STOP_MULT,user_attrs_BTC_PnL,user_attrs_MB_PnL,user_attrs_MR_PnL,user_attrs_QQQ_PnL,user_attrs_SPY_PnL,user_attrs_Score,user_attrs_TF_PnL,user_attrs_TP_PnL,user_attrs_Total_Trades,state
0,,2026-06-17 00:22:15.858490,2026-06-17 00:22:28.763787,0 days 00:00:12.905297,3.0,0.04,2.0,3.0,0.04,1.0,1.6,,,,,,,,,,FAIL
1,7.300945596396224,2026-06-17 00:31:53.837681,2026-06-17 00:38:07.695561,0 days 00:06:13.857880,2.5,0.04,0.5,1.2,0.03,2.0,2.0,-41.95360943424255,-41.95360943424255,-14.500927620064537,646.3104010831771,261.6801222132855,7.300945596396224,0.0,922.4914509165271,86.0,COMPLETE
2,-1360.0,2026-06-17 00:31:57.481025,2026-06-17 00:38:05.828136,0 days 00:06:08.347111,0.5,0.04,1.6,2.3,0.06,1.5,1.0,-21.433360526344817,-21.433360526344817,19.133821304235468,17.71005020039911,11.708248046594449,-1360.0,0.0,10.28447694275809,14.0,COMPLETE
3,-1270.0,2026-06-17 00:32:00.591513,2026-06-17 00:38:13.692005,0 days 00:06:13.100492,2.0,0.02,1.0,1.8,0.03,1.1,2.4000000000000004,-41.95360943424255,-41.95360943424255,-16.474686021846995,-14.976883291744148,19.150615896118026,-1270.0,0.0,20.648418626220874,23.0,COMPLETE
4,-1290.0,2026-06-17 00:32:04.273428,2026-06-17 00:38:11.540038,0 days 00:06:07.266610,2.5,0.04,1.6,1.1,0.04,1.2,2.7,-41.95360943424255,-41.95360943424255,-8.729010645015165,-1.265090199473148,6.189056780370819,-1290.0,0.0,13.652977225912839,21.0,COMPLETE
5,-7.015412562923821,2026-06-17 00:32:07.919570,2026-06-17 00:38:14.150803,0 days 00:06:06.231233,3.5,0.03,1.4,1.5,0.05,1.9,2.1,-41.95360943424255,-41.95360943424255,-27.548184602121047,960.1285147087995,213.88088472264013,-7.015412562923821,0.0,1201.557584033561,110.0,COMPLETE
6,15.594215384829155,2026-06-17 00:32:10.885221,2026-06-17 00:38:22.976008,0 days 00:06:12.090787,5.0,0.06,1.6,3.0,0.01,2.0,2.0,-41.95360943424255,-41.95360943424255,0.0,932.3636042833641,417.71769021984886,15.594215384829155,0.0,1350.0812945032126,67.0,COMPLETE
7,39.24693032848908,2026-06-17 00:32:14.357502,2026-06-17 00:38:21.245048,0 days 00:06:06.887546,5.0,0.01,0.7,2.5,0.03,2.0,1.0,-41.95360943424255,-41.95360943424255,-7.168945183577264,1456.1609345794595,1941.4622571027685,39.24693032848908,0.0,3404.7921368658044,250.0,COMPLETE
8,45.85699221792098,2026-06-17 00:32:17.807719,2026-06-17 00:38:31.129269,0 days 00:06:13.321550,3.5,0.02,1.8,2.7,0.03,1.2,1.4,-41.95360943424255,-41.95360943424255,0.0,1541.477409211754,1754.5208733230625,45.85699221792098,0.0,3295.9982825348156,234.0,COMPLETE
9,50.51467578046279,2026-06-17 00:32:19.975412,2026-06-17 00:38:27.865988,0 days 00:06:07.890576,3.5,0.04,1.0,2.9000000000000004,0.01,1.0,1.6,-41.95360943424255,-41.95360943424255,293.1556114661942,1723.4887643157965,1976.7471435979196,50.51467578046279,0.0,3407.0802964475206,252.0,COMPLETE
10,37.82204589536589,2026-06-17 00:32:28.392448,2026-06-17 00:38:40.349950,0 days 00:06:11.957502,4.0,0.02,1.5,1.9,0.02,1.6,1.8,-41.95360943424255,-41.95360943424255,539.1881011267953,1627.2701800504014,1397.033757698392,37.82204589536589,0.0,2485.1158366219984,153.0,COMPLETE
11,4.089666704187688,2026-06-17 00:32:35.675783,2026-06-17 00:38:37.265630,0 days 00:06:01.589847,4.0,0.01,1.5,1.0,0.05,1.7000000000000002,2.6,-41.95360943424255,-41.95360943424255,-36.91015657811523,521.521534872733,251.92063103560315,4.089666704187688,0.0,810.3523224864512,70.0,COMPLETE
12,3.0419892948015157,2026-06-17 00:32:50.428287,2026-06-17 00:38:53.776499,0 days 00:06:03.348212,4.5,0.06,1.6,1.2,0.01,1.9,1.9,-41.95360943424255,-41.95360943424255,-128.5796615909826,1315.744419725244,403.0983134540977,3.0419892948015157,0.0,1847.4223947703247,110.0,COMPLETE
13,19.73504425211887,2026-06-17 00:38:05.907538,2026-06-17 00:44:25.494002,0 days 00:06:19.586464,4.5,0.03,1.8,2.0,0.03,1.6,1.9,-41.95360943424255,-41.95360943424255,48.78874802043319,1391.0123918356508,1132.0434148617785,19.73504425211887,0.0,2474.267058676997,133.0,COMPLETE
14,-21.226056052384898,2026-06-17 00:38:07.773405,2026-06-17 00:44:30.809836,0 days 00:06:23.036431,3.0,0.05,1.2000000000000002,1.9,0.05,2.0,1.1,-41.95360943424255,-41.95360943424255,-170.63115986391287,959.3016575883833,958.0596259679724,-21.226056052384898,0.0,2087.9924434202685,224.0,COMPLETE
15,-1290.0,2026-06-17 00:38:11.728145,2026-06-17 00:44:30.023016,0 days 00:06:18.294871,1.0,0.04,0.6,1.7000000000000002,0.01,1.3,1.6,-42.866721052689634,-42.866721052689634,-23.454500677067212,-15.981422487950578,9.575307948059013,-1290.0,0.0,17.048386137175648,21.0,COMPLETE
16,4.612515757644774,2026-06-17 00:38:13.776882,2026-06-17 00:44:34.872388,0 days 00:06:21.095506,4.0,0.01,0.5,1.2,0.01,1.5,2.9000000000000004,-41.95360943424255,-41.95360943424255,39.10160002629644,562.3768684685847,234.0068383774252,4.612515757644774,0.0,757.282106819714,76.0,COMPLETE
17,-1300.0,2026-06-17 00:38:14.232680,2026-06-17 00:44:33.137473,0 days 00:06:18.904793,0.5,0.04,0.6,1.4,0.04,1.5,2.7,-21.433360526344817,-21.433360526344817,-3.6650087351023544,3.1927532247786843,1.2378113560741628,-1300.0,0.0,8.095573315955201,20.0,COMPLETE
18,3.464484523165726,2026-06-17 00:38:21.338290,2026-06-17 00:44:40.055271,0 days 00:06:18.716981,2.0,0.01,0.9,2.0,0.06,2.0,2.4000000000000004,-41.95360943424255,-41.95360943424255,-5.073178523391057,341.4650391373958,248.32057925429314,3.464484523165726,0.0,594.8587969150799,69.0,COMPLETE
19,26.760557961477257,2026-06-17 00:38:23.158119,2026-06-17 00:44:46.894443,0 days 00:06:23.736324,3.5,0.01,0.7,2.2,0.03,1.6,1.9,-41.95360943424255,-41.95360943424255,-14.25985645810264,1241.0272270120638,920.830249009691,26.760557961477257,0.0,2176.117332479857,146.0,COMPLETE
20,-1290.0,2026-06-17 00:38:27.958420,2026-06-17 00:44:49.115319,0 days 00:06:21.156899,1.0,0.01,1.5,1.6,0.04,1.1,2.3,-42.866721052689634,-42.866721052689634,-4.2190026679910755,47.7751909810991,-41.39892890794354,-1290.0,0.0,10.595264741146625,21.0,COMPLETE
21,-1400.0,2026-06-17 00:38:31.222616,2026-06-17 00:44:53.331337,0 days 00:06:22.108721,0.5,0.01,1.7000000000000002,2.3,0.05,1.4,1.8,-21.433360526344817,-21.433360526344817,-18.158887010557347,-18.31019816200746,9.12932717610595,-1400.0,0.0,8.978016024655837,10.0,COMPLETE
22,-1050.0,2026-06-17 00:38:37.356912,2026-06-17 00:44:57.533584,0 days 00:06:20.176672,0.5,0.06,1.1,1.9,0.01,1.4,3.0,-21.433360526344817,-21.433360526344817,36.432010121283554,34.84961415441475,9.352125907156275,-1050.0,0.0,7.769729940287496,45.0,COMPLETE
23,46.57275276975078,2026-06-17 00:38:40.452162,2026-06-17 00:45:03.082759,0 days 00:06:22.630597,3.5,0.05,2.0,3.0,0.01,1.0,1.5,-41.95360943424255,-41.95360943424255,0.0,1556.022083336871,1807.7716466607815,46.57275276975078,0.0,3363.7937299976525,233.0,COMPLETE
24,41.109433444681144,2026-06-17 00:38:53.869958,2026-06-17 00:45:16.811910,0 days 00:06:22.941952,3.0,0.05,2.0,3.0,0.02,1.0,1.5,-41.95360943424255,-41.95360943424255,0.0,1387.014605852856,1578.2298463370544,41.109433444681144,0.0,2965.244452189911,233.0,COMPLETE
25,41.109433444681144,2026-06-17 00:44:25.571300,2026-06-17 00:50:25.642068,0 days 00:06:00.070768,3.0,0.05,2.0,3.0,0.02,1.0,1.5,-41.95360943424255,-41.95360943424255,0.0,1387.014605852856,1578.2298463370544,41.109433444681144,0.0,2965.244452189911,233.0,COMPLETE
26,36.3946545925902,2026-06-17 00:44:30.107567,2026-06-17 00:50:30.762320,0 days 00:06:00.654753,3.0,0.05,2.0,3.0,0.02,1.0,1.3,-41.95360943424255,-41.95360943424255,0.0,1142.3014068084437,1509.776521853715,36.3946545925902,0.0,2652.077928662159,235.0,COMPLETE
27,45.85699221792098,2026-06-17 00:44:30.897281,2026-06-17 00:50:30.661220,0 days 00:05:59.763939,3.5,0.02,2.0,3.0,0.02,1.0,1.4,-41.95360943424255,-41.95360943424255,0.0,1541.477409211754,1754.5208733230625,45.85699221792098,0.0,3295.9982825348156,234.0,COMPLETE
28,45.85699221792098,2026-06-17 00:44:33.221480,2026-06-17 00:50:32.044674,0 days 00:05:58.823194,3.5,0.02,2.0,2.9000000000000004,0.02,1.0,1.4,-41.95360943424255,-41.95360943424255,0.0,1541.477409211754,1754.5208733230625,45.85699221792098,0.0,3295.9982825348156,234.0,COMPLETE
29,40.14268744853794,2026-06-17 00:44:34.959796,2026-06-17 00:50:33.269696,0 days 00:05:58.309900,3.0,0.02,1.9000000000000001,3.0,0.02,1.0,1.4,-41.95360943424255,-41.95360943424255,0.0,1363.4206020276524,1521.6006393132232,40.14268744853794,0.0,2885.021241340875,234.0,COMPLETE
30,40.14268744853794,2026-06-17 00:44:40.138674,2026-06-17 00:50:37.515803,0 days 00:05:57.377129,3.0,0.03,2.0,2.9000000000000004,0.02,1.1,1.4,-41.95360943424255,-41.95360943424255,0.0,1363.4206020276524,1521.6006393132232,40.14268744853794,0.0,2885.021241340875,234.0,COMPLETE
31,40.14268744853794,2026-06-17 00:44:46.982591,2026-06-17 00:50:45.948354,0 days 00:05:58.965763,3.0,0.03,2.0,3.0,0.02,1.0,1.4,-41.95360943424255,-41.95360943424255,0.0,1363.4206020276524,1521.6006393132232,40.14268744853794,0.0,2885.021241340875,234.0,COMPLETE
32,40.14268744853794,2026-06-17 00:44:49.190018,2026-06-17 00:50:49.125533,0 days 00:05:59.935515,3.0,0.03,2.0,3.0,0.02,1.0,1.4,-41.95360943424255,-41.95360943424255,0.0,1363.4206020276524,1521.6006393132232,40.14268744853794,0.0,2885.021241340875,234.0,COMPLETE
33,52.59589532959475,2026-06-17 00:44:53.410169,2026-06-17 00:50:50.327247,0 days 00:05:56.917078,5.0,0.02,2.0,2.8,0.02,1.0,1.3,-41.95360943424255,-41.95360943424255,0.0,1622.1166975923886,2385.209626986641,52.59589532959475,0.0,4007.32632457903,235.0,COMPLETE
34,2.7017439372717713,2026-06-17 00:44:57.590526,2026-06-17 00:50:54.998458,0 days 00:05:57.407932,5.0,0.02,0.8,2.8,0.02,1.0,1.3,-41.95360943424255,-41.95360943424255,-240.96606841013696,1421.897569568395,2344.462686600498,2.7017439372717713,0.0,4007.32632457903,272.0,COMPLETE
35,40.14268744853794,2026-06-17 00:45:03.176985,2026-06-17 00:51:00.697244,0 days 00:05:57.520259,3.0,0.05,2.0,3.0,0.02,1.0,1.4,-41.95360943424255,-41.95360943424255,0.0,1363.4206020276524,1521.6006393132232,40.14268744853794,0.0,2885.021241340875,234.0,COMPLETE
36,42.10322343103465,2026-06-17 00:45:16.893942,2026-06-17 00:51:10.219020,0 days 00:05:53.325078,3.5,0.05,2.0,2.7,0.02,1.0,1.3,-41.95360943424255,-41.95360943424255,0.0,1307.6183127105985,1754.761730257631,42.10322343103465,0.0,3062.3800429682283,235.0,COMPLETE
37,42.10322343103465,2026-06-17 00:50:25.711515,2026-06-17 00:56:14.378061,0 days 00:05:48.666546,3.5,0.03,1.9000000000000001,2.8,0.02,1.2,1.3,-41.95360943424255,-41.95360943424255,0.0,1307.6183127105985,1754.761730257631,42.10322343103465,0.0,3062.3800429682283,235.0,COMPLETE
38,40.622685333764785,2026-06-17 00:50:30.802826,2026-06-17 00:56:19.500888,0 days 00:05:48.698062,4.5,0.03,1.8,2.7,0.01,1.2,1.2,-41.95360943424255,-41.95360943424255,0.0,1408.6828043322923,2009.9829613298045,40.622685333764785,0.0,3418.6657656620973,235.0,COMPLETE
39,40.622685333764785,2026-06-17 00:50:30.839839,2026-06-17 00:56:20.193120,0 days 00:05:49.353281,4.5,0.03,1.8,2.7,0.01,1.2,1.2,-41.95360943424255,-41.95360943424255,0.0,1408.6828043322923,2009.9829613298045,40.622685333764785,0.0,3418.6657656620973,235.0,COMPLETE
40,40.622685333764785,2026-06-17 00:50:32.109960,2026-06-17 00:56:19.922488,0 days 00:05:47.812528,4.5,0.03,1.8,2.7,0.01,1.2,1.2,-41.95360943424255,-41.95360943424255,0.0,1408.6828043322923,2009.9829613298045,40.622685333764785,0.0,3418.6657656620973,235.0,COMPLETE
41,29.62337021818024,2026-06-17 00:50:33.339020,2026-06-17 00:56:22.431199,0 days 00:05:49.092179,2.5,0.03,1.3,2.7,0.01,1.2,1.7000000000000002,-41.95360943424255,-41.95360943424255,50.28068692334091,1339.8425944260227,1075.333553824932,29.62337021818024,0.0,2364.8954613276137,200.0,COMPLETE
42,13.886586200108805,2026-06-17 00:50:37.580115,2026-06-17 00:56:24.836221,0 days 00:05:47.256106,2.5,0.03,1.3,2.7,0.01,1.2,1.2,-41.95360943424255,-41.95360943424255,50.28068692334091,838.9696591683252,1203.4479651767072,13.886586200108805,0.0,1992.1369374216922,241.0,COMPLETE
43,20.298344593373507,2026-06-17 00:50:46.016765,2026-06-17 00:56:35.523232,0 days 00:05:49.506467,3.5,0.02,1.3,2.7,0.01,1.2,1.2,-41.95360943424255,-41.95360943424255,50.28068692334091,1171.791969107029,1656.749231436668,20.298344593373507,0.0,2778.2605136203574,241.0,COMPLETE
44,41.23180005895092,2026-06-17 00:50:49.197022,2026-06-17 00:56:38.502977,0 days 00:05:49.305955,3.5,0.02,1.8,2.7,0.01,1.2,1.7000000000000002,-41.95360943424255,-41.95360943424255,0.0,1733.1253263140693,1345.390044061515,41.23180005895092,0.0,3078.5153703755855,194.0,COMPLETE
45,40.622685333764785,2026-06-17 00:50:50.408249,2026-06-17 00:56:39.548736,0 days 00:05:49.140487,4.5,0.05,1.8,2.7,0.01,1.2,1.2,-41.95360943424255,-41.95360943424255,0.0,1408.6828043322923,2009.9829613298045,40.622685333764785,0.0,3418.6657656620973,235.0,COMPLETE
46,40.622685333764785,2026-06-17 00:50:55.078522,2026-06-17 00:56:41.163196,0 days 00:05:46.084674,4.5,0.05,1.8,2.7,0.01,1.2,1.2,-41.95360943424255,-41.95360943424255,0.0,1408.6828043322923,2009.9829613298045,40.622685333764785,0.0,3418.6657656620973,235.0,COMPLETE
47,45.50116493139587,2026-06-17 00:51:00.776006,2026-06-17 00:56:49.337781,0 days 00:05:48.561775,4.5,0.03,1.8,2.6,0.01,1.2,1.7000000000000002,-41.95360943424255,-41.95360943424255,0.0,1986.1549730735262,1599.261827523531,45.50116493139587,0.0,3585.4168005970614,194.0,COMPLETE
48,-1390.0,2026-06-17 00:51:10.301584,2026-06-17 00:56:55.044926,0 days 00:05:44.743342,2.0,0.04,1.8,2.6,0.01,1.2,1.7000000000000002,-41.95360943424255,-41.95360943424255,0.0,7.781011026100126,18.65213957945143,-1390.0,0.0,26.433150605551553,11.0,COMPLETE
49,45.50116493139587,2026-06-17 00:56:14.456550,2026-06-17 01:02:03.720528,0 days 00:05:49.263978,4.5,0.04,1.8,2.6,0.01,1.2,1.7000000000000002,-41.95360943424255,-41.95360943424255,0.0,1986.1549730735262,1599.261827523531,45.50116493139587,0.0,3585.4168005970614,194.0,COMPLETE
50,23.00717820246059,2026-06-17 00:56:19.579456,2026-06-17 01:02:09.286694,0 days 00:05:49.707238,2.0,0.04,1.3,2.5,0.03,1.1,1.7000000000000002,-41.95360943424255,-41.95360943424255,109.53149516913155,846.5123283180243,1420.944512988509,23.00717820246059,0.0,2157.925346137402,243.0,COMPLETE
51,23.00717820246059,2026-06-17 00:56:20.002630,2026-06-17 01:02:08.991683,0 days 00:05:48.989053,2.0,0.04,1.3,2.5,0.03,1.1,1.7000000000000002,-41.95360943424255,-41.95360943424255,109.53149516913155,846.5123283180243,1420.944512988509,23.00717820246059,0.0,2157.925346137402,243.0,COMPLETE
52,27.28134227373068,2026-06-17 00:56:20.340638,2026-06-17 01:02:09.914820,0 days 00:05:49.574182,2.5,0.04,1.4,2.4000000000000004,0.03,1.1,1.7000000000000002,-41.95360943424255,-41.95360943424255,108.58418311716986,1119.564868786946,1677.7254212206756,27.28134227373068,0.0,2688.7061068904513,240.0,COMPLETE
53,50.598468838248834,2026-06-17 00:56:22.511885,2026-06-17 01:02:11.936384,0 days 00:05:49.424499,4.0,0.02,1.7000000000000002,2.5,0.03,1.1,1.6,-41.95360943424255,-41.95360943424255,-55.67808390522566,1641.2966113247035,2061.3265909998204,50.598468838248834,0.0,3758.3012862297496,234.0,COMPLETE
54,50.598468838248834,2026-06-17 00:56:24.907967,2026-06-17 01:02:12.185946,0 days 00:05:47.277979,4.0,0.02,1.7000000000000002,2.5,0.03,1.1,1.6,-41.95360943424255,-41.95360943424255,-55.67808390522566,1641.2966113247035,2061.3265909998204,50.598468838248834,0.0,3758.3012862297496,234.0,COMPLETE
55,50.598468838248834,2026-06-17 00:56:35.600450,2026-06-17 01:02:25.668220,0 days 00:05:50.067770,4.0,0.04,1.7000000000000002,2.5,0.03,1.1,1.6,-41.95360943424255,-41.95360943424255,-55.67808390522566,1641.2966113247035,2061.3265909998204,50.598468838248834,0.0,3758.3012862297496,234.0,COMPLETE
56,29.005676358912783,2026-06-17 00:56:38.579224,2026-06-17 01:02:28.834374,0 days 00:05:50.255150,4.0,0.04,1.7000000000000002,2.5,0.03,1.1,1.0,-41.95360943424255,-41.95360943424255,-55.67808390522566,1100.6341521154613,1648.5631512701927,29.005676358912783,0.0,2804.8753872908806,237.0,COMPLETE
57,32.146106669573165,2026-06-17 00:56:39.615491,2026-06-17 01:02:29.943066,0 days 00:05:50.327575,4.0,0.04,1.9000000000000001,2.4000000000000004,0.04,1.1,1.0,-41.95360943424255,-41.95360943424255,0.0,1156.312236020687,1648.5631512701927,32.146106669573165,0.0,2804.8753872908806,236.0,COMPLETE
58,32.146106669573165,2026-06-17 00:56:41.231649,2026-06-17 01:02:28.829683,0 days 00:05:47.598034,4.0,0.04,1.9000000000000001,2.5,0.03,1.1,1.0,-41.95360943424255,-41.95360943424255,0.0,1156.312236020687,1648.5631512701927,32.146106669573165,0.0,2804.8753872908806,236.0,COMPLETE
59,51.48629920438754,2026-06-17 00:56:49.406034,2026-06-17 01:02:39.465268,0 days 00:05:50.059234,4.0,0.04,1.9000000000000001,2.5,0.03,1.1,1.6,-41.95360943424255,-41.95360943424255,0.0,1696.9746952299292,2061.3265909998204,51.48629920438754,0.0,3758.3012862297496,233.0,COMPLETE
60,51.350158943819885,2026-06-17 00:56:55.114379,2026-06-17 01:02:42.126256,0 days 00:05:47.011877,4.0,0.06,1.9000000000000001,2.5,0.03,1.1,1.5,-41.95360943424255,-41.95360943424255,0.0,1696.8294330163326,2022.559590978087,51.350158943819885,0.0,3719.3890239944203,233.0,COMPLETE
61,32.146106669573165,2026-06-17 01:02:03.794183,2026-06-17 01:07:53.247252,0 days 00:05:49.453069,4.0,0.06,1.9000000000000001,2.5,0.03,1.1,1.0,-41.95360943424255,-41.95360943424255,0.0,1156.312236020687,1648.5631512701927,32.146106669573165,0.0,2804.8753872908806,236.0,COMPLETE
62,32.146106669573165,2026-06-17 01:02:09.126730,2026-06-17 01:07:56.563936,0 days 00:05:47.437206,4.0,0.02,1.9000000000000001,2.4000000000000004,0.03,1.1,1.0,-41.95360943424255,-41.95360943424255,0.0,1156.312236020687,1648.5631512701927,32.146106669573165,0.0,2804.8753872908806,236.0,COMPLETE
63,51.350158943819885,2026-06-17 01:02:09.426382,2026-06-17 01:07:59.053971,0 days 00:05:49.627589,4.0,0.02,1.9000000000000001,2.9000000000000004,0.03,1.1,1.5,-41.95360943424255,-41.95360943424255,0.0,1696.8294330163326,2022.559590978087,51.350158943819885,0.0,3719.3890239944203,233.0,COMPLETE
64,32.146106669573165,2026-06-17 01:02:09.989226,2026-06-17 01:07:58.380625,0 days 00:05:48.391399,4.0,0.02,1.9000000000000001,2.9000000000000004,0.04,1.3,1.0,-41.95360943424255,-41.95360943424255,0.0,1156.312236020687,1648.5631512701927,32.146106669573165,0.0,2804.8753872908806,236.0,COMPLETE
65,34.98006775799339,2026-06-17 01:02:12.096189,2026-06-17 01:08:01.848506,0 days 00:05:49.752317,4.0,0.06,1.6,2.2,0.04,1.3,1.6,-41.95360943424255,-41.95360943424255,29.809543830089623,1828.529434818698,1521.3912113616493,34.98006775799339,0.0,3320.1111023502585,199.0,COMPLETE
66,-1350.0,2026-06-17 01:02:12.285693,2026-06-17 01:07:57.443989,0 days 00:05:45.158296,4.0,0.06,1.6,2.2,0.04,1.3,2.1,-41.95360943424255,-41.95360943424255,29.809543830089623,9.659164217714235,36.54561433946895,-1350.0,0.0,16.39523472709355,15.0,COMPLETE
67,34.98006775799339,2026-06-17 01:02:25.742236,2026-06-17 01:08:17.164830,0 days 00:05:51.422594,4.0,0.06,1.6,2.2,0.04,1.3,1.6,-41.95360943424255,-41.95360943424255,29.809543830089623,1828.529434818698,1521.3912113616493,34.98006775799339,0.0,3320.1111023502585,199.0,COMPLETE
68,40.78693200820241,2026-06-17 01:02:28.909865,2026-06-17 01:08:15.920472,0 days 00:05:47.010607,5.0,0.06,1.6,2.2,0.04,1.3,1.6,-41.95360943424255,-41.95360943424255,29.809543830089623,2058.7429454262638,1744.9055615461607,40.78693200820241,0.0,3773.8389631423333,199.0,COMPLETE
69,40.78693200820241,2026-06-17 01:02:28.928581,2026-06-17 01:08:17.702200,0 days 00:05:48.773619,5.0,0.06,1.6,2.2,0.04,1.3,1.6,-41.95360943424255,-41.95360943424255,29.809543830089623,2058.7429454262638,1744.9055615461607,40.78693200820241,0.0,3773.8389631423333,199.0,COMPLETE
70,29.15119957468406,2026-06-17 01:02:30.016675,2026-06-17 01:08:19.789634,0 days 00:05:49.772959,5.0,0.06,1.6,2.1,0.04,1.3,1.6,-41.95360943424255,-41.95360943424255,-148.5102204436302,1858.7793450766674,1766.5493976220373,29.15119957468406,0.0,3773.8389631423333,199.0,COMPLETE
71,-1350.0,2026-06-17 01:02:39.532179,2026-06-17 01:08:27.997481,0 days 00:05:48.465302,5.0,0.02,1.6,2.2,0.04,1.3,2.1,-41.95360943424255,-41.95360943424255,29.809543830089623,2.3463174613833218,40.48367535409424,-1350.0,0.0,13.02044898538793,15.0,COMPLETE
72,29.15119957468406,2026-06-17 01:02:42.198738,2026-06-17 01:08:29.052730,0 days 00:05:46.853992,5.0,0.06,1.6,2.1,0.04,1.3,1.6,-41.95360943424255,-41.95360943424255,-148.5102204436302,1858.7793450766674,1766.5493976220373,29.15119957468406,0.0,3773.8389631423333,199.0,COMPLETE
73,40.78693200820241,2026-06-17 01:07:53.319100,2026-06-17 01:13:41.486280,0 days 00:05:48.167180,5.0,0.02,1.6,2.2,0.04,1.3,1.6,-41.95360943424255,-41.95360943424255,29.809543830089623,2058.7429454262638,1744.9055615461607,40.78693200820241,0.0,3773.8389631423333,199.0,COMPLETE
74,40.78693200820241,2026-06-17 01:07:56.640052,2026-06-17 01:13:44.526334,0 days 00:05:47.886282,5.0,0.01,1.6,2.2,0.04,1.3,1.6,-41.95360943424255,-41.95360943424255,29.809543830089623,2058.7429454262638,1744.9055615461607,40.78693200820241,0.0,3773.8389631423333,199.0,COMPLETE
75,46.00117359969769,2026-06-17 01:07:57.512108,2026-06-17 01:13:44.253199,0 days 00:05:46.741091,5.0,0.01,1.7000000000000002,2.3,0.04,1.3,1.6,-41.95360943424255,-41.95360943424255,-103.9308933057406,1926.8359174501868,1743.0721523864074,46.00117359969769,0.0,3773.8389631423333,195.0,COMPLETE
76,54.6744853640922,2026-06-17 01:07:58.463164,2026-06-17 01:13:46.745814,0 days 00:05:48.282650,5.0,0.01,1.7000000000000002,2.3,0.03,1.1,1.6,-41.95360943424255,-41.95360943424255,-103.9308933057406,1783.3361692734707,2427.6706036676674,54.6744853640922,0.0,4314.937666246876,236.0,COMPLETE
77,46.00117359969769,2026-06-17 01:07:59.141737,2026-06-17 01:13:48.679844,0 days 00:05:49.538107,5.0,0.01,1.7000000000000002,2.3,0.03,1.3,1.6,-41.95360943424255,-41.95360943424255,-103.9308933057406,1926.8359174501868,1743.0721523864074,46.00117359969769,0.0,3773.8389631423333,195.0,COMPLETE
78,54.6744853640922,2026-06-17 01:08:01.926399,2026-06-17 01:13:52.779307,0 days 00:05:50.852908,5.0,0.01,1.7000000000000002,2.3,0.03,1.1,1.6,-41.95360943424255,-41.95360943424255,-103.9308933057406,1783.3361692734707,2427.6706036676674,54.6744853640922,0.0,4314.937666246876,236.0,COMPLETE
79,45.21399461979718,2026-06-17 01:08:15.985149,2026-06-17 01:14:02.102927,0 days 00:05:46.117778,5.0,0.01,1.7000000000000002,2.3,0.03,1.1,1.5,-41.95360943424255,-41.95360943424255,-103.9308933057406,1801.1320487438418,2413.908689218874,45.21399461979718,0.0,4318.971631268454,236.0,COMPLETE
80,45.21399461979718,2026-06-17 01:08:17.241357,2026-06-17 01:14:08.301323,0 days 00:05:51.059966,5.0,0.01,1.7000000000000002,2.3,0.03,1.1,1.5,-41.95360943424255,-41.95360943424255,-103.9308933057406,1801.1320487438418,2413.908689218874,45.21399461979718,0.0,4318.971631268454,236.0,COMPLETE
81,41.598385595054296,2026-06-17 01:08:17.774617,2026-06-17 01:14:07.231051,0 days 00:05:49.456434,4.5,0.01,1.7000000000000002,2.3,0.03,1.1,1.5,-41.95360943424255,-41.95360943424255,-103.9308933057406,1692.7451532522036,2247.0940673380833,41.598385595054296,0.0,4043.770113896027,236.0,COMPLETE
82,23.619955330119566,2026-06-17 01:08:19.872170,2026-06-17 01:14:09.865398,0 days 00:05:49.993228,4.5,0.01,1.7000000000000002,2.3,0.03,1.8,1.5,-41.95360943424255,-41.95360943424255,-103.9308933057406,1482.9049022932834,1337.203797105764,23.619955330119566,0.0,2924.0395927047894,154.0,COMPLETE
83,46.57275276975078,2026-06-17 01:08:28.075040,2026-06-17 01:14:18.233085,0 days 00:05:50.158045,3.5,0.01,1.7000000000000002,2.8,0.03,1.1,1.5,-41.95360943424255,-41.95360943424255,0.0,1556.022083336871,1807.7716466607815,46.57275276975078,0.0,3363.7937299976525,233.0,COMPLETE
84,46.57275276975078,2026-06-17 01:08:29.124941,2026-06-17 01:14:17.336665,0 days 00:05:48.211724,3.5,0.01,1.7000000000000002,2.8,0.03,1.1,1.5,-41.95360943424255,-41.95360943424255,0.0,1556.022083336871,1807.7716466607815,46.57275276975078,0.0,3363.7937299976525,233.0,COMPLETE
85,46.57275276975078,2026-06-17 01:13:41.557173,2026-06-17 01:19:30.118830,0 days 00:05:48.561657,3.5,0.01,1.7000000000000002,2.8,0.03,1.1,1.5,-41.95360943424255,-41.95360943424255,0.0,1556.022083336871,1807.7716466607815,46.57275276975078,0.0,3363.7937299976525,233.0,COMPLETE
86,46.57275276975078,2026-06-17 01:13:44.363665,2026-06-17 01:19:31.471269,0 days 00:05:47.107604,3.5,0.01,1.7000000000000002,2.8,0.03,1.1,1.5,-41.95360943424255,-41.95360943424255,0.0,1556.022083336871,1807.7716466607815,46.57275276975078,0.0,3363.7937299976525,233.0,COMPLETE
87,46.57275276975078,2026-06-17 01:13:44.753740,2026-06-17 01:19:32.340862,0 days 00:05:47.587122,3.5,0.02,1.7000000000000002,2.8,0.03,1.1,1.5,-41.95360943424255,-41.95360943424255,0.0,1556.022083336871,1807.7716466607815,46.57275276975078,0.0,3363.7937299976525,233.0,COMPLETE
88,54.796509842480745,2026-06-17 01:13:46.833371,2026-06-17 01:19:36.282868,0 days 00:05:49.449497,4.5,0.01,1.7000000000000002,2.8,0.03,1.1,1.5,-41.95360943424255,-41.95360943424255,0.0,1815.6360076791589,2228.134106216869,54.796509842480745,0.0,4043.770113896027,233.0,COMPLETE
89,54.796509842480745,2026-06-17 01:13:48.765295,2026-06-17 01:19:39.152426,0 days 00:05:50.387131,4.5,0.01,1.7000000000000002,2.8,0.03,1.1,1.5,-41.95360943424255,-41.95360943424255,0.0,1815.6360076791589,2228.134106216869,54.796509842480745,0.0,4043.770113896027,233.0,COMPLETE
90,51.19962015099691,2026-06-17 01:13:52.862935,2026-06-17 01:19:42.947941,0 days 00:05:50.085006,4.5,0.01,1.5,2.8,0.03,1.1,1.5,-41.95360943424255,-41.95360943424255,-55.06854546076955,1760.5674622183892,2228.134106216869,51.19962015099691,0.0,4043.770113896027,234.0,COMPLETE
91,52.98910850674816,2026-06-17 01:14:02.185949,2026-06-17 01:19:48.586022,0 days 00:05:46.400073,4.5,0.01,1.5,2.8,0.03,1.0,1.8,-41.95360943424255,-41.95360943424255,-55.06854546076955,1767.9465003843736,2328.564785949057,52.98910850674816,0.0,4151.5798317942035,233.0,COMPLETE
92,52.98910850674816,2026-06-17 01:14:07.313403,2026-06-17 01:19:56.246997,0 days 00:05:48.933594,4.5,0.01,1.5,2.8,0.03,1.0,1.8,-41.95360943424255,-41.95360943424255,-55.06854546076955,1767.9465003843736,2328.564785949057,52.98910850674816,0.0,4151.5798317942035,233.0,COMPLETE
93,53.868778910258634,2026-06-17 01:14:08.386539,2026-06-17 01:19:59.844546,0 days 00:05:51.458007,4.5,0.02,1.9000000000000001,2.4000000000000004,0.03,1.0,1.8,-41.95360943424255,-41.95360943424255,0.0,1823.0150458451433,2328.564785949057,53.868778910258634,0.0,4151.5798317942035,232.0,COMPLETE
94,52.98910850674816,2026-06-17 01:14:09.951139,2026-06-17 01:20:00.738560,0 days 00:05:50.787421,4.5,0.02,1.5,2.8,0.03,1.0,1.8,-41.95360943424255,-41.95360943424255,-55.06854546076955,1767.9465003843736,2328.564785949057,52.98910850674816,0.0,4151.5798317942035,233.0,COMPLETE
95,54.99442620157034,2026-06-17 01:14:17.420640,2026-06-17 01:20:05.118138,0 days 00:05:47.697498,4.5,0.02,1.5,2.4000000000000004,0.03,1.0,1.8,-41.95360943424255,-41.95360943424255,70.31009530174768,1822.115088186404,2399.774838909544,54.99442620157034,0.0,4151.5798317942035,238.0,COMPLETE
96,54.99442620157034,2026-06-17 01:14:18.330970,2026-06-17 01:20:08.778123,0 days 00:05:50.447153,4.5,0.02,1.5,2.4000000000000004,0.03,1.0,1.8,-41.95360943424255,-41.95360943424255,70.31009530174768,1822.115088186404,2399.774838909544,54.99442620157034,0.0,4151.5798317942035,238.0,COMPLETE
97,53.868778910258634,2026-06-17 01:19:30.199012,2026-06-17 01:25:19.350697,0 days 00:05:49.151685,4.5,0.02,1.9000000000000001,2.4000000000000004,0.03,1.0,1.8,-41.95360943424255,-41.95360943424255,0.0,1823.0150458451433,2328.564785949057,53.868778910258634,0.0,4151.5798317942035,232.0,COMPLETE
98,54.99442620157034,2026-06-17 01:19:31.563243,2026-06-17 01:25:18.954160,0 days 00:05:47.390917,4.5,0.02,1.5,2.4000000000000004,0.03,1.0,1.8,-41.95360943424255,-41.95360943424255,70.31009530174768,1822.115088186404,2399.774838909544,54.99442620157034,0.0,4151.5798317942035,238.0,COMPLETE
99,54.99442620157034,2026-06-17 01:19:32.425244,2026-06-17 01:25:20.220437,0 days 00:05:47.795193,4.5,0.02,1.5,2.4000000000000004,0.03,1.0,1.8,-41.95360943424255,-41.95360943424255,70.31009530174768,1822.115088186404,2399.774838909544,54.99442620157034,0.0,4151.5798317942035,238.0,COMPLETE
100,52.19009813169644,2026-06-17 01:19:36.376751,2026-06-17 01:25:24.525774,0 days 00:05:48.149023,4.5,0.02,1.5,2.6,0.03,1.0,1.8,-41.95360943424255,-41.95360943424255,-104.62791779469285,1701.6148142988557,2345.337099700652,52.19009813169644,0.0,4151.5798317942035,235.0,COMPLETE
101,52.99196934647264,2026-06-17 01:19:39.243630,2026-06-17 01:25:28.224790,0 days 00:05:48.981160,4.5,0.01,1.5,2.9000000000000004,0.03,1.0,1.8,-41.95360943424255,-41.95360943424255,-54.893221179270135,1768.1218246658734,2328.564785949057,52.99196934647264,0.0,4151.5798317942035,233.0,COMPLETE
102,52.99196934647264,2026-06-17 01:19:43.044390,2026-06-17 01:25:32.739216,0 days 00:05:49.694826,4.5,0.01,1.5,2.9000000000000004,0.02,1.0,1.8,-41.95360943424255,-41.95360943424255,-54.893221179270135,1768.1218246658734,2328.564785949057,52.99196934647264,0.0,4151.5798317942035,233.0,COMPLETE
103,51.945296726193504,2026-06-17 01:19:48.670815,2026-06-17 01:25:33.970441,0 days 00:05:45.299626,4.5,0.01,1.4,2.9000000000000004,0.03,1.0,1.8,-41.95360943424255,-41.95360943424255,-120.21802147313193,1702.7970243720117,2328.564785949057,51.945296726193504,0.0,4151.5798317942035,234.0,COMPLETE
104,52.99196934647264,2026-06-17 01:19:56.330104,2026-06-17 01:25:44.676335,0 days 00:05:48.346231,4.5,0.01,1.5,2.9000000000000004,0.03,1.0,1.8,-41.95360943424255,-41.95360943424255,-54.893221179270135,1768.1218246658734,2328.564785949057,52.99196934647264,0.0,4151.5798317942035,233.0,COMPLETE
105,52.19009813169644,2026-06-17 01:19:59.932841,2026-06-17 01:25:50.667280,0 days 00:05:50.734439,4.5,0.01,1.5,2.6,0.02,1.0,1.8,-41.95360943424255,-41.95360943424255,-104.62791779469285,1701.6148142988557,2345.337099700652,52.19009813169644,0.0,4151.5798317942035,235.0,COMPLETE
106,52.19009813169644,2026-06-17 01:20:00.821928,2026-06-17 01:25:51.255072,0 days 00:05:50.433144,4.5,0.01,1.5,2.6,0.02,1.0,1.8,-41.95360943424255,-41.95360943424255,-104.62791779469285,1701.6148142988557,2345.337099700652,52.19009813169644,0.0,4151.5798317942035,235.0,COMPLETE
107,54.76872010528625,2026-06-17 01:20:05.205076,2026-06-17 01:25:51.969484,0 days 00:05:46.764408,4.5,0.01,1.4,2.6,0.02,1.0,1.8,-41.95360943424255,-41.95360943424255,56.44235139558144,1813.7247753453305,2394.297407844451,54.76872010528625,0.0,4151.5798317942035,238.0,COMPLETE
108,51.03522142232289,2026-06-17 01:20:08.862768,2026-06-17 01:25:59.033681,0 days 00:05:50.170913,4.5,0.01,1.4,2.6,0.03,1.0,2.0,-41.95360943424255,-41.95360943424255,56.44235139558144,1664.3641190332294,2341.673474563134,51.03522142232289,0.0,3949.595242200783,238.0,COMPLETE
109,43.277814005396,2026-06-17 01:25:19.033919,2026-06-17 01:31:05.500380,0 days 00:05:46.466461,4.5,0.01,1.4,2.4000000000000004,0.03,1.0,2.0,-41.95360943424255,-41.95360943424255,106.50117380310205,1485.3307420838019,2570.7656739200825,43.277814005396,0.0,3949.595242200783,240.0,COMPLETE
110,43.277814005396,2026-06-17 01:25:19.432174,2026-06-17 01:31:08.111140,0 days 00:05:48.678966,4.5,0.02,1.4,2.4000000000000004,0.03,1.0,2.0,-41.95360943424255,-41.95360943424255,106.50117380310205,1485.3307420838019,2570.7656739200825,43.277814005396,0.0,3949.595242200783,240.0,COMPLETE
111,43.277814005396,2026-06-17 01:25:20.298754,2026-06-17 01:31:07.595670,0 days 00:05:47.296916,4.5,0.02,1.4,2.4000000000000004,0.03,1.0,2.0,-41.95360943424255,-41.95360943424255,106.50117380310205,1485.3307420838019,2570.7656739200825,43.277814005396,0.0,3949.595242200783,240.0,COMPLETE
112,56.5955039542985,2026-06-17 01:25:24.604359,2026-06-17 01:31:13.302895,0 days 00:05:48.698536,4.5,0.02,1.2000000000000002,2.4000000000000004,0.03,1.0,2.0,-41.95360943424255,-41.95360943424255,397.97860301071154,1877.2979683039969,2470.2758769074962,56.5955039542985,0.0,3949.595242200783,251.0,COMPLETE
113,43.277814005396,2026-06-17 01:25:28.301051,2026-06-17 01:31:17.362668,0 days 00:05:49.061617,4.5,0.02,1.4,2.4000000000000004,0.03,1.0,2.0,-41.95360943424255,-41.95360943424255,106.50117380310205,1485.3307420838019,2570.7656739200825,43.277814005396,0.0,3949.595242200783,240.0,COMPLETE
114,43.277814005396,2026-06-17 01:25:32.816125,2026-06-17 01:31:22.427356,0 days 00:05:49.611231,4.5,0.02,1.4,2.4000000000000004,0.03,1.0,2.0,-41.95360943424255,-41.95360943424255,106.50117380310205,1485.3307420838019,2570.7656739200825,43.277814005396,0.0,3949.595242200783,240.0,COMPLETE
115,45.78432661837051,2026-06-17 01:25:34.053532,2026-06-17 01:31:19.120557,0 days 00:05:45.067025,4.5,0.02,1.4,2.4000000000000004,0.03,1.0,1.9,-41.95360943424255,-41.95360943424255,106.50117380310205,1558.2042668924403,2634.0509824537703,45.78432661837051,0.0,4085.754075543109,240.0,COMPLETE
116,45.78432661837051,2026-06-17 01:25:44.760550,2026-06-17 01:31:33.153329,0 days 00:05:48.392779,4.5,0.02,1.4,2.4000000000000004,0.03,1.0,1.9,-41.95360943424255,-41.95360943424255,106.50117380310205,1558.2042668924403,2634.0509824537703,45.78432661837051,0.0,4085.754075543109,240.0,COMPLETE
117,43.277814005396,2026-06-17 01:25:50.746533,2026-06-17 01:31:41.173777,0 days 00:05:50.427244,4.5,0.02,1.4,2.4000000000000004,0.03,1.0,2.0,-41.95360943424255,-41.95360943424255,106.50117380310205,1485.3307420838019,2570.7656739200825,43.277814005396,0.0,3949.595242200783,240.0,COMPLETE
118,43.277814005396,2026-06-17 01:25:51.337608,2026-06-17 01:31:41.672521,0 days 00:05:50.334913,4.5,0.02,1.4,2.4000000000000004,0.06,1.0,2.0,-41.95360943424255,-41.95360943424255,106.50117380310205,1485.3307420838019,2570.7656739200825,43.277814005396,0.0,3949.595242200783,240.0,COMPLETE
119,43.277814005396,2026-06-17 01:25:52.037137,2026-06-17 01:31:38.771678,0 days 00:05:46.734541,4.5,0.02,1.4,2.4000000000000004,0.03,1.0,2.0,-41.95360943424255,-41.95360943424255,106.50117380310205,1485.3307420838019,2570.7656739200825,43.277814005396,0.0,3949.595242200783,240.0,COMPLETE
120,48.092633712183435,2026-06-17 01:25:59.109586,2026-06-17 01:31:48.711578,0 days 00:05:49.601992,5.0,0.02,1.4,2.4000000000000004,0.03,1.0,1.9,-41.95360943424255,-41.95360943424255,106.50117380310205,1621.2553751582757,2768.3756446929997,48.092633712183435,0.0,4283.129846048172,240.0,COMPLETE
121,48.092633712183435,2026-06-17 01:31:05.572476,2026-06-17 01:36:52.433143,0 days 00:05:46.860667,5.0,0.02,1.4,2.4000000000000004,0.03,1.0,1.9,-41.95360943424255,-41.95360943424255,106.50117380310205,1621.2553751582757,2768.3756446929997,48.092633712183435,0.0,4283.129846048172,240.0,COMPLETE
122,61.38612108497082,2026-06-17 01:31:07.665309,2026-06-17 01:36:55.924579,0 days 00:05:48.259270,5.0,0.02,1.2000000000000002,2.4000000000000004,0.06,1.0,1.9,-41.95360943424255,-41.95360943424255,397.97860301071154,2013.22260137847,2667.8858476804144,61.38612108497082,0.0,4283.129846048172,251.0,COMPLETE
123,61.38612108497082,2026-06-17 01:31:08.189630,2026-06-17 01:36:57.055487,0 days 00:05:48.865857,5.0,0.02,1.2000000000000002,2.4000000000000004,0.06,1.0,1.9,-41.95360943424255,-41.95360943424255,397.97860301071154,2013.22260137847,2667.8858476804144,61.38612108497082,0.0,4283.129846048172,251.0,COMPLETE
124,45.21076628648472,2026-06-17 01:31:13.387145,2026-06-17 01:37:02.383660,0 days 00:05:48.996515,5.0,0.02,1.0,2.4000000000000004,0.03,1.0,1.9,-41.95360943424255,-41.95360943424255,-54.05252880373891,1984.7560367180274,2244.3212805264056,45.21076628648472,0.0,4283.129846048172,259.0,COMPLETE
125,19.789990019823307,2026-06-17 01:31:17.447442,2026-06-17 01:37:07.789453,0 days 00:05:50.342011,5.0,0.02,1.1,2.1,0.03,1.0,1.9,-41.95360943424255,-41.95360943424255,-204.56136784582378,1647.0450787141497,2431.5233994882,19.789990019823307,0.0,4283.129846048172,265.0,COMPLETE
126,58.193068324235185,2026-06-17 01:31:19.203603,2026-06-17 01:37:05.665274,0 days 00:05:46.461671,5.0,0.02,1.3,2.4000000000000004,0.03,1.0,1.9,-41.95360943424255,-41.95360943424255,202.0227439672762,1766.250151816853,2718.902438198598,58.193068324235185,0.0,4283.129846048172,244.0,COMPLETE
127,41.48353588404396,2026-06-17 01:31:22.514205,2026-06-17 01:37:12.590618,0 days 00:05:50.076413,5.0,0.02,1.1,2.3,0.03,1.0,1.9,-41.95360943424255,-41.95360943424255,-20.980224479160945,1993.4067315049926,2268.742890064019,41.48353588404396,0.0,4283.129846048172,255.0,COMPLETE
128,19.789990019823307,2026-06-17 01:31:33.236360,2026-06-17 01:37:22.842455,0 days 00:05:49.606095,5.0,0.02,1.1,2.1,0.02,1.0,1.9,-41.95360943424255,-41.95360943424255,-204.56136784582378,1647.0450787141497,2431.5233994882,19.789990019823307,0.0,4283.129846048172,265.0,COMPLETE
129,-1230.0,2026-06-17 01:31:38.850494,2026-06-17 01:37:25.310154,0 days 00:05:46.459660,5.0,0.02,1.3,2.3,0.02,1.0,2.2,-41.95360943424255,-41.95360943424255,377.4938064340805,170.96453019839018,228.37463657573954,-1230.0,0.0,21.84536034004926,27.0,COMPLETE
130,-1230.0,2026-06-17 01:31:41.266997,2026-06-17 01:37:30.991600,0 days 00:05:49.724603,5.0,0.02,1.2000000000000002,2.3,0.02,1.0,2.2,-41.95360943424255,-41.95360943424255,135.08532726024077,193.29988118629072,-36.369193586000776,-1230.0,0.0,21.84536034004926,27.0,COMPLETE
131,17.330355042528403,2026-06-17 01:31:41.760282,2026-06-17 01:37:32.201035,0 days 00:05:50.440753,5.0,0.02,1.2000000000000002,2.1,0.02,1.1,2.2,-41.95360943424255,-41.95360943424255,6.543261518371814,1620.156481606701,1219.7705372231114,17.330355042528403,0.0,2833.3837573114397,188.0,COMPLETE
132,44.13709579274238,2026-06-17 01:31:48.798250,2026-06-17 01:37:39.067714,0 days 00:05:50.269464,5.0,0.02,1.3,2.1,0.02,1.1,1.9,-41.95360943424255,-41.95360943424255,368.61604804903675,2154.107653440671,1833.9169521037086,44.13709579274238,0.0,3619.408557495343,213.0,COMPLETE
133,22.097130947932758,2026-06-17 01:36:52.511840,2026-06-17 01:42:39.652584,0 days 00:05:47.140744,5.0,0.02,1.1,2.1,0.03,1.0,1.7000000000000002,-41.95360943424255,-41.95360943424255,-204.56136784582378,1825.0476640587149,2352.5549540911575,22.097130947932758,0.0,4382.163985995696,265.0,COMPLETE
134,17.19165370944371,2026-06-17 01:36:56.009520,2026-06-17 01:42:43.164962,0 days 00:05:47.155442,5.0,0.02,1.1,2.3,0.06,1.1,2.2,-41.95360943424255,-41.95360943424255,-20.980224479160945,1597.8833319090024,1214.5202009232771,17.19165370944371,0.0,2833.3837573114397,188.0,COMPLETE
135,-4.4260285613603445,2026-06-17 01:36:57.146783,2026-06-17 01:42:45.168183,0 days 00:05:48.021400,5.0,0.02,1.1,2.1,0.06,1.1,2.2,-41.95360943424255,-41.95360943424255,-204.56136784582378,1251.5216791181585,1377.300710347458,-4.4260285613603445,0.0,2833.3837573114397,198.0,COMPLETE
136,17.330355042528403,2026-06-17 01:37:02.465937,2026-06-17 01:42:50.189535,0 days 00:05:47.723598,5.0,0.02,1.2000000000000002,2.1,0.06,1.1,2.2,-41.95360943424255,-41.95360943424255,6.543261518371814,1620.156481606701,1219.7705372231114,17.330355042528403,0.0,2833.3837573114397,188.0,COMPLETE
137,22.33207611303247,2026-06-17 01:37:05.747949,2026-06-17 01:42:51.215698,0 days 00:05:45.467749,5.0,0.02,1.2000000000000002,2.1,0.06,1.1,2.1,-41.95360943424255,-41.95360943424255,6.543261518371814,1767.2261299708678,1367.2868428883123,22.33207611303247,0.0,3127.969711340808,198.0,COMPLETE
138,31.95338838088523,2026-06-17 01:37:07.875829,2026-06-17 01:42:56.883877,0 days 00:05:49.008048,5.0,0.02,1.2000000000000002,2.3,0.06,1.1,2.1,-41.95360943424255,-41.95360943424255,135.08532726024077,1768.078218401487,1494.9768201995619,31.95338838088523,0.0,3127.969711340808,192.0,COMPLETE
139,26.955982649253688,2026-06-17 01:37:12.677742,2026-06-17 01:43:01.346271,0 days 00:05:48.668529,5.0,0.02,1.2000000000000002,2.3,0.06,1.1,2.2,-41.95360943424255,-41.95360943424255,135.08532726024077,1621.0085700373202,1347.4605145343614,26.955982649253688,0.0,2833.3837573114397,182.0,COMPLETE
140,31.95338838088523,2026-06-17 01:37:22.938590,2026-06-17 01:43:11.710301,0 days 00:05:48.771711,5.0,0.02,1.2000000000000002,2.3,0.06,1.1,2.1,-41.95360943424255,-41.95360943424255,135.08532726024077,1768.078218401487,1494.9768201995619,31.95338838088523,0.0,3127.969711340808,192.0,COMPLETE
141,62.40105659124301,2026-06-17 01:37:25.391365,2026-06-17 01:43:12.442282,0 days 00:05:47.050917,5.0,0.03,1.2000000000000002,2.5,0.06,1.1,1.7000000000000002,-41.95360943424255,-41.95360943424255,330.49695992638425,2153.429235929188,2559.231709992892,62.40105659124301,0.0,4382.163985995696,249.0,COMPLETE
142,62.40105659124301,2026-06-17 01:37:31.075367,2026-06-17 01:43:21.894866,0 days 00:05:50.819499,5.0,0.03,1.2000000000000002,2.5,0.06,1.1,1.7000000000000002,-41.95360943424255,-41.95360943424255,330.49695992638425,2153.429235929188,2559.231709992892,62.40105659124301,0.0,4382.163985995696,249.0,COMPLETE
143,62.40105659124301,2026-06-17 01:37:32.285591,2026-06-17 01:43:22.595850,0 days 00:05:50.310259,5.0,0.02,1.2000000000000002,2.5,0.06,1.1,1.7000000000000002,-41.95360943424255,-41.95360943424255,330.49695992638425,2153.429235929188,2559.231709992892,62.40105659124301,0.0,4382.163985995696,249.0,COMPLETE
144,-1200.0,2026-06-17 01:37:39.235120,2026-06-17 01:43:26.851508,0 days 00:05:47.616388,1.0,0.02,1.2000000000000002,2.5,0.06,1.1,1.7000000000000002,-42.866721052689634,-42.866721052689634,215.36092984741902,133.55767654883704,113.51312968083117,-1200.0,0.0,31.7098763822492,30.0,COMPLETE
145,50.038088411390355,2026-06-17 01:42:39.730528,2026-06-17 01:48:26.538040,0 days 00:05:46.807512,5.0,0.03,1.3,2.5,0.06,1.1,1.7000000000000002,-41.95360943424255,-41.95360943424255,78.76841311519246,1743.5410011378374,2717.391397973051,50.038088411390355,0.0,4382.163985995696,243.0,COMPLETE
146,-1160.0,2026-06-17 01:42:43.232397,2026-06-17 01:48:28.410213,0 days 00:05:45.177816,1.5,0.03,1.2000000000000002,2.5,0.06,1.1,1.7000000000000002,-41.95360943424255,-41.95360943424255,287.9330468825885,151.46856627045565,173.00072731139602,-1160.0,0.0,36.53624669926318,34.0,COMPLETE
147,62.40105659124301,2026-06-17 01:42:45.235649,2026-06-17 01:48:33.971811,0 days 00:05:48.736162,5.0,0.03,1.2000000000000002,2.5,0.05,1.1,1.7000000000000002,-41.95360943424255,-41.95360943424255,330.49695992638425,2153.429235929188,2559.231709992892,62.40105659124301,0.0,4382.163985995696,249.0,COMPLETE
148,-1200.0,2026-06-17 01:42:50.253866,2026-06-17 01:48:36.344813,0 days 00:05:46.090947,1.0,0.03,1.2000000000000002,2.5,0.05,1.1,1.7000000000000002,-42.866721052689634,-42.866721052689634,215.36092984741902,133.55767654883704,113.51312968083117,-1200.0,0.0,31.7098763822492,30.0,COMPLETE
149,60.109250960973434,2026-06-17 01:42:51.286301,2026-06-17 01:48:36.741776,0 days 00:05:45.455475,4.5,0.03,1.2000000000000002,2.5,0.05,1.1,1.7000000000000002,-41.95360943424255,-41.95360943424255,330.49695992638425,2069.363689819067,2420.7752920853573,60.109250960973434,0.0,4159.642021978043,249.0,COMPLETE
150,47.260219590515575,2026-06-17 01:42:56.954698,2026-06-17 01:48:46.801842,0 days 00:05:49.847144,4.5,0.01,1.3,2.5,0.05,1.0,1.7000000000000002,-41.95360943424255,-41.95360943424255,78.76841311519246,1659.4754550277162,2578.9349800655164,47.260219590515575,0.0,4159.642021978043,243.0,COMPLETE
151,47.260219590515575,2026-06-17 01:43:01.413290,2026-06-17 01:48:51.289517,0 days 00:05:49.876227,4.5,0.01,1.3,2.5,0.05,1.0,1.7000000000000002,-41.95360943424255,-41.95360943424255,78.76841311519246,1659.4754550277162,2578.9349800655164,47.260219590515575,0.0,4159.642021978043,243.0,COMPLETE
152,47.260219590515575,2026-06-17 01:43:11.779895,2026-06-17 01:49:00.285906,0 days 00:05:48.506011,4.5,0.03,1.3,2.5,0.05,1.0,1.7000000000000002,-41.95360943424255,-41.95360943424255,78.76841311519246,1659.4754550277162,2578.9349800655164,47.260219590515575,0.0,4159.642021978043,243.0,COMPLETE
153,47.260219590515575,2026-06-17 01:43:12.521452,2026-06-17 01:49:00.625471,0 days 00:05:48.104019,4.5,0.03,1.3,2.5,0.05,1.0,1.7000000000000002,-41.95360943424255,-41.95360943424255,78.76841311519246,1659.4754550277162,2578.9349800655164,47.260219590515575,0.0,4159.642021978043,243.0,COMPLETE
154,-1300.0,2026-06-17 01:43:21.976399,2026-06-17 01:49:10.481468,0 days 00:05:48.505069,1.0,0.03,1.3,2.5,0.05,1.2,1.7000000000000002,-42.866721052689634,-42.866721052689634,57.677620606323686,-91.73521713477233,168.68760843208668,-1300.0,0.0,19.274770690990675,20.0,COMPLETE
155,-1280.0,2026-06-17 01:43:22.676347,2026-06-17 01:49:10.893849,0 days 00:05:48.217502,1.5,0.03,1.3,2.5,0.05,1.2,1.7000000000000002,-41.95360943424255,-41.95360943424255,89.24746369963478,-146.69011878448083,255.76244543827926,-1280.0,0.0,19.824862954163663,22.0,COMPLETE
156,39.900064289025444,2026-06-17 01:43:26.933147,2026-06-17 01:49:16.416412,0 days 00:05:49.483265,5.0,0.03,1.3,2.5,0.05,1.2,1.7000000000000002,-41.95360943424255,-41.95360943424255,78.76841311519246,1823.9544450972837,2003.4639656573208,39.900064289025444,0.0,3748.6499976394134,205.0,COMPLETE
157,38.07178539460749,2026-06-17 01:48:26.616230,2026-06-17 01:54:13.072940,0 days 00:05:46.456710,4.5,0.03,1.3,2.5,0.05,1.2,1.7000000000000002,-41.95360943424255,-41.95360943424255,78.76841311519246,1742.114366259283,1922.070847452967,38.07178539460749,0.0,3585.4168005970614,205.0,COMPLETE
158,38.07178539460749,2026-06-17 01:48:28.489791,2026-06-17 01:54:16.263530,0 days 00:05:47.773739,4.5,0.01,1.3,2.5,0.05,1.2,1.7000000000000002,-41.95360943424255,-41.95360943424255,78.76841311519246,1742.114366259283,1922.070847452967,38.07178539460749,0.0,3585.4168005970614,205.0,COMPLETE
159,47.260219590515575,2026-06-17 01:48:34.051612,2026-06-17 01:54:22.518957,0 days 00:05:48.467345,4.5,0.03,1.3,2.5,0.05,1.0,1.7000000000000002,-41.95360943424255,-41.95360943424255,78.76841311519246,1659.4754550277162,2578.9349800655164,47.260219590515575,0.0,4159.642021978043,243.0,COMPLETE
160,38.26695057809757,2026-06-17 01:48:36.423124,2026-06-17 01:54:24.243734,0 days 00:05:47.820610,4.5,0.03,1.3,2.6,0.05,1.2,1.7000000000000002,-41.95360943424255,-41.95360943424255,85.23567207890292,1799.2443067648462,1871.408165911114,38.26695057809757,0.0,3585.4168005970614,202.0,COMPLETE
161,31.223295207847233,2026-06-17 01:48:36.821939,2026-06-17 01:54:23.574973,0 days 00:05:46.753034,4.5,0.03,1.0,2.5,0.05,1.2,1.7000000000000002,-41.95360943424255,-41.95360943424255,-68.48508829047847,2119.7177196599823,1397.2139926465968,31.223295207847233,0.0,3585.4168005970614,218.0,COMPLETE
162,40.09333186282175,2026-06-17 01:48:46.881804,2026-06-17 01:54:35.843976,0 days 00:05:48.962172,5.0,0.03,1.3,2.6,0.06,1.2,1.7000000000000002,-41.95360943424255,-41.95360943424255,85.23567207890292,1881.0843856028466,1952.801284115468,40.09333186282175,0.0,3748.6499976394134,202.0,COMPLETE
163,45.94807175605686,2026-06-17 01:48:51.373267,2026-06-17 01:54:41.090023,0 days 00:05:49.716756,4.5,0.03,1.2000000000000002,2.6,0.05,1.2,1.8,-41.95360943424255,-41.95360943424255,174.94510068300588,1857.2483778748435,1798.176789695,45.94807175605686,0.0,3480.4800668868415,202.0,COMPLETE
164,45.94807175605686,2026-06-17 01:49:00.365361,2026-06-17 01:54:49.540911,0 days 00:05:49.175550,4.5,0.03,1.2000000000000002,2.6,0.06,1.2,1.8,-41.95360943424255,-41.95360943424255,174.94510068300588,1857.2483778748435,1798.176789695,45.94807175605686,0.0,3480.4800668868415,202.0,COMPLETE
165,39.94139506423632,2026-06-17 01:49:00.737035,2026-06-17 01:54:48.487283,0 days 00:05:47.750248,5.0,0.03,1.0,2.6,0.06,1.2,1.8,-41.95360943424255,-41.95360943424255,51.93635116885962,2121.5599290030705,1556.4203737409794,39.94139506423632,0.0,3626.0439515751914,209.0,COMPLETE
166,39.94139506423632,2026-06-17 01:49:10.547652,2026-06-17 01:55:01.201997,0 days 00:05:50.654345,5.0,0.03,1.0,2.6,0.06,1.2,1.8,-41.95360943424255,-41.95360943424255,51.93635116885962,2121.5599290030705,1556.4203737409794,39.94139506423632,0.0,3626.0439515751914,209.0,COMPLETE
167,19.897387620150756,2026-06-17 01:49:10.965655,2026-06-17 01:55:01.087377,0 days 00:05:50.121722,4.5,0.03,1.2000000000000002,2.6,0.06,1.2,2.6,-41.95360943424255,-41.95360943424255,174.94510068300588,954.5115154112548,1093.9269649863797,19.897387620150756,0.0,1873.4933797146289,130.0,COMPLETE
168,16.449323020405195,2026-06-17 01:49:16.484902,2026-06-17 01:55:05.156210,0 days 00:05:48.671308,4.5,0.03,1.0,2.6,0.06,1.9,1.8,-41.95360943424255,-41.95360943424255,51.93635116885962,1379.338527373954,787.2091335450846,16.449323020405195,0.0,2114.611309750179,121.0,COMPLETE
169,56.69142616989394,2026-06-17 01:54:13.136903,2026-06-17 01:59:59.909561,0 days 00:05:46.772658,4.5,0.03,1.2000000000000002,2.6,0.06,1.1,1.8,-41.95360943424255,-41.95360943424255,174.94510068300588,1779.171818053737,2547.353114423469,56.69142616989394,0.0,4151.5798317942035,244.0,COMPLETE
170,45.807893889605964,2026-06-17 01:54:16.328522,2026-06-17 02:00:04.347049,0 days 00:05:48.018527,4.0,0.03,1.0,2.6,0.06,1.1,1.8,-41.95360943424255,-41.95360943424255,51.93635116885962,1873.6380500994576,2064.378628262017,45.807893889605964,0.0,3886.0803271926197,251.0,COMPLETE
171,24.874178875472396,2026-06-17 01:54:22.586808,2026-06-17 02:00:10.618824,0 days 00:05:48.032016,4.0,0.03,1.2000000000000002,2.6,0.06,1.9,1.8,-41.95360943424255,-41.95360943424255,174.94510068300588,1118.328735064123,1070.8590600785935,24.874178875472396,0.0,2014.24269445971,114.0,COMPLETE
172,54.23020781256118,2026-06-17 01:54:23.641064,2026-06-17 02:00:10.015340,0 days 00:05:46.374276,4.0,0.03,1.2000000000000002,2.6,0.06,1.1,1.8,-41.95360943424255,-41.95360943424255,174.94510068300588,1682.136167851196,2378.889260024425,54.23020781256118,0.0,3886.0803271926197,244.0,COMPLETE
173,59.33937199607248,2026-06-17 01:54:24.306621,2026-06-17 02:00:13.271966,0 days 00:05:48.965345,5.0,0.03,1.2000000000000002,2.6,0.06,1.1,1.8,-41.95360943424255,-41.95360943424255,174.94510068300588,1853.9158781963965,2686.6362561782603,59.33937199607248,0.0,4365.607033691652,244.0,COMPLETE
174,59.33937199607248,2026-06-17 01:54:35.914438,2026-06-17 02:00:25.720852,0 days 00:05:49.806414,5.0,0.03,1.2000000000000002,2.6,0.06,1.1,1.8,-41.95360943424255,-41.95360943424255,174.94510068300588,1853.9158781963965,2686.6362561782603,59.33937199607248,0.0,4365.607033691652,244.0,COMPLETE
175,59.33937199607248,2026-06-17 01:54:41.162989,2026-06-17 02:00:31.440913,0 days 00:05:50.277924,5.0,0.03,1.2000000000000002,2.6,0.06,1.1,1.8,-41.95360943424255,-41.95360943424255,174.94510068300588,1853.9158781963965,2686.6362561782603,59.33937199607248,0.0,4365.607033691652,244.0,COMPLETE
176,50.74285387361825,2026-06-17 01:54:48.552849,2026-06-17 02:00:36.764156,0 days 00:05:48.211307,5.0,0.03,1.2000000000000002,2.4000000000000004,0.06,1.1,1.9,-41.95360943424255,-41.95360943424255,397.97860301071154,2159.2362383636164,1858.1509221424378,50.74285387361825,0.0,3619.408557495343,211.0,COMPLETE
177,39.650118422160375,2026-06-17 01:54:49.617710,2026-06-17 02:00:38.512077,0 days 00:05:48.894367,5.0,0.02,1.1,2.4000000000000004,0.06,1.1,1.9,-41.95360943424255,-41.95360943424255,72.93091794158906,2119.726016941525,1572.6134584954073,39.650118422160375,0.0,3619.408557495343,211.0,COMPLETE
178,39.650118422160375,2026-06-17 01:55:01.254181,2026-06-17 02:00:51.529765,0 days 00:05:50.275584,5.0,0.02,1.1,2.4000000000000004,0.06,1.1,1.9,-41.95360943424255,-41.95360943424255,72.93091794158906,2119.726016941525,1572.6134584954073,39.650118422160375,0.0,3619.408557495343,211.0,COMPLETE
179,39.650118422160375,2026-06-17 01:55:01.269439,2026-06-17 02:00:52.332488,0 days 00:05:51.063049,5.0,0.02,1.1,2.4000000000000004,0.06,1.1,1.9,-41.95360943424255,-41.95360943424255,72.93091794158906,2119.726016941525,1572.6134584954073,39.650118422160375,0.0,3619.408557495343,211.0,COMPLETE
180,39.650118422160375,2026-06-17 01:55:05.225268,2026-06-17 02:00:55.030486,0 days 00:05:49.805218,5.0,0.02,1.1,2.4000000000000004,0.06,1.1,1.9,-41.95360943424255,-41.95360943424255,72.93091794158906,2119.726016941525,1572.6134584954073,39.650118422160375,0.0,3619.408557495343,211.0,COMPLETE
181,46.11962211412062,2026-06-17 01:59:59.977070,2026-06-17 02:05:46.883817,0 days 00:05:46.906747,4.0,0.02,1.1,2.7,0.06,1.1,1.9,-41.95360943424255,-41.95360943424255,290.464714607767,1951.5097049521078,1643.4597523290474,46.11962211412062,0.0,3304.5047426733886,209.0,COMPLETE
182,39.650118422160375,2026-06-17 02:00:04.416326,2026-06-17 02:05:52.615765,0 days 00:05:48.199439,5.0,0.02,1.1,2.4000000000000004,0.06,1.1,1.9,-41.95360943424255,-41.95360943424255,72.93091794158906,2119.726016941525,1572.6134584954073,39.650118422160375,0.0,3619.408557495343,211.0,COMPLETE
183,39.53183146456955,2026-06-17 02:00:10.080542,2026-06-17 02:05:56.709531,0 days 00:05:46.628989,5.0,0.02,1.1,1.5,0.06,1.1,1.9,-41.95360943424255,-41.95360943424255,8.425694755184232,2008.6962876445582,1619.1379646059693,39.53183146456955,0.0,3619.408557495343,211.0,COMPLETE
184,39.53183146456955,2026-06-17 02:00:10.688616,2026-06-17 02:05:59.704897,0 days 00:05:49.016281,5.0,0.02,1.1,1.5,0.06,1.1,1.9,-41.95360943424255,-41.95360943424255,8.425694755184232,2008.6962876445582,1619.1379646059693,39.53183146456955,0.0,3619.408557495343,211.0,COMPLETE
185,40.024239630204114,2026-06-17 02:00:13.340115,2026-06-17 02:06:01.924300,0 days 00:05:48.584185,5.0,0.02,1.1,1.4,0.06,1.1,1.9,-41.95360943424255,-41.95360943424255,2.9890528859194703,2019.6321913863858,1602.7654189948773,40.024239630204114,0.0,3619.408557495343,212.0,COMPLETE
186,48.994758560681134,2026-06-17 02:00:25.791473,2026-06-17 02:06:15.707723,0 days 00:05:49.916250,5.0,0.03,1.1,2.7,0.06,1.1,1.9,-41.95360943424255,-41.95360943424255,290.464714607767,2105.4515821478385,1804.4216899552714,48.994758560681134,0.0,3619.408557495343,209.0,COMPLETE
187,48.994758560681134,2026-06-17 02:00:31.508999,2026-06-17 02:06:21.365740,0 days 00:05:49.856741,5.0,0.03,1.1,2.7,0.06,1.1,1.9,-41.95360943424255,-41.95360943424255,290.464714607767,2105.4515821478385,1804.4216899552714,48.994758560681134,0.0,3619.408557495343,209.0,COMPLETE
188,39.650118422160375,2026-06-17 02:00:36.834561,2026-06-17 02:06:25.459855,0 days 00:05:48.625294,5.0,0.03,1.1,2.4000000000000004,0.06,1.1,1.9,-41.95360943424255,-41.95360943424255,72.93091794158906,2119.726016941525,1572.6134584954073,39.650118422160375,0.0,3619.408557495343,211.0,COMPLETE
189,48.994758560681134,2026-06-17 02:00:38.584287,2026-06-17 02:06:27.569147,0 days 00:05:48.984860,5.0,0.03,1.1,2.7,0.06,1.1,1.9,-41.95360943424255,-41.95360943424255,290.464714607767,2105.4515821478385,1804.4216899552714,48.994758560681134,0.0,3619.408557495343,209.0,COMPLETE
190,48.994758560681134,2026-06-17 02:00:51.611466,2026-06-17 02:06:42.470026,0 days 00:05:50.858560,5.0,0.03,1.1,2.7,0.06,1.1,1.9,-41.95360943424255,-41.95360943424255,290.464714607767,2105.4515821478385,1804.4216899552714,48.994758560681134,0.0,3619.408557495343,209.0,COMPLETE
191,36.9254805615307,2026-06-17 02:00:52.401882,2026-06-17 02:06:43.385108,0 days 00:05:50.983226,5.0,0.03,1.2000000000000002,2.7,0.06,1.1,1.9,-41.95360943424255,-41.95360943424255,56.641476110828464,1713.335192117629,1962.7148414885426,36.9254805615307,0.0,3619.408557495343,203.0,COMPLETE
192,36.9254805615307,2026-06-17 02:00:55.098809,2026-06-17 02:06:44.708172,0 days 00:05:49.609363,5.0,0.03,1.2000000000000002,2.7,0.06,1.1,1.9,-41.95360943424255,-41.95360943424255,56.641476110828464,1713.335192117629,1962.7148414885426,36.9254805615307,0.0,3619.408557495343,203.0,COMPLETE
193,62.969474316705224,2026-06-17 02:05:46.948010,2026-06-17 02:11:33.952709,0 days 00:05:47.004699,5.0,0.03,1.2000000000000002,2.4000000000000004,0.06,1.1,1.8,-41.95360943424255,-41.95360943424255,397.97860301071154,2101.402684758758,2662.1829519436037,62.969474316705224,0.0,4365.607033691652,251.0,COMPLETE
194,49.22451831744143,2026-06-17 02:05:52.681692,2026-06-17 02:11:39.601752,0 days 00:05:46.920060,5.0,0.03,1.2000000000000002,2.7,0.06,1.1,1.8,-41.95360943424255,-41.95360943424255,56.641476110828464,1655.5016385127701,2766.7468712897094,49.22451831744143,0.0,4365.607033691652,243.0,COMPLETE
195,39.11717514124856,2026-06-17 02:05:56.774970,2026-06-17 02:11:42.561382,0 days 00:05:45.786412,5.0,0.03,1.2000000000000002,2.7,0.06,1.1,1.4,-41.95360943424255,-41.95360943424255,56.641476110828464,1666.337360300955,2672.128921241488,39.11717514124856,0.0,4281.824805431614,245.0,COMPLETE
196,23.000724902074037,2026-06-17 02:05:59.773694,2026-06-17 02:11:46.910972,0 days 00:05:47.137278,5.0,0.03,1.2000000000000002,2.7,0.06,1.6,1.8,-41.95360943424255,-41.95360943424255,56.641476110828464,1264.6510399627878,1522.7400175957227,23.000724902074037,0.0,2730.7495814476833,145.0,COMPLETE
197,39.11717514124856,2026-06-17 02:06:01.985580,2026-06-17 02:11:50.244349,0 days 00:05:48.258769,5.0,0.03,1.2000000000000002,2.7,0.06,1.0,1.4,-41.95360943424255,-41.95360943424255,56.641476110828464,1666.337360300955,2672.128921241488,39.11717514124856,0.0,4281.824805431614,245.0,COMPLETE
198,55.60925778408781,2026-06-17 02:06:15.776793,2026-06-17 02:12:05.881617,0 days 00:05:50.104824,5.0,0.03,1.2000000000000002,1.1,0.06,1.0,1.4,-41.95360943424255,-41.95360943424255,31.343346226016507,1977.6028284440908,2335.56532321354,55.60925778408781,0.0,4281.824805431614,251.0,COMPLETE
199,53.294322216123824,2026-06-17 02:06:21.433724,2026-06-17 02:12:11.508682,0 days 00:05:50.074958,5.0,0.03,1.2000000000000002,2.5,0.06,1.0,1.4,-41.95360943424255,-41.95360943424255,330.49695992638425,2074.442455753096,2537.8793096049035,53.294322216123824,0.0,4281.824805431614,251.0,COMPLETE
200,53.294322216123824,2026-06-17 02:06:25.533539,2026-06-17 02:12:13.727197,0 days 00:05:48.193658,5.0,0.03,1.2000000000000002,2.5,0.06,1.0,1.4,-41.95360943424255,-41.95360943424255,330.49695992638425,2074.442455753096,2537.8793096049035,53.294322216123824,0.0,4281.824805431614,251.0,COMPLETE
201,59.228125553509436,2026-06-17 02:06:27.638392,2026-06-17 02:12:16.696408,0 days 00:05:49.058016,4.5,0.03,1.2000000000000002,2.5,0.06,1.0,1.8,-41.95360943424255,-41.95360943424255,330.49695992638425,1988.8626738222517,2493.214117898333,59.228125553509436,0.0,4151.5798317942035,249.0,COMPLETE
202,49.89353406806601,2026-06-17 02:06:42.540188,2026-06-17 02:12:32.841435,0 days 00:05:50.301247,4.5,0.03,1.2000000000000002,2.5,0.06,1.0,1.4,-41.95360943424255,-41.95360943424255,330.49695992638425,1973.1267767775155,2340.4273590576136,49.89353406806601,0.0,3983.0571759087466,251.0,COMPLETE
203,59.228125553509436,2026-06-17 02:06:43.455054,2026-06-17 02:12:34.430090,0 days 00:05:50.975036,4.5,0.03,1.2000000000000002,2.5,0.06,1.0,1.8,-41.95360943424255,-41.95360943424255,330.49695992638425,1988.8626738222517,2493.214117898333,59.228125553509436,0.0,4151.5798317942035,249.0,COMPLETE
204,59.228125553509436,2026-06-17 02:06:44.778133,2026-06-17 02:12:34.678278,0 days 00:05:49.900145,4.5,0.03,1.2000000000000002,2.5,0.06,1.0,1.8,-41.95360943424255,-41.95360943424255,330.49695992638425,1988.8626738222517,2493.214117898333,59.228125553509436,0.0,4151.5798317942035,249.0,COMPLETE
205,52.09326319454829,2026-06-17 02:11:34.032978,2026-06-17 02:17:21.740909,0 days 00:05:47.707931,4.5,0.03,1.2000000000000002,1.1,0.06,1.0,1.8,-41.95360943424255,-41.95360943424255,9.484535552979423,1870.164235840209,2290.9001315069713,52.09326319454829,0.0,4151.5798317942035,249.0,COMPLETE
206,49.89353406806601,2026-06-17 02:11:39.681314,2026-06-17 02:17:27.302259,0 days 00:05:47.620945,4.5,0.03,1.2000000000000002,2.5,0.06,1.0,1.4,-41.95360943424255,-41.95360943424255,330.49695992638425,1973.1267767775155,2340.4273590576136,49.89353406806601,0.0,3983.0571759087466,251.0,COMPLETE
207,59.228125553509436,2026-06-17 02:11:42.638217,2026-06-17 02:17:28.689520,0 days 00:05:46.051303,4.5,0.03,1.2000000000000002,2.5,0.06,1.0,1.8,-41.95360943424255,-41.95360943424255,330.49695992638425,1988.8626738222517,2493.214117898333,59.228125553509436,0.0,4151.5798317942035,249.0,COMPLETE
208,59.228125553509436,2026-06-17 02:11:46.988417,2026-06-17 02:17:35.671747,0 days 00:05:48.683330,4.5,0.03,1.2000000000000002,2.5,0.06,1.0,1.8,-41.95360943424255,-41.95360943424255,330.49695992638425,1988.8626738222517,2493.214117898333,59.228125553509436,0.0,4151.5798317942035,249.0,COMPLETE
209,59.228125553509436,2026-06-17 02:11:50.323588,2026-06-17 02:17:38.229322,0 days 00:05:47.905734,4.5,0.03,1.2000000000000002,2.5,0.06,1.0,1.8,-41.95360943424255,-41.95360943424255,330.49695992638425,1988.8626738222517,2493.214117898333,59.228125553509436,0.0,4151.5798317942035,249.0,COMPLETE
210,55.07782714475464,2026-06-17 02:12:05.960437,2026-06-17 02:17:56.330694,0 days 00:05:50.370257,5.0,0.03,1.2000000000000002,1.1,0.06,1.0,1.8,-41.95360943424255,-41.95360943424255,31.343346226016507,1966.767106655906,2430.1832732617618,55.07782714475464,0.0,4365.607033691652,249.0,COMPLETE
211,61.87446493397727,2026-06-17 02:12:11.589617,2026-06-17 02:18:02.079209,0 days 00:05:50.489592,5.0,0.03,1.2000000000000002,2.5,0.06,1.0,1.8,-41.95360943424255,-41.95360943424255,330.49695992638425,2063.6067339649107,2632.4972596531247,61.87446493397727,0.0,4365.607033691652,249.0,COMPLETE
212,47.110002753846665,2026-06-17 02:12:13.806595,2026-06-17 02:18:02.155386,0 days 00:05:48.348791,4.5,0.03,1.2000000000000002,1.1,0.06,1.0,1.3,-41.95360943424255,-41.95360943424255,9.484535552979423,1585.7553894133575,2139.2671195652806,47.110002753846665,0.0,3715.537973425659,252.0,COMPLETE
213,59.228125553509436,2026-06-17 02:12:16.774420,2026-06-17 02:18:05.599772,0 days 00:05:48.825352,4.5,0.03,1.2000000000000002,2.5,0.06,1.0,1.8,-41.95360943424255,-41.95360943424255,330.49695992638425,1988.8626738222517,2493.214117898333,59.228125553509436,0.0,4151.5798317942035,249.0,COMPLETE
214,52.407702204999644,2026-06-17 02:12:32.932653,2026-06-17 02:18:24.057662,0 days 00:05:51.125009,4.5,0.03,1.2000000000000002,1.0,0.06,1.0,1.8,-41.95360943424255,-41.95360943424255,7.231930037133893,1873.4873205041365,2285.3244413271987,52.407702204999644,0.0,4151.5798317942035,249.0,COMPLETE
215,-9.488505948930012,2026-06-17 02:12:34.513616,2026-06-17 02:18:25.541234,0 days 00:05:51.027618,4.5,0.03,1.2000000000000002,1.8,0.06,1.0,1.1,-41.95360943424255,-41.95360943424255,-148.27627397839194,1330.9279111880385,1905.084296882588,-9.488505948930012,0.0,3384.2884820490194,274.0,COMPLETE
216,32.63050929692315,2026-06-17 02:12:34.841221,2026-06-17 02:18:24.902856,0 days 00:05:50.061635,4.5,0.03,1.2000000000000002,2.5,0.06,1.0,1.1,-41.95360943424255,-41.95360943424255,330.49695992638425,1583.6093744853752,2131.1760674900274,32.63050929692315,0.0,3384.2884820490194,252.0,COMPLETE
217,59.228125553509436,2026-06-17 02:17:21.806257,2026-06-17 02:23:09.371219,0 days 00:05:47.564962,4.5,0.03,1.2000000000000002,2.5,0.06,1.0,1.8,-41.95360943424255,-41.95360943424255,330.49695992638425,1988.8626738222517,2493.214117898333,59.228125553509436,0.0,4151.5798317942035,249.0,COMPLETE
218,-6.487170477144045,2026-06-17 02:17:27.368951,2026-06-17 02:23:16.204970,0 days 00:05:48.836019,5.0,0.03,1.2000000000000002,1.9,0.06,1.0,1.1,-41.95360943424255,-41.95360943424255,-162.58870165393367,1381.3059565949445,2124.3454207214163,-6.487170477144045,0.0,3668.2400789702933,270.0,COMPLETE
219,21.60936607043743,2026-06-17 02:17:28.756589,2026-06-17 02:23:15.444934,0 days 00:05:46.688345,5.0,0.03,1.2000000000000002,1.9,0.06,1.0,1.8,-41.95360943424255,-41.95360943424255,-162.58870165393367,1766.0017343009922,2437.0165977367246,21.60936607043743,0.0,4365.607033691652,267.0,COMPLETE
220,55.16886304333723,2026-06-17 02:17:35.739357,2026-06-17 02:23:25.365663,0 days 00:05:49.626306,5.0,0.03,1.2000000000000002,1.0,0.06,1.0,1.8,-41.95360943424255,-41.95360943424255,34.452383559371796,1967.63527094032,2432.4241463107023,55.16886304333723,0.0,4365.607033691652,249.0,COMPLETE
221,21.60936607043743,2026-06-17 02:17:38.295828,2026-06-17 02:23:27.273663,0 days 00:05:48.977835,5.0,0.03,1.2000000000000002,1.9,0.06,1.0,1.8,-41.95360943424255,-41.95360943424255,-162.58870165393367,1766.0017343009922,2437.0165977367246,21.60936607043743,0.0,4365.607033691652,267.0,COMPLETE
222,21.60936607043743,2026-06-17 02:17:56.399243,2026-06-17 02:23:47.777140,0 days 00:05:51.377897,5.0,0.03,1.2000000000000002,1.9,0.06,1.0,1.8,-41.95360943424255,-41.95360943424255,-162.58870165393367,1766.0017343009922,2437.0165977367246,21.60936607043743,0.0,4365.607033691652,267.0,COMPLETE
223,55.16886304333723,2026-06-17 02:18:02.214359,2026-06-17 02:23:53.938115,0 days 00:05:51.723756,5.0,0.03,1.2000000000000002,1.0,0.06,1.0,1.8,-41.95360943424255,-41.95360943424255,34.452383559371796,1967.63527094032,2432.4241463107023,55.16886304333723,0.0,4365.607033691652,249.0,COMPLETE
224,61.87446493397727,2026-06-17 02:18:02.234085,2026-06-17 02:23:51.597792,0 days 00:05:49.363707,5.0,0.03,1.2000000000000002,2.5,0.06,1.0,1.8,-41.95360943424255,-41.95360943424255,330.49695992638425,2063.6067339649107,2632.4972596531247,61.87446493397727,0.0,4365.607033691652,249.0,COMPLETE
225,59.228125553509436,2026-06-17 02:18:05.667030,2026-06-17 02:23:55.777499,0 days 00:05:50.110469,4.5,0.03,1.2000000000000002,2.5,0.06,1.0,1.8,-41.95360943424255,-41.95360943424255,330.49695992638425,1988.8626738222517,2493.214117898333,59.228125553509436,0.0,4151.5798317942035,249.0,COMPLETE
226,61.87446493397727,2026-06-17 02:18:24.128174,2026-06-17 02:24:16.474701,0 days 00:05:52.346527,5.0,0.03,1.2000000000000002,2.5,0.06,1.0,1.8,-41.95360943424255,-41.95360943424255,330.49695992638425,2063.6067339649107,2632.4972596531247,61.87446493397727,0.0,4365.607033691652,249.0,COMPLETE
227,59.33937199607248,2026-06-17 02:18:24.968516,2026-06-17 02:24:16.503735,0 days 00:05:51.535219,5.0,0.03,1.2000000000000002,2.6,0.06,1.0,1.8,-41.95360943424255,-41.95360943424255,174.94510068300588,1853.9158781963965,2686.6362561782603,59.33937199607248,0.0,4365.607033691652,244.0,COMPLETE
228,59.33937199607248,2026-06-17 02:18:25.613418,2026-06-17 02:24:18.355626,0 days 00:05:52.742208,5.0,0.03,1.2000000000000002,2.6,0.06,1.0,1.8,-41.95360943424255,-41.95360943424255,174.94510068300588,1853.9158781963965,2686.6362561782603,59.33937199607248,0.0,4365.607033691652,244.0,COMPLETE
229,59.33937199607248,2026-06-17 02:23:09.440628,2026-06-17 02:28:57.975640,0 days 00:05:48.535012,5.0,0.03,1.2000000000000002,2.6,0.06,1.0,1.8,-41.95360943424255,-41.95360943424255,174.94510068300588,1853.9158781963965,2686.6362561782603,59.33937199607248,0.0,4365.607033691652,244.0,COMPLETE
230,61.87446493397727,2026-06-17 02:23:15.508598,2026-06-17 02:29:02.382271,0 days 00:05:46.873673,5.0,0.03,1.2000000000000002,2.5,0.06,1.0,1.8,-41.95360943424255,-41.95360943424255,330.49695992638425,2063.6067339649107,2632.4972596531247,61.87446493397727,0.0,4365.607033691652,249.0,COMPLETE
231,49.412680403183984,2026-06-17 02:23:16.274618,2026-06-17 02:29:05.685570,0 days 00:05:49.410952,5.0,0.03,1.3,2.5,0.06,1.0,1.8,-41.95360943424255,-41.95360943424255,78.76841311519246,1653.7184991735603,2790.656947633284,49.412680403183984,0.0,4365.607033691652,243.0,COMPLETE
232,46.802122542351846,2026-06-17 02:23:25.430969,2026-06-17 02:29:14.830004,0 days 00:05:49.399035,4.5,0.03,1.3,2.5,0.06,1.0,1.8,-41.95360943424255,-41.95360943424255,78.76841311519246,1578.9744390309008,2651.373805878493,46.802122542351846,0.0,4151.5798317942035,243.0,COMPLETE
233,47.260219590515575,2026-06-17 02:23:27.343885,2026-06-17 02:29:16.452889,0 days 00:05:49.109004,4.5,0.03,1.3,2.5,0.06,1.0,1.7000000000000002,-41.95360943424255,-41.95360943424255,78.76841311519246,1659.4754550277162,2578.9349800655164,47.260219590515575,0.0,4159.642021978043,243.0,COMPLETE
234,47.260219590515575,2026-06-17 02:23:47.848617,2026-06-17 02:29:37.593784,0 days 00:05:49.745167,4.5,0.03,1.3,2.5,0.06,1.0,1.7000000000000002,-41.95360943424255,-41.95360943424255,78.76841311519246,1659.4754550277162,2578.9349800655164,47.260219590515575,0.0,4159.642021978043,243.0,COMPLETE
235,50.038088411390355,2026-06-17 02:23:51.667360,2026-06-17 02:29:39.744785,0 days 00:05:48.077425,5.0,0.03,1.3,2.5,0.06,1.0,1.7000000000000002,-41.95360943424255,-41.95360943424255,78.76841311519246,1743.5410011378374,2717.391397973051,50.038088411390355,0.0,4382.163985995696,243.0,COMPLETE
236,47.260219590515575,2026-06-17 02:23:54.012527,2026-06-17 02:29:44.607593,0 days 00:05:50.595066,4.5,0.03,1.3,2.5,0.06,1.0,1.7000000000000002,-41.95360943424255,-41.95360943424255,78.76841311519246,1659.4754550277162,2578.9349800655164,47.260219590515575,0.0,4159.642021978043,243.0,COMPLETE
237,50.038088411390355,2026-06-17 02:23:55.852058,2026-06-17 02:29:45.163740,0 days 00:05:49.311682,5.0,0.03,1.3,2.5,0.06,1.0,1.7000000000000002,-41.95360943424255,-41.95360943424255,78.76841311519246,1743.5410011378374,2717.391397973051,50.038088411390355,0.0,4382.163985995696,243.0,COMPLETE
238,50.038088411390355,2026-06-17 02:24:16.574173,2026-06-17 02:30:07.460382,0 days 00:05:50.886209,5.0,0.03,1.3,2.5,0.06,1.0,1.7000000000000002,-41.95360943424255,-41.95360943424255,78.76841311519246,1743.5410011378374,2717.391397973051,50.038088411390355,0.0,4382.163985995696,243.0,COMPLETE
239,50.038088411390355,2026-06-17 02:24:16.580702,2026-06-17 02:30:06.579781,0 days 00:05:49.999079,5.0,0.03,1.3,2.5,0.06,1.0,1.7000000000000002,-41.95360943424255,-41.95360943424255,78.76841311519246,1743.5410011378374,2717.391397973051,50.038088411390355,0.0,4382.163985995696,243.0,COMPLETE
240,50.23355667074927,2026-06-17 02:24:18.437046,2026-06-17 02:30:09.164632,0 days 00:05:50.727586,5.0,0.03,1.3,2.6,0.06,1.0,1.7000000000000002,-41.95360943424255,-41.95360943424255,85.23567207890292,1800.6709416434003,2666.7287164311974,50.23355667074927,0.0,4382.163985995696,240.0,COMPLETE
241,50.23355667074927,2026-06-17 02:28:58.051124,2026-06-17 02:34:45.249347,0 days 00:05:47.198223,5.0,0.03,1.3,2.6,0.06,1.0,1.7000000000000002,-41.95360943424255,-41.95360943424255,85.23567207890292,1800.6709416434003,2666.7287164311974,50.23355667074927,0.0,4382.163985995696,240.0,COMPLETE
242,50.23355667074927,2026-06-17 02:29:02.456057,2026-06-17 02:34:48.972282,0 days 00:05:46.516225,5.0,0.03,1.3,2.6,0.06,1.0,1.7000000000000002,-41.95360943424255,-41.95360943424255,85.23567207890292,1800.6709416434003,2666.7287164311974,50.23355667074927,0.0,4382.163985995696,240.0,COMPLETE
243,59.86544836805161,2026-06-17 02:29:05.759785,2026-06-17 02:34:53.547956,0 days 00:05:47.788171,5.0,0.03,1.2000000000000002,2.6,0.06,1.0,1.7000000000000002,-41.95360943424255,-41.95360943424255,174.94510068300588,1943.7383801606738,2613.370706518028,59.86544836805161,0.0,4382.163985995696,244.0,COMPLETE
244,59.86544836805161,2026-06-17 02:29:14.903357,2026-06-17 02:35:03.890635,0 days 00:05:48.987278,5.0,0.03,1.2000000000000002,2.6,0.06,1.0,1.7000000000000002,-41.95360943424255,-41.95360943424255,174.94510068300588,1943.7383801606738,2613.370706518028,59.86544836805161,0.0,4382.163985995696,244.0,COMPLETE
245,59.86544836805161,2026-06-17 02:29:16.527741,2026-06-17 02:35:05.662411,0 days 00:05:49.134670,5.0,0.03,1.2000000000000002,2.6,0.06,1.0,1.7000000000000002,-41.95360943424255,-41.95360943424255,174.94510068300588,1943.7383801606738,2613.370706518028,59.86544836805161,0.0,4382.163985995696,244.0,COMPLETE
246,59.86544836805161,2026-06-17 02:29:37.669055,2026-06-17 02:35:27.930097,0 days 00:05:50.261042,5.0,0.03,1.2000000000000002,2.6,0.06,1.0,1.7000000000000002,-41.95360943424255,-41.95360943424255,174.94510068300588,1943.7383801606738,2613.370706518028,59.86544836805161,0.0,4382.163985995696,244.0,COMPLETE
247,59.86544836805161,2026-06-17 02:29:39.816302,2026-06-17 02:35:28.175721,0 days 00:05:48.359419,5.0,0.03,1.2000000000000002,2.6,0.06,1.0,1.7000000000000002,-41.95360943424255,-41.95360943424255,174.94510068300588,1943.7383801606738,2613.370706518028,59.86544836805161,0.0,4382.163985995696,244.0,COMPLETE
248,59.86544836805161,2026-06-17 02:29:44.682255,2026-06-17 02:35:35.283693,0 days 00:05:50.601438,5.0,0.03,1.2000000000000002,2.6,0.06,1.0,1.7000000000000002,-41.95360943424255,-41.95360943424255,174.94510068300588,1943.7383801606738,2613.370706518028,59.86544836805161,0.0,4382.163985995696,244.0,COMPLETE
249,54.80292164596912,2026-06-17 02:29:45.236244,2026-06-17 02:35:35.676955,0 days 00:05:50.440711,5.0,0.03,0.5,2.6,0.06,1.0,1.7000000000000002,-41.95360943424255,-41.95360943424255,10.96928586776253,2051.631099450092,2341.502172413366,54.80292164596912,0.0,4382.163985995696,253.0,COMPLETE
250,59.33937199607248,2026-06-17 02:30:06.652460,2026-06-17 02:35:56.919067,0 days 00:05:50.266607,5.0,0.03,1.2000000000000002,2.6,0.06,1.0,1.8,-41.95360943424255,-41.95360943424255,174.94510068300588,1853.9158781963965,2686.6362561782603,59.33937199607248,0.0,4365.607033691652,244.0,COMPLETE
251,59.33937199607248,2026-06-17 02:30:07.536914,2026-06-17 02:35:59.080383,0 days 00:05:51.543469,5.0,0.03,1.2000000000000002,2.6,0.06,1.0,1.8,-41.95360943424255,-41.95360943424255,174.94510068300588,1853.9158781963965,2686.6362561782603,59.33937199607248,0.0,4365.607033691652,244.0,COMPLETE
252,-1300.0,2026-06-17 02:30:09.239775,2026-06-17 02:35:59.047644,0 days 00:05:49.807869,5.0,0.03,1.2000000000000002,2.6,0.06,1.0,2.9000000000000004,-41.95360943424255,-41.95360943424255,174.94510068300588,-67.44896559202134,238.4786335475389,-1300.0,0.0,-3.915432727488259,20.0,COMPLETE
253,59.33937199607248,2026-06-17 02:34:45.317096,2026-06-17 02:40:32.795793,0 days 00:05:47.478697,5.0,0.03,1.2000000000000002,2.6,0.06,1.0,1.8,-41.95360943424255,-41.95360943424255,174.94510068300588,1853.9158781963965,2686.6362561782603,59.33937199607248,0.0,4365.607033691652,244.0,COMPLETE
254,39.20632560183512,2026-06-17 02:34:49.038478,2026-06-17 02:40:34.784606,0 days 00:05:45.746128,5.0,0.03,1.2000000000000002,2.6,0.06,1.5,1.8,-41.95360943424255,-41.95360943424255,174.94510068300588,1610.732663154461,1575.5059230367199,39.20632560183512,0.0,3011.2934855081767,163.0,COMPLETE
255,59.165180694445084,2026-06-17 02:34:53.616367,2026-06-17 02:40:41.000709,0 days 00:05:47.384342,5.0,0.03,1.2000000000000002,2.6,0.06,1.0,1.6,-41.95360943424255,-41.95360943424255,174.94510068300588,1862.383795909019,2627.4989710208656,59.165180694445084,0.0,4314.937666246876,245.0,COMPLETE
256,59.165180694445084,2026-06-17 02:35:03.958558,2026-06-17 02:40:52.214652,0 days 00:05:48.256094,5.0,0.03,1.2000000000000002,2.6,0.06,1.0,1.6,-41.95360943424255,-41.95360943424255,174.94510068300588,1862.383795909019,2627.4989710208656,59.165180694445084,0.0,4314.937666246876,245.0,COMPLETE
257,59.165180694445084,2026-06-17 02:35:05.729391,2026-06-17 02:40:53.859158,0 days 00:05:48.129767,5.0,0.03,1.2000000000000002,2.6,0.06,1.0,1.6,-41.95360943424255,-41.95360943424255,174.94510068300588,1862.383795909019,2627.4989710208656,59.165180694445084,0.0,4314.937666246876,245.0,COMPLETE
258,59.165180694445084,2026-06-17 02:35:27.999021,2026-06-17 02:41:18.315116,0 days 00:05:50.316095,5.0,0.03,1.2000000000000002,2.6,0.06,1.0,1.6,-41.95360943424255,-41.95360943424255,174.94510068300588,1862.383795909019,2627.4989710208656,59.165180694445084,0.0,4314.937666246876,245.0,COMPLETE
259,59.165180694445084,2026-06-17 02:35:28.267966,2026-06-17 02:41:16.957178,0 days 00:05:48.689212,5.0,0.03,1.2000000000000002,2.6,0.06,1.1,1.6,-41.95360943424255,-41.95360943424255,174.94510068300588,1862.383795909019,2627.4989710208656,59.165180694445084,0.0,4314.937666246876,245.0,COMPLETE
260,59.165180694445084,2026-06-17 02:35:35.352876,2026-06-17 02:41:25.863780,0 days 00:05:50.510904,5.0,0.03,1.2000000000000002,2.6,0.06,1.1,1.6,-41.95360943424255,-41.95360943424255,174.94510068300588,1862.383795909019,2627.4989710208656,59.165180694445084,0.0,4314.937666246876,245.0,COMPLETE
261,49.67640853226738,2026-06-17 02:35:35.744597,2026-06-17 02:41:25.161239,0 days 00:05:49.416642,5.0,0.03,1.2000000000000002,2.6,0.06,1.4,1.6,-41.95360943424255,-41.95360943424255,174.94510068300588,1927.5247461894571,1867.0615604377188,49.67640853226738,0.0,3619.641205944169,196.0,COMPLETE
262,59.165180694445084,2026-06-17 02:35:56.987805,2026-06-17 02:41:47.370556,0 days 00:05:50.382751,5.0,0.03,1.2000000000000002,2.6,0.06,1.1,1.6,-41.95360943424255,-41.95360943424255,174.94510068300588,1862.383795909019,2627.4989710208656,59.165180694445084,0.0,4314.937666246876,245.0,COMPLETE
263,59.165180694445084,2026-06-17 02:35:59.149473,2026-06-17 02:41:50.907169,0 days 00:05:51.757696,5.0,0.03,1.2000000000000002,2.6,0.06,1.1,1.6,-41.95360943424255,-41.95360943424255,174.94510068300588,1862.383795909019,2627.4989710208656,59.165180694445084,0.0,4314.937666246876,245.0,COMPLETE
264,59.165180694445084,2026-06-17 02:35:59.171445,2026-06-17 02:41:50.565039,0 days 00:05:51.393594,5.0,0.03,1.2000000000000002,2.6,0.06,1.1,1.6,-41.95360943424255,-41.95360943424255,174.94510068300588,1862.383795909019,2627.4989710208656,59.165180694445084,0.0,4314.937666246876,245.0,COMPLETE
265,59.165180694445084,2026-06-17 02:40:32.862032,2026-06-17 02:46:20.029080,0 days 00:05:47.167048,5.0,0.03,1.2000000000000002,2.6,0.06,1.1,1.6,-41.95360943424255,-41.95360943424255,174.94510068300588,1862.383795909019,2627.4989710208656,59.165180694445084,0.0,4314.937666246876,245.0,COMPLETE
266,59.165180694445084,2026-06-17 02:40:34.851640,2026-06-17 02:46:21.829508,0 days 00:05:46.977868,5.0,0.03,1.2000000000000002,2.6,0.06,1.1,1.6,-41.95360943424255,-41.95360943424255,174.94510068300588,1862.383795909019,2627.4989710208656,59.165180694445084,0.0,4314.937666246876,245.0,COMPLETE
267,62.03996317138653,2026-06-17 02:40:41.068043,2026-06-17 02:46:29.211744,0 days 00:05:48.143701,5.0,0.03,1.1,2.6,0.06,1.1,1.6,-41.95360943424255,-41.95360943424255,351.2116326363408,2090.356624419032,2575.792674464187,62.03996317138653,0.0,4314.937666246876,252.0,COMPLETE
268,62.03996317138653,2026-06-17 02:40:52.281749,2026-06-17 02:46:41.711436,0 days 00:05:49.429687,5.0,0.03,1.1,2.6,0.06,1.1,1.6,-41.95360943424255,-41.95360943424255,351.2116326363408,2090.356624419032,2575.792674464187,62.03996317138653,0.0,4314.937666246876,252.0,COMPLETE
269,62.03996317138653,2026-06-17 02:40:53.923959,2026-06-17 02:46:43.760897,0 days 00:05:49.836938,5.0,0.03,1.1,2.6,0.06,1.1,1.6,-41.95360943424255,-41.95360943424255,351.2116326363408,2090.356624419032,2575.792674464187,62.03996317138653,0.0,4314.937666246876,252.0,COMPLETE
270,62.737645261824824,2026-06-17 02:41:17.022082,2026-06-17 02:47:05.828577,0 days 00:05:48.806495,5.0,0.03,1.1,2.6,0.06,1.1,1.7000000000000002,-41.95360943424255,-41.95360943424255,351.2116326363408,2171.711208670687,2561.664409961349,62.737645261824824,0.0,4382.163985995696,251.0,COMPLETE
271,62.737645261824824,2026-06-17 02:41:18.383759,2026-06-17 02:47:08.608625,0 days 00:05:50.224866,5.0,0.03,1.1,2.6,0.06,1.1,1.7000000000000002,-41.95360943424255,-41.95360943424255,351.2116326363408,2171.711208670687,2561.664409961349,62.737645261824824,0.0,4382.163985995696,251.0,COMPLETE
272,62.737645261824824,2026-06-17 02:41:25.234682,2026-06-17 02:47:14.702762,0 days 00:05:49.468080,5.0,0.03,1.1,2.6,0.06,1.1,1.7000000000000002,-41.95360943424255,-41.95360943424255,351.2116326363408,2171.711208670687,2561.664409961349,62.737645261824824,0.0,4382.163985995696,251.0,COMPLETE
273,62.737645261824824,2026-06-17 02:41:25.964292,2026-06-17 02:47:16.475830,0 days 00:05:50.511538,5.0,0.03,1.1,2.6,0.06,1.1,1.7000000000000002,-41.95360943424255,-41.95360943424255,351.2116326363408,2171.711208670687,2561.664409961349,62.737645261824824,0.0,4382.163985995696,251.0,COMPLETE
274,62.737645261824824,2026-06-17 02:41:47.438798,2026-06-17 02:47:38.279344,0 days 00:05:50.840546,5.0,0.03,1.1,2.6,0.06,1.1,1.7000000000000002,-41.95360943424255,-41.95360943424255,351.2116326363408,2171.711208670687,2561.664409961349,62.737645261824824,0.0,4382.163985995696,251.0,COMPLETE
275,61.75188738286817,2026-06-17 02:41:50.633993,2026-06-17 02:47:42.266351,0 days 00:05:51.632358,5.0,0.03,1.1,2.7,0.06,1.1,1.7000000000000002,-41.95360943424255,-41.95360943424255,290.464714607767,2137.440530507257,2535.1881700962053,61.75188738286817,0.0,4382.163985995696,249.0,COMPLETE
276,61.75188738286817,2026-06-17 02:41:51.030851,2026-06-17 02:47:42.663810,0 days 00:05:51.632959,5.0,0.03,1.1,2.7,0.06,1.1,1.7000000000000002,-41.95360943424255,-41.95360943424255,290.464714607767,2137.440530507257,2535.1881700962053,61.75188738286817,0.0,4382.163985995696,249.0,COMPLETE
277,61.75188738286817,2026-06-17 02:46:20.096323,2026-06-17 02:52:08.845204,0 days 00:05:48.748881,5.0,0.03,1.1,2.7,0.06,1.1,1.7000000000000002,-41.95360943424255,-41.95360943424255,290.464714607767,2137.440530507257,2535.1881700962053,61.75188738286817,0.0,4382.163985995696,249.0,COMPLETE
278,36.4180432434943,2026-06-17 02:46:21.895969,2026-06-17 02:52:08.761657,0 days 00:05:46.865688,5.0,0.03,1.1,2.7,0.06,1.7000000000000002,1.7000000000000002,-41.95360943424255,-41.95360943424255,290.464714607767,1730.847175657171,1255.232744854969,36.4180432434943,0.0,2695.615205904374,150.0,COMPLETE
279,62.737645261824824,2026-06-17 02:46:29.277682,2026-06-17 02:52:17.983293,0 days 00:05:48.705611,5.0,0.03,1.1,2.6,0.06,1.1,1.7000000000000002,-41.95360943424255,-41.95360943424255,351.2116326363408,2171.711208670687,2561.664409961349,62.737645261824824,0.0,4382.163985995696,251.0,COMPLETE
280,61.75188738286817,2026-06-17 02:46:41.778128,2026-06-17 02:52:31.191397,0 days 00:05:49.413269,5.0,0.03,1.1,2.7,0.06,1.1,1.7000000000000002,-41.95360943424255,-41.95360943424255,290.464714607767,2137.440530507257,2535.1881700962053,61.75188738286817,0.0,4382.163985995696,249.0,COMPLETE
281,61.75188738286817,2026-06-17 02:46:43.828730,2026-06-17 02:52:33.430482,0 days 00:05:49.601752,5.0,0.03,1.1,2.7,0.06,1.1,1.7000000000000002,-41.95360943424255,-41.95360943424255,290.464714607767,2137.440530507257,2535.1881700962053,61.75188738286817,0.0,4382.163985995696,249.0,COMPLETE
282,61.75188738286817,2026-06-17 02:47:05.896368,2026-06-17 02:52:55.126253,0 days 00:05:49.229885,5.0,0.03,1.1,2.7,0.06,1.1,1.7000000000000002,-41.95360943424255,-41.95360943424255,290.464714607767,2137.440530507257,2535.1881700962053,61.75188738286817,0.0,4382.163985995696,249.0,COMPLETE
283,61.75188738286817,2026-06-17 02:47:08.676303,2026-06-17 02:52:58.862567,0 days 00:05:50.186264,5.0,0.03,1.1,2.7,0.06,1.1,1.7000000000000002,-41.95360943424255,-41.95360943424255,290.464714607767,2137.440530507257,2535.1881700962053,61.75188738286817,0.0,4382.163985995696,249.0,COMPLETE
284,61.75188738286817,2026-06-17 02:47:14.771472,2026-06-17 02:53:05.130485,0 days 00:05:50.359013,5.0,0.03,1.1,2.7,0.06,1.1,1.7000000000000002,-41.95360943424255,-41.95360943424255,290.464714607767,2137.440530507257,2535.1881700962053,61.75188738286817,0.0,4382.163985995696,249.0,COMPLETE
285,61.75188738286817,2026-06-17 02:47:16.547048,2026-06-17 02:53:07.395469,0 days 00:05:50.848421,5.0,0.03,1.1,2.7,0.06,1.1,1.7000000000000002,-41.95360943424255,-41.95360943424255,290.464714607767,2137.440530507257,2535.1881700962053,61.75188738286817,0.0,4382.163985995696,249.0,COMPLETE
286,61.75188738286817,2026-06-17 02:47:38.349396,2026-06-17 02:53:29.373322,0 days 00:05:51.023926,5.0,0.03,1.1,2.7,0.06,1.1,1.7000000000000002,-41.95360943424255,-41.95360943424255,290.464714607767,2137.440530507257,2535.1881700962053,61.75188738286817,0.0,4382.163985995696,249.0,COMPLETE
287,61.75188738286817,2026-06-17 02:47:42.334824,2026-06-17 02:53:34.342335,0 days 00:05:52.007511,5.0,0.03,1.1,2.7,0.06,1.1,1.7000000000000002,-41.95360943424255,-41.95360943424255,290.464714607767,2137.440530507257,2535.1881700962053,61.75188738286817,0.0,4382.163985995696,249.0,COMPLETE
288,61.75188738286817,2026-06-17 02:47:42.741016,2026-06-17 02:53:34.607319,0 days 00:05:51.866303,5.0,0.04,1.1,2.7,0.06,1.1,1.7000000000000002,-41.95360943424255,-41.95360943424255,290.464714607767,2137.440530507257,2535.1881700962053,61.75188738286817,0.0,4382.163985995696,249.0,COMPLETE
289,61.75188738286817,2026-06-17 02:52:08.903581,2026-06-17 02:57:55.852988,0 days 00:05:46.949407,5.0,0.03,1.1,2.7,0.06,1.1,1.7000000000000002,-41.95360943424255,-41.95360943424255,290.464714607767,2137.440530507257,2535.1881700962053,61.75188738286817,0.0,4382.163985995696,249.0,COMPLETE
290,61.75188738286817,2026-06-17 02:52:08.932272,2026-06-17 02:57:56.399852,0 days 00:05:47.467580,5.0,0.04,1.1,2.7,0.06,1.1,1.7000000000000002,-41.95360943424255,-41.95360943424255,290.464714607767,2137.440530507257,2535.1881700962053,61.75188738286817,0.0,4382.163985995696,249.0,COMPLETE
291,61.75188738286817,2026-06-17 02:52:18.051991,2026-06-17 02:58:06.012055,0 days 00:05:47.960064,5.0,0.04,1.1,2.7,0.06,1.1,1.7000000000000002,-41.95360943424255,-41.95360943424255,290.464714607767,2137.440530507257,2535.1881700962053,61.75188738286817,0.0,4382.163985995696,249.0,COMPLETE
292,61.053906106672976,2026-06-17 02:52:31.260558,2026-06-17 02:58:20.009492,0 days 00:05:48.748934,5.0,0.03,1.1,2.7,0.06,1.1,1.6,-41.95360943424255,-41.95360943424255,290.464714607767,2056.0859462556023,2549.3164345990435,61.053906106672976,0.0,4314.937666246876,250.0,COMPLETE
293,51.657960079083544,2026-06-17 02:52:33.499618,2026-06-17 02:58:21.942125,0 days 00:05:48.442507,5.0,0.04,1.0,2.7,0.06,1.1,1.6,-41.95360943424255,-41.95360943424255,42.60801338652583,2046.5651680408855,2310.9805115925187,51.657960079083544,0.0,4314.937666246876,252.0,COMPLETE
294,51.657960079083544,2026-06-17 02:52:55.194135,2026-06-17 02:58:43.827346,0 days 00:05:48.633211,5.0,0.03,1.0,2.7,0.06,1.1,1.6,-41.95360943424255,-41.95360943424255,42.60801338652583,2046.5651680408855,2310.9805115925187,51.657960079083544,0.0,4314.937666246876,252.0,COMPLETE
295,51.657960079083544,2026-06-17 02:52:58.932045,2026-06-17 02:58:49.048237,0 days 00:05:50.116192,5.0,0.03,1.0,2.7,0.06,1.1,1.6,-41.95360943424255,-41.95360943424255,42.60801338652583,2046.5651680408855,2310.9805115925187,51.657960079083544,0.0,4314.937666246876,252.0,COMPLETE
296,51.657960079083544,2026-06-17 02:53:05.199269,2026-06-17 02:58:55.339507,0 days 00:05:50.140238,5.0,0.03,1.0,2.7,0.06,1.1,1.6,-41.95360943424255,-41.95360943424255,42.60801338652583,2046.5651680408855,2310.9805115925187,51.657960079083544,0.0,4314.937666246876,252.0,COMPLETE
297,61.253261616642035,2026-06-17 02:53:07.464483,2026-06-17 02:58:57.250981,0 days 00:05:49.786498,5.0,0.03,1.0,2.8,0.06,1.1,1.6,-41.95360943424255,-41.95360943424255,302.3851347372283,2067.294461737446,2550.028339246661,61.253261616642035,0.0,4314.937666246876,253.0,COMPLETE
298,61.253261616642035,2026-06-17 02:53:29.443291,2026-06-17 02:59:19.720936,0 days 00:05:50.277645,5.0,0.03,1.0,2.8,0.06,1.1,1.6,-41.95360943424255,-41.95360943424255,302.3851347372283,2067.294461737446,2550.028339246661,61.253261616642035,0.0,4314.937666246876,253.0,COMPLETE
299,61.253261616642035,2026-06-17 02:53:34.410762,2026-06-17 02:59:25.426084,0 days 00:05:51.015322,5.0,0.03,1.0,2.8,0.06,1.1,1.6,-41.95360943424255,-41.95360943424255,302.3851347372283,2067.294461737446,2550.028339246661,61.253261616642035,0.0,4314.937666246876,253.0,COMPLETE
300,59.15115162214567,2026-06-17 02:53:34.748223,2026-06-17 02:59:26.719415,0 days 00:05:51.971192,5.0,0.03,1.1,2.8,0.06,1.1,1.6,-41.95360943424255,-41.95360943424255,173.64381862818345,1950.0034113685958,2538.578073506467,59.15115162214567,0.0,4314.937666246876,247.0,COMPLETE
301,61.253261616642035,2026-06-17 02:57:55.932312,2026-06-17 03:03:43.056018,0 days 00:05:47.123706,5.0,0.03,1.0,2.8,0.06,1.1,1.6,-41.95360943424255,-41.95360943424255,302.3851347372283,2067.294461737446,2550.028339246661,61.253261616642035,0.0,4314.937666246876,253.0,COMPLETE
302,61.253261616642035,2026-06-17 02:57:56.465679,2026-06-17 03:03:43.943700,0 days 00:05:47.478021,5.0,0.03,1.0,2.8,0.06,1.1,1.6,-41.95360943424255,-41.95360943424255,302.3851347372283,2067.294461737446,2550.028339246661,61.253261616642035,0.0,4314.937666246876,253.0,COMPLETE
303,61.253261616642035,2026-06-17 02:58:06.075814,2026-06-17 03:03:53.484481,0 days 00:05:47.408667,5.0,0.03,1.0,2.8,0.06,1.1,1.6,-41.95360943424255,-41.95360943424255,302.3851347372283,2067.294461737446,2550.028339246661,61.253261616642035,0.0,4314.937666246876,253.0,COMPLETE
304,61.253261616642035,2026-06-17 02:58:20.078439,2026-06-17 03:04:08.695253,0 days 00:05:48.616814,5.0,0.03,1.0,2.8,0.06,1.1,1.6,-41.95360943424255,-41.95360943424255,302.3851347372283,2067.294461737446,2550.028339246661,61.253261616642035,0.0,4314.937666246876,253.0,COMPLETE
305,61.253261616642035,2026-06-17 02:58:22.010354,2026-06-17 03:04:10.731926,0 days 00:05:48.721572,5.0,0.03,1.0,2.8,0.06,1.1,1.6,-41.95360943424255,-41.95360943424255,302.3851347372283,2067.294461737446,2550.028339246661,61.253261616642035,0.0,4314.937666246876,253.0,COMPLETE
306,61.253261616642035,2026-06-17 02:58:43.897752,2026-06-17 03:04:32.319747,0 days 00:05:48.421995,5.0,0.03,1.0,2.8,0.06,1.1,1.6,-41.95360943424255,-41.95360943424255,302.3851347372283,2067.294461737446,2550.028339246661,61.253261616642035,0.0,4314.937666246876,253.0,COMPLETE
307,59.15115162214567,2026-06-17 02:58:49.119628,2026-06-17 03:04:39.082454,0 days 00:05:49.962826,5.0,0.03,1.1,2.8,0.06,1.1,1.6,-41.95360943424255,-41.95360943424255,173.64381862818345,1950.0034113685958,2538.578073506467,59.15115162214567,0.0,4314.937666246876,247.0,COMPLETE
308,61.053906106672976,2026-06-17 02:58:55.406133,2026-06-17 03:04:44.966448,0 days 00:05:49.560315,5.0,0.03,1.1,2.7,0.06,1.1,1.6,-41.95360943424255,-41.95360943424255,290.464714607767,2056.0859462556023,2549.3164345990435,61.053906106672976,0.0,4314.937666246876,250.0,COMPLETE
309,59.85005163638681,2026-06-17 02:58:57.406784,2026-06-17 03:04:48.496511,0 days 00:05:51.089727,5.0,0.03,1.1,2.8,0.06,1.1,1.7000000000000002,-41.95360943424255,-41.95360943424255,173.64381862818345,2031.3579956202507,2524.449809003628,59.85005163638681,0.0,4382.163985995696,246.0,COMPLETE
310,59.85005163638681,2026-06-17 02:59:19.791186,2026-06-17 03:05:10.451201,0 days 00:05:50.660015,5.0,0.03,1.1,2.8,0.06,1.1,1.7000000000000002,-41.95360943424255,-41.95360943424255,173.64381862818345,2031.3579956202507,2524.449809003628,59.85005163638681,0.0,4382.163985995696,246.0,COMPLETE
311,59.85005163638681,2026-06-17 02:59:25.496738,2026-06-17 03:05:16.773794,0 days 00:05:51.277056,5.0,0.03,1.1,2.8,0.06,1.1,1.7000000000000002,-41.95360943424255,-41.95360943424255,173.64381862818345,2031.3579956202507,2524.449809003628,59.85005163638681,0.0,4382.163985995696,246.0,COMPLETE
312,59.85005163638681,2026-06-17 02:59:26.791182,2026-06-17 03:05:18.287769,0 days 00:05:51.496587,5.0,0.03,1.1,2.8,0.06,1.1,1.7000000000000002,-41.95360943424255,-41.95360943424255,173.64381862818345,2031.3579956202507,2524.449809003628,59.85005163638681,0.0,4382.163985995696,246.0,COMPLETE
313,61.75188738286817,2026-06-17 03:03:43.121282,2026-06-17 03:09:30.509479,0 days 00:05:47.388197,5.0,0.03,1.1,2.7,0.06,1.1,1.7000000000000002,-41.95360943424255,-41.95360943424255,290.464714607767,2137.440530507257,2535.1881700962053,61.75188738286817,0.0,4382.163985995696,249.0,COMPLETE
314,61.75188738286817,2026-06-17 03:03:44.010409,2026-06-17 03:09:31.929119,0 days 00:05:47.918710,5.0,0.03,1.1,2.7,0.06,1.1,1.7000000000000002,-41.95360943424255,-41.95360943424255,290.464714607767,2137.440530507257,2535.1881700962053,61.75188738286817,0.0,4382.163985995696,249.0,COMPLETE
315,61.75188738286817,2026-06-17 03:03:53.552619,2026-06-17 03:09:42.258887,0 days 00:05:48.706268,5.0,0.03,1.1,2.7,0.06,1.1,1.7000000000000002,-41.95360943424255,-41.95360943424255,290.464714607767,2137.440530507257,2535.1881700962053,61.75188738286817,0.0,4382.163985995696,249.0,COMPLETE
316,61.75188738286817,2026-06-17 03:04:08.764771,2026-06-17 03:09:58.151852,0 days 00:05:49.387081,5.0,0.03,1.1,2.7,0.06,1.1,1.7000000000000002,-41.95360943424255,-41.95360943424255,290.464714607767,2137.440530507257,2535.1881700962053,61.75188738286817,0.0,4382.163985995696,249.0,COMPLETE
317,61.75188738286817,2026-06-17 03:04:10.801067,2026-06-17 03:09:59.649965,0 days 00:05:48.848898,5.0,0.03,1.1,2.7,0.06,1.1,1.7000000000000002,-41.95360943424255,-41.95360943424255,290.464714607767,2137.440530507257,2535.1881700962053,61.75188738286817,0.0,4382.163985995696,249.0,COMPLETE
318,61.75188738286817,2026-06-17 03:04:32.385589,2026-06-17 03:10:21.723998,0 days 00:05:49.338409,5.0,0.03,1.1,2.7,0.06,1.1,1.7000000000000002,-41.95360943424255,-41.95360943424255,290.464714607767,2137.440530507257,2535.1881700962053,61.75188738286817,0.0,4382.163985995696,249.0,COMPLETE
319,61.75188738286817,2026-06-17 03:04:39.152033,2026-06-17 03:10:30.166249,0 days 00:05:51.014216,5.0,0.03,1.1,2.7,0.06,1.1,1.7000000000000002,-41.95360943424255,-41.95360943424255,290.464714607767,2137.440530507257,2535.1881700962053,61.75188738286817,0.0,4382.163985995696,249.0,COMPLETE
320,61.75188738286817,2026-06-17 03:04:45.047232,2026-06-17 03:10:35.064714,0 days 00:05:50.017482,5.0,0.03,1.1,2.7,0.06,1.1,1.7000000000000002,-41.95360943424255,-41.95360943424255,290.464714607767,2137.440530507257,2535.1881700962053,61.75188738286817,0.0,4382.163985995696,249.0,COMPLETE
321,61.75188738286817,2026-06-17 03:04:48.570179,2026-06-17 03:10:38.656670,0 days 00:05:50.086491,5.0,0.03,1.1,2.7,0.06,1.1,1.7000000000000002,-41.95360943424255,-41.95360943424255,290.464714607767,2137.440530507257,2535.1881700962053,61.75188738286817,0.0,4382.163985995696,249.0,COMPLETE
322,61.75188738286817,2026-06-17 03:05:10.524290,2026-06-17 03:11:00.987138,0 days 00:05:50.462848,5.0,0.03,1.1,2.7,0.06,1.1,1.7000000000000002,-41.95360943424255,-41.95360943424255,290.464714607767,2137.440530507257,2535.1881700962053,61.75188738286817,0.0,4382.163985995696,249.0,COMPLETE
323,61.75188738286817,2026-06-17 03:05:16.845463,2026-06-17 03:11:07.960626,0 days 00:05:51.115163,5.0,0.03,1.1,2.7,0.06,1.1,1.7000000000000002,-41.95360943424255,-41.95360943424255,290.464714607767,2137.440530507257,2535.1881700962053,61.75188738286817,0.0,4382.163985995696,249.0,COMPLETE
324,61.75188738286817,2026-06-17 03:05:18.358588,2026-06-17 03:11:09.711980,0 days 00:05:51.353392,5.0,0.03,1.1,2.7,0.06,1.1,1.7000000000000002,-41.95360943424255,-41.95360943424255,290.464714607767,2137.440530507257,2535.1881700962053,61.75188738286817,0.0,4382.163985995696,249.0,COMPLETE
325,51.57732074079294,2026-06-17 03:09:30.577210,2026-06-17 03:15:17.103510,0 days 00:05:46.526300,5.0,0.03,1.1,2.7,0.06,1.2,1.7000000000000002,-41.95360943424255,-41.95360943424255,290.464714607767,2217.8539744667037,1821.2607377804754,51.57732074079294,0.0,3748.6499976394134,211.0,COMPLETE
326,51.57732074079294,2026-06-17 03:09:31.998266,2026-06-17 03:15:19.848384,0 days 00:05:47.850118,5.0,0.03,1.1,2.7,0.06,1.2,1.7000000000000002,-41.95360943424255,-41.95360943424255,290.464714607767,2217.8539744667037,1821.2607377804754,51.57732074079294,0.0,3748.6499976394134,211.0,COMPLETE
327,61.75188738286817,2026-06-17 03:09:42.328146,2026-06-17 03:15:30.314761,0 days 00:05:47.986615,5.0,0.03,1.1,2.7,0.06,1.1,1.7000000000000002,-41.95360943424255,-41.95360943424255,290.464714607767,2137.440530507257,2535.1881700962053,61.75188738286817,0.0,4382.163985995696,249.0,COMPLETE
328,42.94794467802677,2026-06-17 03:09:58.220285,2026-06-17 03:15:47.872776,0 days 00:05:49.652491,5.0,0.03,1.1,2.5,0.06,1.2,1.5,-41.95360943424255,-41.95360943424255,108.28072371376257,2110.418950359857,2316.8334046223613,42.94794467802677,0.0,4318.971631268454,250.0,COMPLETE
329,42.94794467802677,2026-06-17 03:09:59.719179,2026-06-17 03:15:48.715524,0 days 00:05:48.996345,5.0,0.03,1.1,2.5,0.06,1.2,1.5,-41.95360943424255,-41.95360943424255,108.28072371376257,2110.418950359857,2316.8334046223613,42.94794467802677,0.0,4318.971631268454,250.0,COMPLETE
330,42.94794467802677,2026-06-17 03:10:21.791615,2026-06-17 03:16:10.320702,0 days 00:05:48.529087,5.0,0.03,1.1,2.5,0.06,1.2,1.5,-41.95360943424255,-41.95360943424255,108.28072371376257,2110.418950359857,2316.8334046223613,42.94794467802677,0.0,4318.971631268454,250.0,COMPLETE
331,42.94794467802677,2026-06-17 03:10:30.235376,2026-06-17 03:16:21.566180,0 days 00:05:51.330804,5.0,0.03,1.1,2.5,0.06,1.2,1.5,-41.95360943424255,-41.95360943424255,108.28072371376257,2110.418950359857,2316.8334046223613,42.94794467802677,0.0,4318.971631268454,250.0,COMPLETE
332,42.94794467802677,2026-06-17 03:10:35.138160,2026-06-17 03:16:25.417679,0 days 00:05:50.279519,5.0,0.03,1.1,2.5,0.06,1.2,1.5,-41.95360943424255,-41.95360943424255,108.28072371376257,2110.418950359857,2316.8334046223613,42.94794467802677,0.0,4318.971631268454,250.0,COMPLETE
333,42.94794467802677,2026-06-17 03:10:38.728243,2026-06-17 03:16:29.372801,0 days 00:05:50.644558,5.0,0.03,1.1,2.5,0.06,1.2,1.5,-41.95360943424255,-41.95360943424255,108.28072371376257,2110.418950359857,2316.8334046223613,42.94794467802677,0.0,4318.971631268454,250.0,COMPLETE
334,42.94794467802677,2026-06-17 03:11:01.056921,2026-06-17 03:16:51.724794,0 days 00:05:50.667873,5.0,0.03,1.1,2.5,0.06,1.2,1.5,-41.95360943424255,-41.95360943424255,108.28072371376257,2110.418950359857,2316.8334046223613,42.94794467802677,0.0,4318.971631268454,250.0,COMPLETE
335,43.06678861111014,2026-06-17 03:11:08.030588,2026-06-17 03:16:59.113044,0 days 00:05:51.082456,5.0,0.03,1.1,2.5,0.06,1.2,1.7000000000000002,-41.95360943424255,-41.95360943424255,108.28072371376257,2254.3910991005873,1602.5396222525874,43.06678861111014,0.0,3748.6499976394134,211.0,COMPLETE
336,42.94794467802677,2026-06-17 03:11:09.779828,2026-06-17 03:17:01.671436,0 days 00:05:51.891608,5.0,0.03,1.1,2.5,0.06,1.2,1.5,-41.95360943424255,-41.95360943424255,108.28072371376257,2110.418950359857,2316.8334046223613,42.94794467802677,0.0,4318.971631268454,250.0,COMPLETE
337,6.639359114566222,2026-06-17 03:15:17.171311,2026-06-17 03:21:04.836915,0 days 00:05:47.665604,5.0,0.03,0.9,2.5,0.06,1.2,1.5,-41.95360943424255,-41.95360943424255,-281.2207765846151,1741.6970286080805,2296.0538260757594,6.639359114566222,0.0,4318.971631268454,268.0,COMPLETE
338,42.94794467802677,2026-06-17 03:15:19.916355,2026-06-17 03:21:08.262701,0 days 00:05:48.346346,5.0,0.03,1.1,2.5,0.06,1.2,1.5,-41.95360943424255,-41.95360943424255,108.28072371376257,2110.418950359857,2316.8334046223613,42.94794467802677,0.0,4318.971631268454,250.0,COMPLETE
339,42.94794467802677,2026-06-17 03:15:30.384580,2026-06-17 03:21:18.883815,0 days 00:05:48.499235,5.0,0.03,1.1,2.5,0.06,1.2,1.5,-41.95360943424255,-41.95360943424255,108.28072371376257,2110.418950359857,2316.8334046223613,42.94794467802677,0.0,4318.971631268454,250.0,COMPLETE
340,42.94794467802677,2026-06-17 03:15:47.932388,2026-06-17 03:21:37.444107,0 days 00:05:49.511719,5.0,0.03,1.1,2.5,0.06,1.1,1.5,-41.95360943424255,-41.95360943424255,108.28072371376257,2110.418950359857,2316.8334046223613,42.94794467802677,0.0,4318.971631268454,250.0,COMPLETE
341,16.966305086853986,2026-06-17 03:15:48.785381,2026-06-17 03:21:38.466930,0 days 00:05:49.681549,5.0,0.03,0.9,2.5,0.06,1.1,1.7000000000000002,-41.95360943424255,-41.95360943424255,-281.2207765846151,1805.2557333893644,2295.6874760217156,16.966305086853986,0.0,4382.163985995696,267.0,COMPLETE
342,62.737645261824824,2026-06-17 03:16:10.390042,2026-06-17 03:21:59.922950,0 days 00:05:49.532908,5.0,0.03,1.1,2.6,0.06,1.1,1.7000000000000002,-41.95360943424255,-41.95360943424255,351.2116326363408,2171.711208670687,2561.664409961349,62.737645261824824,0.0,4382.163985995696,251.0,COMPLETE
343,62.737645261824824,2026-06-17 03:16:21.635601,2026-06-17 03:22:12.418223,0 days 00:05:50.782622,5.0,0.03,1.1,2.6,0.06,1.1,1.7000000000000002,-41.95360943424255,-41.95360943424255,351.2116326363408,2171.711208670687,2561.664409961349,62.737645261824824,0.0,4382.163985995696,251.0,COMPLETE
344,43.660274289958714,2026-06-17 03:16:25.488567,2026-06-17 03:22:15.340336,0 days 00:05:49.851769,5.0,0.03,0.9,2.6,0.06,1.1,1.7000000000000002,-41.95360943424255,-41.95360943424255,-52.37025202301942,2165.436072954367,2164.357661018308,43.660274289958714,0.0,4382.163985995696,262.0,COMPLETE
345,62.737645261824824,2026-06-17 03:16:29.438104,2026-06-17 03:22:19.883802,0 days 00:05:50.445698,5.0,0.03,1.1,2.6,0.06,1.1,1.7000000000000002,-41.95360943424255,-41.95360943424255,351.2116326363408,2171.711208670687,2561.664409961349,62.737645261824824,0.0,4382.163985995696,251.0,COMPLETE
346,19.279366307698915,2026-06-17 03:16:51.793011,2026-06-17 03:22:42.653598,0 days 00:05:50.860587,5.0,0.03,0.8,2.6,0.06,1.1,1.7000000000000002,-41.95360943424255,-41.95360943424255,-173.57530778293395,1780.7100057026792,2427.8786725100817,19.279366307698915,0.0,4382.163985995696,276.0,COMPLETE
347,62.737645261824824,2026-06-17 03:16:59.175412,2026-06-17 03:22:50.750310,0 days 00:05:51.574898,5.0,0.03,1.1,2.6,0.06,1.1,1.7000000000000002,-41.95360943424255,-41.95360943424255,351.2116326363408,2171.711208670687,2561.664409961349,62.737645261824824,0.0,4382.163985995696,251.0,COMPLETE
348,62.21119170784094,2026-06-17 03:17:01.752159,2026-06-17 03:22:53.734478,0 days 00:05:51.982319,5.0,0.03,1.1,2.6,0.06,1.1,1.8,-41.95360943424255,-41.95360943424255,351.2116326363408,2081.88870670641,2634.929959621581,62.21119170784094,0.0,4365.607033691652,251.0,COMPLETE
349,62.737645261824824,2026-06-17 03:21:04.906610,2026-06-17 03:26:52.208064,0 days 00:05:47.301454,5.0,0.03,1.1,2.6,0.06,1.1,1.7000000000000002,-41.95360943424255,-41.95360943424255,351.2116326363408,2171.711208670687,2561.664409961349,62.737645261824824,0.0,4382.163985995696,251.0,COMPLETE
350,62.737645261824824,2026-06-17 03:21:08.333086,2026-06-17 03:26:55.685543,0 days 00:05:47.352457,5.0,0.03,1.1,2.6,0.06,1.1,1.7000000000000002,-41.95360943424255,-41.95360943424255,351.2116326363408,2171.711208670687,2561.664409961349,62.737645261824824,0.0,4382.163985995696,251.0,COMPLETE
351,51.84308571650248,2026-06-17 03:21:18.950531,2026-06-17 03:27:06.949779,0 days 00:05:47.999248,5.0,0.03,1.0,2.6,0.06,1.1,1.8,-41.95360943424255,-41.95360943424255,51.93635116885962,2045.4177604446581,2372.1256244158517,51.84308571650248,0.0,4365.607033691652,251.0,COMPLETE
352,51.84308571650248,2026-06-17 03:21:37.510417,2026-06-17 03:27:26.752661,0 days 00:05:49.242244,5.0,0.03,1.0,2.6,0.06,1.1,1.8,-41.95360943424255,-41.95360943424255,51.93635116885962,2045.4177604446581,2372.1256244158517,51.84308571650248,0.0,4365.607033691652,251.0,COMPLETE
353,-1230.0,2026-06-17 03:21:38.538344,2026-06-17 03:27:26.093928,0 days 00:05:47.555584,5.0,0.03,1.0,2.6,0.06,1.1,2.5,-41.95360943424255,-41.95360943424255,51.93635116885962,131.86152079774587,-76.03199821486871,-1230.0,0.0,3.89317141401753,27.0,COMPLETE
354,51.84308571650248,2026-06-17 03:21:59.987993,2026-06-17 03:27:48.602836,0 days 00:05:48.614843,5.0,0.03,1.0,2.6,0.06,1.1,1.8,-41.95360943424255,-41.95360943424255,51.93635116885962,2045.4177604446581,2372.1256244158517,51.84308571650248,0.0,4365.607033691652,251.0,COMPLETE
355,51.84308571650248,2026-06-17 03:22:12.488336,2026-06-17 03:28:02.783492,0 days 00:05:50.295156,5.0,0.03,1.0,2.6,0.06,1.1,1.8,-41.95360943424255,-41.95360943424255,51.93635116885962,2045.4177604446581,2372.1256244158517,51.84308571650248,0.0,4365.607033691652,251.0,COMPLETE
356,-1210.0,2026-06-17 03:22:15.411235,2026-06-17 03:28:03.159081,0 days 00:05:47.747846,0.5,0.03,1.0,2.6,0.06,1.1,1.8,-21.433360526344817,-21.433360526344817,101.38671587795339,72.20159568726537,39.46959713344609,-1210.0,0.0,10.28447694275809,29.0,COMPLETE
357,51.84308571650248,2026-06-17 03:22:19.948432,2026-06-17 03:28:10.136270,0 days 00:05:50.187838,5.0,0.03,1.0,2.6,0.06,1.1,1.8,-41.95360943424255,-41.95360943424255,51.93635116885962,2045.4177604446581,2372.1256244158517,51.84308571650248,0.0,4365.607033691652,251.0,COMPLETE
358,51.84308571650248,2026-06-17 03:22:42.722529,2026-06-17 03:28:33.662639,0 days 00:05:50.940110,5.0,0.03,1.0,2.6,0.06,1.1,1.8,-41.95360943424255,-41.95360943424255,51.93635116885962,2045.4177604446581,2372.1256244158517,51.84308571650248,0.0,4365.607033691652,251.0,COMPLETE
359,51.84308571650248,2026-06-17 03:22:50.821775,2026-06-17 03:28:42.636052,0 days 00:05:51.814277,5.0,0.03,1.0,2.6,0.06,1.1,1.8,-41.95360943424255,-41.95360943424255,51.93635116885962,2045.4177604446581,2372.1256244158517,51.84308571650248,0.0,4365.607033691652,251.0,COMPLETE
360,51.84308571650248,2026-06-17 03:22:53.799509,2026-06-17 03:28:44.606249,0 days 00:05:50.806740,5.0,0.03,1.0,2.6,0.06,1.1,1.8,-41.95360943424255,-41.95360943424255,51.93635116885962,2045.4177604446581,2372.1256244158517,51.84308571650248,0.0,4365.607033691652,251.0,COMPLETE
361,-1210.0,2026-06-17 03:26:52.273995,2026-06-17 03:32:37.874433,0 days 00:05:45.600438,0.5,0.05,1.0,2.6,0.06,1.1,1.8,-21.433360526344817,-21.433360526344817,101.38671587795339,72.20159568726537,39.46959713344609,-1210.0,0.0,10.28447694275809,29.0,COMPLETE
362,-1230.0,2026-06-17 03:26:55.755585,2026-06-17 03:32:42.449887,0 days 00:05:46.694302,5.0,0.03,1.0,2.6,0.06,1.1,2.6,-41.95360943424255,-41.95360943424255,51.93635116885962,129.80952740397834,-76.03199821486871,-1230.0,0.0,1.8411780202499557,27.0,COMPLETE
363,62.21119170784094,2026-06-17 03:27:07.018599,2026-06-17 03:32:56.174466,0 days 00:05:49.155867,5.0,0.03,1.1,2.6,0.06,1.1,1.8,-41.95360943424255,-41.95360943424255,351.2116326363408,2081.88870670641,2634.929959621581,62.21119170784094,0.0,4365.607033691652,251.0,COMPLETE
364,62.21119170784094,2026-06-17 03:27:26.159646,2026-06-17 03:33:15.940480,0 days 00:05:49.780834,5.0,0.03,1.1,2.6,0.06,1.1,1.8,-41.95360943424255,-41.95360943424255,351.2116326363408,2081.88870670641,2634.929959621581,62.21119170784094,0.0,4365.607033691652,251.0,COMPLETE
365,62.21119170784094,2026-06-17 03:27:26.844911,2026-06-17 03:33:16.447365,0 days 00:05:49.602454,5.0,0.03,1.1,2.6,0.06,1.1,1.8,-41.95360943424255,-41.95360943424255,351.2116326363408,2081.88870670641,2634.929959621581,62.21119170784094,0.0,4365.607033691652,251.0,COMPLETE
366,37.14076007704589,2026-06-17 03:27:48.672586,2026-06-17 03:33:39.156131,0 days 00:05:50.483545,2.5,0.03,0.6,2.6,0.06,1.1,1.8,-41.95360943424255,-41.95360943424255,30.96814104630259,1314.6988855735408,1450.0728632965158,37.14076007704589,0.0,2733.803607823756,251.0,COMPLETE
367,62.21119170784094,2026-06-17 03:28:02.851884,2026-06-17 03:33:55.011035,0 days 00:05:52.159151,5.0,0.03,1.1,2.6,0.06,1.1,1.8,-41.95360943424255,-41.95360943424255,351.2116326363408,2081.88870670641,2634.929959621581,62.21119170784094,0.0,4365.607033691652,251.0,COMPLETE
368,62.21119170784094,2026-06-17 03:28:03.249830,2026-06-17 03:33:54.230062,0 days 00:05:50.980232,5.0,0.05,1.1,2.6,0.06,1.1,1.8,-41.95360943424255,-41.95360943424255,351.2116326363408,2081.88870670641,2634.929959621581,62.21119170784094,0.0,4365.607033691652,251.0,COMPLETE
369,62.03996317138653,2026-06-17 03:28:10.204451,2026-06-17 03:34:01.702798,0 days 00:05:51.498347,5.0,0.03,1.1,2.6,0.06,1.1,1.6,-41.95360943424255,-41.95360943424255,351.2116326363408,2090.356624419032,2575.792674464187,62.03996317138653,0.0,4314.937666246876,252.0,COMPLETE
370,62.03996317138653,2026-06-17 03:28:33.732274,2026-06-17 03:34:25.681396,0 days 00:05:51.949122,5.0,0.03,1.1,2.6,0.06,1.1,1.6,-41.95360943424255,-41.95360943424255,351.2116326363408,2090.356624419032,2575.792674464187,62.03996317138653,0.0,4314.937666246876,252.0,COMPLETE
371,62.03996317138653,2026-06-17 03:28:42.704884,2026-06-17 03:34:35.221402,0 days 00:05:52.516518,5.0,0.03,1.1,2.6,0.06,1.1,1.6,-41.95360943424255,-41.95360943424255,351.2116326363408,2090.356624419032,2575.792674464187,62.03996317138653,0.0,4314.937666246876,252.0,COMPLETE
372,31.24581047802299,2026-06-17 03:28:44.675179,2026-06-17 03:34:36.434761,0 days 00:05:51.759582,5.0,0.03,1.1,2.6,0.06,2.0,1.6,-41.95360943424255,-41.95360943424255,351.2116326363408,1485.6968781585354,1156.562136200976,31.24581047802299,0.0,2291.047381723172,134.0,COMPLETE
373,19.355065836904405,2026-06-17 03:32:37.948607,2026-06-17 03:38:24.722220,0 days 00:05:46.773613,5.0,0.03,1.1,2.4000000000000004,0.06,2.0,1.6,-41.95360943424255,-41.95360943424255,72.93091794158906,1465.7006347887916,898.2776648759684,19.355065836904405,0.0,2291.047381723172,134.0,COMPLETE
374,51.89819891904225,2026-06-17 03:32:42.523205,2026-06-17 03:38:30.477347,0 days 00:05:47.954142,5.0,0.03,1.1,2.4000000000000004,0.06,1.1,1.6,-41.95360943424255,-41.95360943424255,72.93091794158906,2070.360381049288,2317.5082031391785,51.89819891904225,0.0,4314.937666246876,252.0,COMPLETE
375,62.03996317138653,2026-06-17 03:32:56.244593,2026-06-17 03:38:45.644345,0 days 00:05:49.399752,5.0,0.03,1.1,2.6,0.04,1.1,1.6,-41.95360943424255,-41.95360943424255,351.2116326363408,2090.356624419032,2575.792674464187,62.03996317138653,0.0,4314.937666246876,252.0,COMPLETE
376,54.46881748453554,2026-06-17 03:33:16.013404,2026-06-17 03:39:07.107346,0 days 00:05:51.093942,5.0,0.03,0.6,2.6,0.06,1.1,1.6,-41.95360943424255,-41.95360943424255,34.04758144315757,1939.5459867705174,2409.4392609195183,54.46881748453554,0.0,4314.937666246876,252.0,COMPLETE
377,62.03996317138653,2026-06-17 03:33:16.610612,2026-06-17 03:39:06.263861,0 days 00:05:49.653249,5.0,0.03,1.1,2.6,0.04,1.1,1.6,-41.95360943424255,-41.95360943424255,351.2116326363408,2090.356624419032,2575.792674464187,62.03996317138653,0.0,4314.937666246876,252.0,COMPLETE
378,31.24581047802299,2026-06-17 03:33:39.232124,2026-06-17 03:39:27.896499,0 days 00:05:48.664375,5.0,0.03,1.1,2.6,0.04,2.0,1.6,-41.95360943424255,-41.95360943424255,351.2116326363408,1485.6968781585354,1156.562136200976,31.24581047802299,0.0,2291.047381723172,134.0,COMPLETE
379,62.03996317138653,2026-06-17 03:33:54.304525,2026-06-17 03:39:45.592105,0 days 00:05:51.287580,5.0,0.04,1.1,2.6,0.04,1.1,1.6,-41.95360943424255,-41.95360943424255,351.2116326363408,2090.356624419032,2575.792674464187,62.03996317138653,0.0,4314.937666246876,252.0,COMPLETE
380,62.737645261824824,2026-06-17 03:33:55.088126,2026-06-17 03:39:47.353729,0 days 00:05:52.265603,5.0,0.04,1.1,2.6,0.06,1.1,1.7000000000000002,-41.95360943424255,-41.95360943424255,351.2116326363408,2171.711208670687,2561.664409961349,62.737645261824824,0.0,4382.163985995696,251.0,COMPLETE
381,62.737645261824824,2026-06-17 03:34:01.777528,2026-06-17 03:39:54.022921,0 days 00:05:52.245393,5.0,0.04,1.1,2.6,0.05,1.1,1.7000000000000002,-41.95360943424255,-41.95360943424255,351.2116326363408,2171.711208670687,2561.664409961349,62.737645261824824,0.0,4382.163985995696,251.0,COMPLETE
382,62.737645261824824,2026-06-17 03:34:25.757670,2026-06-17 03:40:17.920748,0 days 00:05:52.163078,5.0,0.04,1.1,2.6,0.05,1.1,1.7000000000000002,-41.95360943424255,-41.95360943424255,351.2116326363408,2171.711208670687,2561.664409961349,62.737645261824824,0.0,4382.163985995696,251.0,COMPLETE
383,62.737645261824824,2026-06-17 03:34:35.295472,2026-06-17 03:40:28.447958,0 days 00:05:53.152486,5.0,0.03,1.1,2.6,0.04,1.1,1.7000000000000002,-41.95360943424255,-41.95360943424255,351.2116326363408,2171.711208670687,2561.664409961349,62.737645261824824,0.0,4382.163985995696,251.0,COMPLETE
384,62.737645261824824,2026-06-17 03:34:36.512059,2026-06-17 03:40:29.976078,0 days 00:05:53.464019,5.0,0.05,1.1,2.6,0.05,1.1,1.7000000000000002,-41.95360943424255,-41.95360943424255,351.2116326363408,2171.711208670687,2561.664409961349,62.737645261824824,0.0,4382.163985995696,251.0,COMPLETE
385,62.737645261824824,2026-06-17 03:38:24.790665,2026-06-17 03:44:13.062116,0 days 00:05:48.271451,5.0,0.05,1.1,2.6,0.06,1.1,1.7000000000000002,-41.95360943424255,-41.95360943424255,351.2116326363408,2171.711208670687,2561.664409961349,62.737645261824824,0.0,4382.163985995696,251.0,COMPLETE
386,62.737645261824824,2026-06-17 03:38:30.543997,2026-06-17 03:44:19.136108,0 days 00:05:48.592111,5.0,0.05,1.1,2.6,0.06,1.1,1.7000000000000002,-41.95360943424255,-41.95360943424255,351.2116326363408,2171.711208670687,2561.664409961349,62.737645261824824,0.0,4382.163985995696,251.0,COMPLETE
387,62.737645261824824,2026-06-17 03:38:45.720187,2026-06-17 03:44:35.487986,0 days 00:05:49.767799,5.0,0.04,1.1,2.6,0.05,1.1,1.7000000000000002,-41.95360943424255,-41.95360943424255,351.2116326363408,2171.711208670687,2561.664409961349,62.737645261824824,0.0,4382.163985995696,251.0,COMPLETE
388,62.737645261824824,2026-06-17 03:39:06.328133,2026-06-17 03:44:56.779081,0 days 00:05:50.450948,5.0,0.05,1.1,2.6,0.05,1.1,1.7000000000000002,-41.95360943424255,-41.95360943424255,351.2116326363408,2171.711208670687,2561.664409961349,62.737645261824824,0.0,4382.163985995696,251.0,COMPLETE
389,62.737645261824824,2026-06-17 03:39:07.180156,2026-06-17 03:44:57.901121,0 days 00:05:50.720965,5.0,0.05,1.1,2.6,0.06,1.1,1.7000000000000002,-41.95360943424255,-41.95360943424255,351.2116326363408,2171.711208670687,2561.664409961349,62.737645261824824,0.0,4382.163985995696,251.0,COMPLETE
390,62.737645261824824,2026-06-17 03:39:27.961458,2026-06-17 03:45:19.741024,0 days 00:05:51.779566,5.0,0.03,1.1,2.6,0.05,1.1,1.7000000000000002,-41.95360943424255,-41.95360943424255,351.2116326363408,2171.711208670687,2561.664409961349,62.737645261824824,0.0,4382.163985995696,251.0,COMPLETE
391,62.737645261824824,2026-06-17 03:39:45.660930,2026-06-17 03:45:37.110890,0 days 00:05:51.449960,5.0,0.04,1.1,2.6,0.05,1.1,1.7000000000000002,-41.95360943424255,-41.95360943424255,351.2116326363408,2171.711208670687,2561.664409961349,62.737645261824824,0.0,4382.163985995696,251.0,COMPLETE
392,62.737645261824824,2026-06-17 03:39:47.423061,2026-06-17 03:45:40.232736,0 days 00:05:52.809675,5.0,0.05,1.1,2.6,0.05,1.1,1.7000000000000002,-41.95360943424255,-41.95360943424255,351.2116326363408,2171.711208670687,2561.664409961349,62.737645261824824,0.0,4382.163985995696,251.0,COMPLETE
393,-1140.0,2026-06-17 03:39:54.089042,2026-06-17 03:45:44.961409,0 days 00:05:50.872367,1.5,0.05,1.1,2.6,0.06,1.1,1.7000000000000002,-41.95360943424255,-41.95360943424255,316.17688779220634,172.82143573194463,179.89169875952496,-1140.0,0.0,36.53624669926318,36.0,COMPLETE
394,62.737645261824824,2026-06-17 03:40:17.990596,2026-06-17 03:46:11.364765,0 days 00:05:53.374169,5.0,0.04,1.1,2.6,0.05,1.1,1.7000000000000002,-41.95360943424255,-41.95360943424255,351.2116326363408,2171.711208670687,2561.664409961349,62.737645261824824,0.0,4382.163985995696,251.0,COMPLETE
395,62.737645261824824,2026-06-17 03:40:28.518783,2026-06-17 03:46:22.408601,0 days 00:05:53.889818,5.0,0.04,1.1,2.6,0.05,1.1,1.7000000000000002,-41.95360943424255,-41.95360943424255,351.2116326363408,2171.711208670687,2561.664409961349,62.737645261824824,0.0,4382.163985995696,251.0,COMPLETE
396,62.737645261824824,2026-06-17 03:40:30.047480,2026-06-17 03:46:24.548537,0 days 00:05:54.501057,5.0,0.04,1.1,2.6,0.05,1.1,1.7000000000000002,-41.95360943424255,-41.95360943424255,351.2116326363408,2171.711208670687,2561.664409961349,62.737645261824824,0.0,4382.163985995696,251.0,COMPLETE
397,62.737645261824824,2026-06-17 03:44:13.130826,2026-06-17 03:50:13.164292,0 days 00:06:00.033466,5.0,0.05,1.1,2.6,0.05,1.1,1.7000000000000002,-41.95360943424255,-41.95360943424255,351.2116326363408,2171.711208670687,2561.664409961349,62.737645261824824,0.0,4382.163985995696,251.0,COMPLETE
398,62.737645261824824,2026-06-17 03:44:19.211550,2026-06-17 03:50:20.069524,0 days 00:06:00.857974,5.0,0.05,1.1,2.6,0.05,1.1,1.7000000000000002,-41.95360943424255,-41.95360943424255,351.2116326363408,2171.711208670687,2561.664409961349,62.737645261824824,0.0,4382.163985995696,251.0,COMPLETE
399,53.27805550540395,2026-06-17 03:44:35.551796,2026-06-17 03:50:40.191309,0 days 00:06:04.639513,5.0,0.05,1.1,2.5,0.05,1.1,1.7000000000000002,-41.95360943424255,-41.95360943424255,108.28072371376257,2173.9776551411405,2316.467054568317,53.27805550540395,0.0,4382.163985995696,249.0,COMPLETE
400,62.737645261824824,2026-06-17 03:44:56.849690,2026-06-17 03:51:04.441659,0 days 00:06:07.591969,5.0,0.05,1.1,2.6,0.05,1.1,1.7000000000000002,-41.95360943424255,-41.95360943424255,351.2116326363408,2171.711208670687,2561.664409961349,62.737645261824824,0.0,4382.163985995696,251.0,COMPLETE
401,62.737645261824824,2026-06-17 03:44:57.976739,2026-06-17 03:51:06.533320,0 days 00:06:08.556581,5.0,0.05,1.1,2.6,0.05,1.1,1.7000000000000002,-41.95360943424255,-41.95360943424255,351.2116326363408,2171.711208670687,2561.664409961349,62.737645261824824,0.0,4382.163985995696,251.0,COMPLETE
402,62.737645261824824,2026-06-17 03:45:19.806706,2026-06-17 03:51:28.900461,0 days 00:06:09.093755,5.0,0.05,1.1,2.6,0.05,1.1,1.7000000000000002,-41.95360943424255,-41.95360943424255,351.2116326363408,2171.711208670687,2561.664409961349,62.737645261824824,0.0,4382.163985995696,251.0,COMPLETE
403,62.737645261824824,2026-06-17 03:45:37.179527,2026-06-17 03:51:49.660180,0 days 00:06:12.480653,5.0,0.05,1.1,2.6,0.05,1.1,1.7000000000000002,-41.95360943424255,-41.95360943424255,351.2116326363408,2171.711208670687,2561.664409961349,62.737645261824824,0.0,4382.163985995696,251.0,COMPLETE
404,62.737645261824824,2026-06-17 03:45:40.302078,2026-06-17 03:51:53.719145,0 days 00:06:13.417067,5.0,0.05,1.1,2.6,0.05,1.1,1.7000000000000002,-41.95360943424255,-41.95360943424255,351.2116326363408,2171.711208670687,2561.664409961349,62.737645261824824,0.0,4382.163985995696,251.0,COMPLETE
405,62.737645261824824,2026-06-17 03:45:45.033036,2026-06-17 03:51:56.283567,0 days 00:06:11.250531,5.0,0.05,1.1,2.6,0.05,1.1,1.7000000000000002,-41.95360943424255,-41.95360943424255,351.2116326363408,2171.711208670687,2561.664409961349,62.737645261824824,0.0,4382.163985995696,251.0,COMPLETE
406,62.737645261824824,2026-06-17 03:46:11.436574,2026-06-17 03:52:26.017571,0 days 00:06:14.580997,5.0,0.05,1.1,2.6,0.05,1.1,1.7000000000000002,-41.95360943424255,-41.95360943424255,351.2116326363408,2171.711208670687,2561.664409961349,62.737645261824824,0.0,4382.163985995696,251.0,COMPLETE
407,62.737645261824824,2026-06-17 03:46:22.482974,2026-06-17 03:52:37.041332,0 days 00:06:14.558358,5.0,0.05,1.1,2.6,0.05,1.1,1.7000000000000002,-41.95360943424255,-41.95360943424255,351.2116326363408,2171.711208670687,2561.664409961349,62.737645261824824,0.0,4382.163985995696,251.0,COMPLETE
408,62.737645261824824,2026-06-17 03:46:24.620544,2026-06-17 03:52:39.628606,0 days 00:06:15.008062,5.0,0.05,1.1,2.6,0.05,1.1,1.7000000000000002,-41.95360943424255,-41.95360943424255,351.2116326363408,2171.711208670687,2561.664409961349,62.737645261824824,0.0,4382.163985995696,251.0,COMPLETE
409,62.737645261824824,2026-06-17 03:50:13.248485,2026-06-17 03:56:16.386586,0 days 00:06:03.138101,5.0,0.05,1.1,2.6,0.05,1.1,1.7000000000000002,-41.95360943424255,-41.95360943424255,351.2116326363408,2171.711208670687,2561.664409961349,62.737645261824824,0.0,4382.163985995696,251.0,COMPLETE
410,52.465570212791626,2026-06-17 03:50:20.157833,2026-06-17 03:56:21.570093,0 days 00:06:01.412260,5.0,0.05,1.0,2.6,0.05,1.1,1.7000000000000002,-41.95360943424255,-41.95360943424255,51.93635116885962,2135.240262408935,2298.8600747556197,52.465570212791626,0.0,4382.163985995696,251.0,COMPLETE
411,53.6212461642078,2026-06-17 03:50:40.305555,2026-06-17 03:56:39.731277,0 days 00:05:59.425722,5.0,0.05,1.0,1.3,0.05,1.1,1.7000000000000002,-41.95360943424255,-41.95360943424255,11.99166341580801,2057.623833897544,2336.531815513959,53.6212461642078,0.0,4382.163985995696,255.0,COMPLETE
412,51.31767780824581,2026-06-17 03:51:04.520241,2026-06-17 03:57:02.296850,0 days 00:05:57.776609,5.0,0.05,1.0,1.6,0.05,1.1,1.7000000000000002,-41.95360943424255,-41.95360943424255,-22.382053960668472,2031.121439505148,2328.660492529879,51.31767780824581,0.0,4382.163985995696,252.0,COMPLETE
413,52.465570212791626,2026-06-17 03:51:06.608326,2026-06-17 03:57:03.868466,0 days 00:05:57.260140,5.0,0.05,1.0,2.6,0.05,1.1,1.7000000000000002,-41.95360943424255,-41.95360943424255,51.93635116885962,2135.240262408935,2298.8600747556197,52.465570212791626,0.0,4382.163985995696,251.0,COMPLETE
414,52.465570212791626,2026-06-17 03:51:28.971057,2026-06-17 03:57:23.733448,0 days 00:05:54.762391,5.0,0.04,1.0,2.6,0.05,1.1,1.7000000000000002,-41.95360943424255,-41.95360943424255,51.93635116885962,2135.240262408935,2298.8600747556197,52.465570212791626,0.0,4382.163985995696,251.0,COMPLETE
415,52.465570212791626,2026-06-17 03:51:49.730506,2026-06-17 03:57:43.709949,0 days 00:05:53.979443,5.0,0.04,1.0,2.6,0.05,1.1,1.7000000000000002,-41.95360943424255,-41.95360943424255,51.93635116885962,2135.240262408935,2298.8600747556197,52.465570212791626,0.0,4382.163985995696,251.0,COMPLETE
416,62.737645261824824,2026-06-17 03:51:53.791947,2026-06-17 03:57:49.078011,0 days 00:05:55.286064,5.0,0.04,1.1,2.6,0.05,1.1,1.7000000000000002,-41.95360943424255,-41.95360943424255,351.2116326363408,2171.711208670687,2561.664409961349,62.737645261824824,0.0,4382.163985995696,251.0,COMPLETE
417,52.465570212791626,2026-06-17 03:51:56.355024,2026-06-17 03:57:51.240678,0 days 00:05:54.885654,5.0,0.04,1.0,2.6,0.05,1.1,1.7000000000000002,-41.95360943424255,-41.95360943424255,51.93635116885962,2135.240262408935,2298.8600747556197,52.465570212791626,0.0,4382.163985995696,251.0,COMPLETE
418,52.465570212791626,2026-06-17 03:52:26.084716,2026-06-17 03:58:18.995872,0 days 00:05:52.911156,5.0,0.04,1.0,2.6,0.05,1.1,1.7000000000000002,-41.95360943424255,-41.95360943424255,51.93635116885962,2135.240262408935,2298.8600747556197,52.465570212791626,0.0,4382.163985995696,251.0,COMPLETE
419,22.952321150601477,2026-06-17 03:52:37.111851,2026-06-17 03:58:30.008772,0 days 00:05:52.896921,5.0,0.04,1.0,2.6,0.05,1.8,1.7000000000000002,-41.95360943424255,-41.95360943424255,51.93635116885962,1613.7450035339407,986.3563884040802,22.952321150601477,0.0,2548.1650407691623,143.0,COMPLETE
420,52.39180673333898,2026-06-17 03:52:39.702607,2026-06-17 03:58:32.711060,0 days 00:05:53.008453,5.0,0.04,1.0,2.7,0.05,1.1,1.7000000000000002,-41.95360943424255,-41.95360943424255,42.60801338652583,2127.9197522925397,2296.852247089681,52.39180673333898,0.0,4382.163985995696,251.0,COMPLETE
421,52.39180673333898,2026-06-17 03:56:16.460813,2026-06-17 04:02:04.337809,0 days 00:05:47.876996,5.0,0.04,1.0,2.7,0.05,1.1,1.7000000000000002,-41.95360943424255,-41.95360943424255,42.60801338652583,2127.9197522925397,2296.852247089681,52.39180673333898,0.0,4382.163985995696,251.0,COMPLETE
422,52.39180673333898,2026-06-17 03:56:21.643337,2026-06-17 04:02:09.754785,0 days 00:05:48.111448,5.0,0.04,1.0,2.7,0.05,1.1,1.7000000000000002,-41.95360943424255,-41.95360943424255,42.60801338652583,2127.9197522925397,2296.852247089681,52.39180673333898,0.0,4382.163985995696,251.0,COMPLETE
423,52.39180673333898,2026-06-17 03:56:39.808702,2026-06-17 04:02:28.884851,0 days 00:05:49.076149,5.0,0.04,1.0,2.7,0.05,1.1,1.7000000000000002,-41.95360943424255,-41.95360943424255,42.60801338652583,2127.9197522925397,2296.852247089681,52.39180673333898,0.0,4382.163985995696,251.0,COMPLETE
424,-1240.0,2026-06-17 03:57:02.378035,2026-06-17 04:02:50.720727,0 days 00:05:48.342692,5.0,0.04,1.0,2.7,0.05,1.1,2.9000000000000004,-41.95360943424255,-41.95360943424255,42.60801338652583,146.81814361330498,-97.73013095393402,-1240.0,0.0,6.479999272845088,26.0,COMPLETE
425,52.39180673333898,2026-06-17 03:57:03.951795,2026-06-17 04:02:53.249166,0 days 00:05:49.297371,5.0,0.04,1.0,2.7,0.05,1.1,1.7000000000000002,-41.95360943424255,-41.95360943424255,42.60801338652583,2127.9197522925397,2296.852247089681,52.39180673333898,0.0,4382.163985995696,251.0,COMPLETE
426,61.75188738286817,2026-06-17 03:57:23.807749,2026-06-17 04:03:13.602346,0 days 00:05:49.794597,5.0,0.04,1.1,2.7,0.05,1.1,1.7000000000000002,-41.95360943424255,-41.95360943424255,290.464714607767,2137.440530507257,2535.1881700962053,61.75188738286817,0.0,4382.163985995696,249.0,COMPLETE
427,61.75188738286817,2026-06-17 03:57:43.782505,2026-06-17 04:03:34.582512,0 days 00:05:50.800007,5.0,0.04,1.1,2.7,0.05,1.1,1.7000000000000002,-41.95360943424255,-41.95360943424255,290.464714607767,2137.440530507257,2535.1881700962053,61.75188738286817,0.0,4382.163985995696,249.0,COMPLETE
428,61.75188738286817,2026-06-17 03:57:49.163618,2026-06-17 04:03:40.483260,0 days 00:05:51.319642,5.0,0.04,1.1,2.7,0.05,1.1,1.7000000000000002,-41.95360943424255,-41.95360943424255,290.464714607767,2137.440530507257,2535.1881700962053,61.75188738286817,0.0,4382.163985995696,249.0,COMPLETE
429,61.053906106672976,2026-06-17 03:57:51.317836,2026-06-17 04:03:42.668495,0 days 00:05:51.350659,5.0,0.04,1.1,2.7,0.05,1.1,1.6,-41.95360943424255,-41.95360943424255,290.464714607767,2056.0859462556023,2549.3164345990435,61.053906106672976,0.0,4314.937666246876,250.0,COMPLETE
430,61.75188738286817,2026-06-17 03:58:19.079676,2026-06-17 04:04:10.455271,0 days 00:05:51.375595,5.0,0.04,1.1,2.7,0.05,1.1,1.7000000000000002,-41.95360943424255,-41.95360943424255,290.464714607767,2137.440530507257,2535.1881700962053,61.75188738286817,0.0,4382.163985995696,249.0,COMPLETE
431,61.053906106672976,2026-06-17 03:58:30.089542,2026-06-17 04:04:22.260147,0 days 00:05:52.170605,5.0,0.04,1.1,2.7,0.05,1.1,1.6,-41.95360943424255,-41.95360943424255,290.464714607767,2056.0859462556023,2549.3164345990435,61.053906106672976,0.0,4314.937666246876,250.0,COMPLETE
432,61.053906106672976,2026-06-17 03:58:32.785063,2026-06-17 04:04:24.671289,0 days 00:05:51.886226,5.0,0.06,1.1,2.7,0.05,1.1,1.6,-41.95360943424255,-41.95360943424255,290.464714607767,2056.0859462556023,2549.3164345990435,61.053906106672976,0.0,4314.937666246876,250.0,COMPLETE
433,52.5471539568795,2026-06-17 04:02:04.405600,2026-06-17 04:07:52.658038,0 days 00:05:48.252438,5.0,0.04,1.1,2.5,0.05,1.1,1.6,-41.95360943424255,-41.95360943424255,108.28072371376257,2092.6230708894855,2330.595319071155,52.5471539568795,0.0,4314.937666246876,250.0,COMPLETE
434,52.5471539568795,2026-06-17 04:02:09.823215,2026-06-17 04:07:58.067657,0 days 00:05:48.244442,5.0,0.04,1.1,2.5,0.05,1.1,1.6,-41.95360943424255,-41.95360943424255,108.28072371376257,2092.6230708894855,2330.595319071155,52.5471539568795,0.0,4314.937666246876,250.0,COMPLETE
435,52.5471539568795,2026-06-17 04:02:28.953467,2026-06-17 04:08:17.862010,0 days 00:05:48.908543,5.0,0.06,1.1,2.5,0.05,1.1,1.6,-41.95360943424255,-41.95360943424255,108.28072371376257,2092.6230708894855,2330.595319071155,52.5471539568795,0.0,4314.937666246876,250.0,COMPLETE
436,52.5471539568795,2026-06-17 04:02:50.788533,2026-06-17 04:08:40.301963,0 days 00:05:49.513430,5.0,0.06,1.1,2.5,0.05,1.1,1.6,-41.95360943424255,-41.95360943424255,108.28072371376257,2092.6230708894855,2330.595319071155,52.5471539568795,0.0,4314.937666246876,250.0,COMPLETE
437,52.5471539568795,2026-06-17 04:02:53.317862,2026-06-17 04:08:42.338982,0 days 00:05:49.021120,5.0,0.05,1.1,2.5,0.04,1.1,1.6,-41.95360943424255,-41.95360943424255,108.28072371376257,2092.6230708894855,2330.595319071155,52.5471539568795,0.0,4314.937666246876,250.0,COMPLETE
438,52.5471539568795,2026-06-17 04:03:13.670790,2026-06-17 04:09:04.007911,0 days 00:05:50.337121,5.0,0.05,1.1,2.5,0.05,1.2,1.6,-41.95360943424255,-41.95360943424255,108.28072371376257,2092.6230708894855,2330.595319071155,52.5471539568795,0.0,4314.937666246876,250.0,COMPLETE
439,52.5471539568795,2026-06-17 04:03:34.652534,2026-06-17 04:09:25.479502,0 days 00:05:50.826968,5.0,0.05,1.1,2.5,0.05,1.2,1.6,-41.95360943424255,-41.95360943424255,108.28072371376257,2092.6230708894855,2330.595319071155,52.5471539568795,0.0,4314.937666246876,250.0,COMPLETE
440,52.5471539568795,2026-06-17 04:03:40.552978,2026-06-17 04:09:32.344425,0 days 00:05:51.791447,5.0,0.05,1.1,2.5,0.04,1.1,1.6,-41.95360943424255,-41.95360943424255,108.28072371376257,2092.6230708894855,2330.595319071155,52.5471539568795,0.0,4314.937666246876,250.0,COMPLETE
441,52.5471539568795,2026-06-17 04:03:42.738429,2026-06-17 04:09:34.133863,0 days 00:05:51.395434,5.0,0.05,1.1,2.5,0.05,1.1,1.6,-41.95360943424255,-41.95360943424255,108.28072371376257,2092.6230708894855,2330.595319071155,52.5471539568795,0.0,4314.937666246876,250.0,COMPLETE
442,52.5471539568795,2026-06-17 04:04:10.527267,2026-06-17 04:10:01.960309,0 days 00:05:51.433042,5.0,0.06,1.1,2.5,0.04,1.2,1.6,-41.95360943424255,-41.95360943424255,108.28072371376257,2092.6230708894855,2330.595319071155,52.5471539568795,0.0,4314.937666246876,250.0,COMPLETE
443,52.5471539568795,2026-06-17 04:04:22.332779,2026-06-17 04:10:14.388613,0 days 00:05:52.055834,5.0,0.05,1.1,2.5,0.04,1.2,1.6,-41.95360943424255,-41.95360943424255,108.28072371376257,2092.6230708894855,2330.595319071155,52.5471539568795,0.0,4314.937666246876,250.0,COMPLETE
444,52.5471539568795,2026-06-17 04:04:24.742550,2026-06-17 04:10:17.087771,0 days 00:05:52.345221,5.0,0.05,1.1,2.5,0.04,1.2,1.6,-41.95360943424255,-41.95360943424255,108.28072371376257,2092.6230708894855,2330.595319071155,52.5471539568795,0.0,4314.937666246876,250.0,COMPLETE
445,52.5471539568795,2026-06-17 04:07:52.730736,2026-06-17 04:13:40.643474,0 days 00:05:47.912738,5.0,0.05,1.1,2.5,0.04,1.2,1.6,-41.95360943424255,-41.95360943424255,108.28072371376257,2092.6230708894855,2330.595319071155,52.5471539568795,0.0,4314.937666246876,250.0,COMPLETE
446,52.5471539568795,2026-06-17 04:07:58.137976,2026-06-17 04:13:45.841600,0 days 00:05:47.703624,5.0,0.05,1.1,2.5,0.04,1.2,1.6,-41.95360943424255,-41.95360943424255,108.28072371376257,2092.6230708894855,2330.595319071155,52.5471539568795,0.0,4314.937666246876,250.0,COMPLETE
447,40.752723522214694,2026-06-17 04:08:17.930294,2026-06-17 04:14:05.770690,0 days 00:05:47.840396,5.0,0.05,1.1,2.5,0.04,1.2,1.8,-41.95360943424255,-41.95360943424255,108.28072371376257,2160.297321735277,1574.027353553677,40.752723522214694,0.0,3626.0439515751914,207.0,COMPLETE
448,50.34888903742252,2026-06-17 04:08:40.371395,2026-06-17 04:14:29.367109,0 days 00:05:48.995714,5.0,0.05,1.1,2.6,0.04,1.2,1.8,-41.95360943424255,-41.95360943424255,351.2116326363408,2158.0308752648234,1819.2247089467085,50.34888903742252,0.0,3626.0439515751914,209.0,COMPLETE
449,50.34888903742252,2026-06-17 04:08:42.408437,2026-06-17 04:14:30.831237,0 days 00:05:48.422800,5.0,0.05,1.1,2.6,0.05,1.2,1.8,-41.95360943424255,-41.95360943424255,351.2116326363408,2158.0308752648234,1819.2247089467085,50.34888903742252,0.0,3626.0439515751914,209.0,COMPLETE
450,50.34888903742252,2026-06-17 04:09:04.074545,2026-06-17 04:14:53.313547,0 days 00:05:49.239002,5.0,0.05,1.1,2.6,0.04,1.2,1.8,-41.95360943424255,-41.95360943424255,351.2116326363408,2158.0308752648234,1819.2247089467085,50.34888903742252,0.0,3626.0439515751914,209.0,COMPLETE
451,21.565112767161125,2026-06-17 04:09:25.549682,2026-06-17 04:15:16.541182,0 days 00:05:50.991500,5.0,0.05,1.1,2.0,0.05,1.1,1.8,-41.95360943424255,-41.95360943424255,-183.43569540146134,1780.6206389446588,2401.5506993455306,21.565112767161125,0.0,4365.607033691652,271.0,COMPLETE
452,21.565112767161125,2026-06-17 04:09:32.413744,2026-06-17 04:15:24.033303,0 days 00:05:51.619559,5.0,0.05,1.1,2.0,0.04,1.1,1.8,-41.95360943424255,-41.95360943424255,-183.43569540146134,1780.6206389446588,2401.5506993455306,21.565112767161125,0.0,4365.607033691652,271.0,COMPLETE
453,50.34888903742252,2026-06-17 04:09:34.205045,2026-06-17 04:15:24.685682,0 days 00:05:50.480637,5.0,0.05,1.1,2.6,0.05,1.2,1.8,-41.95360943424255,-41.95360943424255,351.2116326363408,2158.0308752648234,1819.2247089467085,50.34888903742252,0.0,3626.0439515751914,209.0,COMPLETE
454,62.21119170784094,2026-06-17 04:10:02.032725,2026-06-17 04:15:53.525428,0 days 00:05:51.492703,5.0,0.05,1.1,2.6,0.04,1.1,1.8,-41.95360943424255,-41.95360943424255,351.2116326363408,2081.88870670641,2634.929959621581,62.21119170784094,0.0,4365.607033691652,251.0,COMPLETE
455,62.21119170784094,2026-06-17 04:10:14.455891,2026-06-17 04:16:06.341014,0 days 00:05:51.885123,5.0,0.05,1.1,2.6,0.05,1.1,1.8,-41.95360943424255,-41.95360943424255,351.2116326363408,2081.88870670641,2634.929959621581,62.21119170784094,0.0,4365.607033691652,251.0,COMPLETE
456,62.21119170784094,2026-06-17 04:10:17.157171,2026-06-17 04:16:09.099237,0 days 00:05:51.942066,5.0,0.05,1.1,2.6,0.05,1.1,1.8,-41.95360943424255,-41.95360943424255,351.2116326363408,2081.88870670641,2634.929959621581,62.21119170784094,0.0,4365.607033691652,251.0,COMPLETE
457,62.21119170784094,2026-06-17 04:13:40.720986,2026-06-17 04:19:28.250575,0 days 00:05:47.529589,5.0,0.05,1.1,2.6,0.05,1.1,1.8,-41.95360943424255,-41.95360943424255,351.2116326363408,2081.88870670641,2634.929959621581,62.21119170784094,0.0,4365.607033691652,251.0,COMPLETE
458,47.9278802861283,2026-06-17 04:13:45.910662,2026-06-17 04:19:33.410856,0 days 00:05:47.500194,3.0,0.05,1.1,2.6,0.05,1.1,1.8,-41.95360943424255,-41.95360943424255,351.2116326363408,1655.002071869061,1871.2855016668698,47.9278802861283,0.0,3175.075940899592,251.0,COMPLETE
459,62.737645261824824,2026-06-17 04:14:05.840705,2026-06-17 04:19:54.247712,0 days 00:05:48.407007,5.0,0.05,1.1,2.6,0.05,1.1,1.7000000000000002,-41.95360943424255,-41.95360943424255,351.2116326363408,2171.711208670687,2561.664409961349,62.737645261824824,0.0,4382.163985995696,251.0,COMPLETE
460,62.737645261824824,2026-06-17 04:14:29.436622,2026-06-17 04:20:19.921955,0 days 00:05:50.485333,5.0,0.05,1.1,2.6,0.05,1.1,1.7000000000000002,-41.95360943424255,-41.95360943424255,351.2116326363408,2171.711208670687,2561.664409961349,62.737645261824824,0.0,4382.163985995696,251.0,COMPLETE
461,62.737645261824824,2026-06-17 04:14:30.898007,2026-06-17 04:20:20.675362,0 days 00:05:49.777355,5.0,0.04,1.1,2.6,0.05,1.1,1.7000000000000002,-41.95360943424255,-41.95360943424255,351.2116326363408,2171.711208670687,2561.664409961349,62.737645261824824,0.0,4382.163985995696,251.0,COMPLETE
462,62.737645261824824,2026-06-17 04:14:53.382705,2026-06-17 04:20:42.763483,0 days 00:05:49.380778,5.0,0.04,1.1,2.6,0.05,1.1,1.7000000000000002,-41.95360943424255,-41.95360943424255,351.2116326363408,2171.711208670687,2561.664409961349,62.737645261824824,0.0,4382.163985995696,251.0,COMPLETE
463,47.55131313775879,2026-06-17 04:15:16.610581,2026-06-17 04:21:07.164096,0 days 00:05:50.553515,3.0,0.04,1.1,2.6,0.05,1.1,1.7000000000000002,-41.95360943424255,-41.95360943424255,351.2116326363408,1693.9665479395846,1800.5587501737011,47.55131313775879,0.0,3143.3136654769455,251.0,COMPLETE
464,62.737645261824824,2026-06-17 04:15:24.100723,2026-06-17 04:21:15.949973,0 days 00:05:51.849250,5.0,0.04,1.1,2.6,0.05,1.1,1.7000000000000002,-41.95360943424255,-41.95360943424255,351.2116326363408,2171.711208670687,2561.664409961349,62.737645261824824,0.0,4382.163985995696,251.0,COMPLETE
465,44.197897016606646,2026-06-17 04:15:24.759815,2026-06-17 04:21:15.540613,0 days 00:05:50.780798,5.0,0.04,1.1,2.6,0.06,1.5,1.7000000000000002,-41.95360943424255,-41.95360943424255,351.2116326363408,1951.3629091832818,1522.809808467933,44.197897016606646,0.0,3122.9610850148747,177.0,COMPLETE
466,62.737645261824824,2026-06-17 04:15:53.594167,2026-06-17 04:21:45.242216,0 days 00:05:51.648049,5.0,0.04,1.1,2.6,0.06,1.1,1.7000000000000002,-41.95360943424255,-41.95360943424255,351.2116326363408,2171.711208670687,2561.664409961349,62.737645261824824,0.0,4382.163985995696,251.0,COMPLETE
467,52.465570212791626,2026-06-17 04:16:06.411254,2026-06-17 04:21:58.284552,0 days 00:05:51.873298,5.0,0.04,1.0,2.6,0.06,1.1,1.7000000000000002,-41.95360943424255,-41.95360943424255,51.93635116885962,2135.240262408935,2298.8600747556197,52.465570212791626,0.0,4382.163985995696,251.0,COMPLETE
468,52.465570212791626,2026-06-17 04:16:09.168875,2026-06-17 04:22:01.705159,0 days 00:05:52.536284,5.0,0.04,1.0,2.6,0.06,1.1,1.7000000000000002,-41.95360943424255,-41.95360943424255,51.93635116885962,2135.240262408935,2298.8600747556197,52.465570212791626,0.0,4382.163985995696,251.0,COMPLETE
469,52.465570212791626,2026-06-17 04:19:28.318416,2026-06-17 04:25:16.120693,0 days 00:05:47.802277,5.0,0.04,1.0,2.6,0.06,1.1,1.7000000000000002,-41.95360943424255,-41.95360943424255,51.93635116885962,2135.240262408935,2298.8600747556197,52.465570212791626,0.0,4382.163985995696,251.0,COMPLETE
470,22.882142423868455,2026-06-17 04:19:33.478927,2026-06-17 04:25:21.350950,0 days 00:05:47.872023,2.0,0.04,1.0,2.6,0.06,1.1,1.7000000000000002,-41.95360943424255,-41.95360943424255,50.15066227233863,1184.590630424321,1023.485377985419,22.882142423868455,0.0,2157.925346137402,251.0,COMPLETE
471,52.465570212791626,2026-06-17 04:19:54.317989,2026-06-17 04:25:43.086459,0 days 00:05:48.768470,5.0,0.04,1.0,2.6,0.06,1.1,1.7000000000000002,-41.95360943424255,-41.95360943424255,51.93635116885962,2135.240262408935,2298.8600747556197,52.465570212791626,0.0,4382.163985995696,251.0,COMPLETE
472,52.465570212791626,2026-06-17 04:20:19.986917,2026-06-17 04:26:09.610909,0 days 00:05:49.623992,5.0,0.04,1.0,2.6,0.06,1.1,1.7000000000000002,-41.95360943424255,-41.95360943424255,51.93635116885962,2135.240262408935,2298.8600747556197,52.465570212791626,0.0,4382.163985995696,251.0,COMPLETE
473,52.465570212791626,2026-06-17 04:20:20.760145,2026-06-17 04:26:10.066495,0 days 00:05:49.306350,5.0,0.04,1.0,2.6,0.06,1.1,1.7000000000000002,-41.95360943424255,-41.95360943424255,51.93635116885962,2135.240262408935,2298.8600747556197,52.465570212791626,0.0,4382.163985995696,251.0,COMPLETE
474,52.465570212791626,2026-06-17 04:20:42.834853,2026-06-17 04:26:32.179880,0 days 00:05:49.345027,5.0,0.04,1.0,2.6,0.06,1.1,1.7000000000000002,-41.95360943424255,-41.95360943424255,51.93635116885962,2135.240262408935,2298.8600747556197,52.465570212791626,0.0,4382.163985995696,251.0,COMPLETE
475,52.465570212791626,2026-06-17 04:21:07.236186,2026-06-17 04:26:57.426236,0 days 00:05:50.190050,5.0,0.04,1.0,2.6,0.06,1.1,1.7000000000000002,-41.95360943424255,-41.95360943424255,51.93635116885962,2135.240262408935,2298.8600747556197,52.465570212791626,0.0,4382.163985995696,251.0,COMPLETE
476,52.465570212791626,2026-06-17 04:21:15.608801,2026-06-17 04:27:06.865163,0 days 00:05:51.256362,5.0,0.04,1.0,2.6,0.06,1.1,1.7000000000000002,-41.95360943424255,-41.95360943424255,51.93635116885962,2135.240262408935,2298.8600747556197,52.465570212791626,0.0,4382.163985995696,251.0,COMPLETE
477,52.465570212791626,2026-06-17 04:21:16.048429,2026-06-17 04:27:07.273237,0 days 00:05:51.224808,5.0,0.04,1.0,2.6,0.06,1.1,1.7000000000000002,-41.95360943424255,-41.95360943424255,51.93635116885962,2135.240262408935,2298.8600747556197,52.465570212791626,0.0,4382.163985995696,251.0,COMPLETE
478,52.39180673333898,2026-06-17 04:21:45.310889,2026-06-17 04:27:35.905755,0 days 00:05:50.594866,5.0,0.04,1.0,2.7,0.06,1.1,1.7000000000000002,-41.95360943424255,-41.95360943424255,42.60801338652583,2127.9197522925397,2296.852247089681,52.39180673333898,0.0,4382.163985995696,251.0,COMPLETE
479,52.39180673333898,2026-06-17 04:21:58.355108,2026-06-17 04:27:49.818512,0 days 00:05:51.463404,5.0,0.04,1.0,2.7,0.06,1.1,1.7000000000000002,-41.95360943424255,-41.95360943424255,42.60801338652583,2127.9197522925397,2296.852247089681,52.39180673333898,0.0,4382.163985995696,251.0,COMPLETE
480,52.39180673333898,2026-06-17 04:22:01.776463,2026-06-17 04:27:53.803928,0 days 00:05:52.027465,5.0,0.04,1.0,2.7,0.06,1.1,1.7000000000000002,-41.95360943424255,-41.95360943424255,42.60801338652583,2127.9197522925397,2296.852247089681,52.39180673333898,0.0,4382.163985995696,251.0,COMPLETE
481,52.39180673333898,2026-06-17 04:25:16.192060,2026-06-17 04:31:03.011945,0 days 00:05:46.819885,5.0,0.04,1.0,2.7,0.06,1.1,1.7000000000000002,-41.95360943424255,-41.95360943424255,42.60801338652583,2127.9197522925397,2296.852247089681,52.39180673333898,0.0,4382.163985995696,251.0,COMPLETE
482,61.75188738286817,2026-06-17 04:25:21.420521,2026-06-17 04:31:08.486524,0 days 00:05:47.066003,5.0,0.04,1.1,2.7,0.06,1.1,1.7000000000000002,-41.95360943424255,-41.95360943424255,290.464714607767,2137.440530507257,2535.1881700962053,61.75188738286817,0.0,4382.163985995696,249.0,COMPLETE
483,61.75188738286817,2026-06-17 04:25:43.158821,2026-06-17 04:31:31.186985,0 days 00:05:48.028164,5.0,0.04,1.1,2.7,0.06,1.1,1.7000000000000002,-41.95360943424255,-41.95360943424255,290.464714607767,2137.440530507257,2535.1881700962053,61.75188738286817,0.0,4382.163985995696,249.0,COMPLETE
484,61.75188738286817,2026-06-17 04:26:09.686101,2026-06-17 04:31:59.517537,0 days 00:05:49.831436,5.0,0.05,1.1,2.7,0.06,1.1,1.7000000000000002,-41.95360943424255,-41.95360943424255,290.464714607767,2137.440530507257,2535.1881700962053,61.75188738286817,0.0,4382.163985995696,249.0,COMPLETE
485,61.75188738286817,2026-06-17 04:26:10.152376,2026-06-17 04:31:58.829991,0 days 00:05:48.677615,5.0,0.05,1.1,2.7,0.06,1.1,1.7000000000000002,-41.95360943424255,-41.95360943424255,290.464714607767,2137.440530507257,2535.1881700962053,61.75188738286817,0.0,4382.163985995696,249.0,COMPLETE
486,61.75188738286817,2026-06-17 04:26:32.246440,2026-06-17 04:32:21.105289,0 days 00:05:48.858849,5.0,0.05,1.1,2.7,0.06,1.1,1.7000000000000002,-41.95360943424255,-41.95360943424255,290.464714607767,2137.440530507257,2535.1881700962053,61.75188738286817,0.0,4382.163985995696,249.0,COMPLETE
487,61.75188738286817,2026-06-17 04:26:57.504726,2026-06-17 04:32:47.347034,0 days 00:05:49.842308,5.0,0.05,1.1,2.7,0.06,1.1,1.7000000000000002,-41.95360943424255,-41.95360943424255,290.464714607767,2137.440530507257,2535.1881700962053,61.75188738286817,0.0,4382.163985995696,249.0,COMPLETE
488,61.75188738286817,2026-06-17 04:27:06.935686,2026-06-17 04:32:58.165702,0 days 00:05:51.230016,5.0,0.05,1.1,2.7,0.06,1.1,1.7000000000000002,-41.95360943424255,-41.95360943424255,290.464714607767,2137.440530507257,2535.1881700962053,61.75188738286817,0.0,4382.163985995696,249.0,COMPLETE
489,61.75188738286817,2026-06-17 04:27:07.345872,2026-06-17 04:32:58.579268,0 days 00:05:51.233396,5.0,0.05,1.1,2.7,0.06,1.1,1.7000000000000002,-41.95360943424255,-41.95360943424255,290.464714607767,2137.440530507257,2535.1881700962053,61.75188738286817,0.0,4382.163985995696,249.0,COMPLETE
490,61.75188738286817,2026-06-17 04:27:35.975040,2026-06-17 04:33:27.046586,0 days 00:05:51.071546,5.0,0.05,1.1,2.7,0.06,1.1,1.7000000000000002,-41.95360943424255,-41.95360943424255,290.464714607767,2137.440530507257,2535.1881700962053,61.75188738286817,0.0,4382.163985995696,249.0,COMPLETE
491,15.833088725832926,2026-06-17 04:27:49.901640,2026-06-17 04:33:41.452410,0 days 00:05:51.550770,5.0,0.05,1.1,2.2,0.06,1.7000000000000002,1.7000000000000002,-41.95360943424255,-41.95360943424255,-62.220856895721965,1739.9367529112708,893.4575960973802,15.833088725832926,0.0,2695.615205904374,160.0,COMPLETE
492,61.22525532206157,2026-06-17 04:27:53.873837,2026-06-17 04:33:45.666168,0 days 00:05:51.792331,5.0,0.05,1.1,2.7,0.06,1.1,1.8,-41.95360943424255,-41.95360943424255,290.464714607767,2047.61802854298,2608.453719756438,61.22525532206157,0.0,4365.607033691652,249.0,COMPLETE
493,61.22525532206157,2026-06-17 04:31:03.083257,2026-06-17 04:36:51.346530,0 days 00:05:48.263273,5.0,0.05,1.1,2.7,0.06,1.1,1.8,-41.95360943424255,-41.95360943424255,290.464714607767,2047.61802854298,2608.453719756438,61.22525532206157,0.0,4365.607033691652,249.0,COMPLETE
494,52.654259665388075,2026-06-17 04:31:08.556143,2026-06-17 04:36:56.904969,0 days 00:05:48.348826,5.0,0.05,1.1,2.5,0.06,1.1,1.8,-41.95360943424255,-41.95360943424255,108.28072371376257,2084.1551531768637,2389.732604228549,52.654259665388075,0.0,4365.607033691652,249.0,COMPLETE
495,-1260.0,2026-06-17 04:31:31.256214,2026-06-17 04:37:18.359437,0 days 00:05:47.103223,5.0,0.05,1.1,2.5,0.06,1.1,3.0,-41.95360943424255,-41.95360943424255,108.28072371376257,190.12948559895088,-78.11532347529769,-1260.0,0.0,3.733438409890624,24.0,COMPLETE
496,22.111296505773957,2026-06-17 04:31:58.897859,2026-06-17 04:37:47.488524,0 days 00:05:48.590665,5.0,0.03,1.1,2.5,0.06,1.1,2.4000000000000004,-41.95360943424255,-41.95360943424255,108.28072371376257,1520.9222017600569,1126.571563029268,22.111296505773957,0.0,2539.213041075562,169.0,COMPLETE
497,32.872129650378035,2026-06-17 04:31:59.588672,2026-06-17 04:37:48.577271,0 days 00:05:48.988599,5.0,0.03,1.1,2.5,0.06,1.4,1.8,-41.95360943424255,-41.95360943424255,108.28072371376257,1869.769852213422,1374.8780035392253,32.872129650378035,0.0,3136.3671320388867,176.0,COMPLETE
498,52.654259665388075,2026-06-17 04:32:21.173945,2026-06-17 04:38:10.105558,0 days 00:05:48.931613,5.0,0.03,1.1,2.5,0.06,1.1,1.8,-41.95360943424255,-41.95360943424255,108.28072371376257,2084.1551531768637,2389.732604228549,52.654259665388075,0.0,4365.607033691652,249.0,COMPLETE
499,61.87446493397727,2026-06-17 04:32:47.415048,2026-06-17 04:38:38.330346,0 days 00:05:50.915298,5.0,0.03,1.2000000000000002,2.5,0.06,1.1,1.8,-41.95360943424255,-41.95360943424255,330.49695992638425,2063.6067339649107,2632.4972596531247,61.87446493397727,0.0,4365.607033691652,249.0,COMPLETE
500,52.204892666594475,2026-06-17 04:32:58.235383,2026-06-17 04:38:50.055543,0 days 00:05:51.820160,5.0,0.03,1.2000000000000002,2.2,0.06,1.1,1.8,-41.95360943424255,-41.95360943424255,97.73687375332139,2081.3567419028604,2381.9871655421107,52.204892666594475,0.0,4365.607033691652,251.0,COMPLETE
501,52.204892666594475,2026-06-17 04:32:58.654892,2026-06-17 04:38:50.820958,0 days 00:05:52.166066,5.0,0.03,1.2000000000000002,2.2,0.06,1.1,1.8,-41.95360943424255,-41.95360943424255,97.73687375332139,2081.3567419028604,2381.9871655421107,52.204892666594475,0.0,4365.607033691652,251.0,COMPLETE
502,52.204892666594475,2026-06-17 04:33:27.114600,2026-06-17 04:39:18.784881,0 days 00:05:51.670281,5.0,0.03,1.2000000000000002,2.2,0.06,1.1,1.8,-41.95360943424255,-41.95360943424255,97.73687375332139,2081.3567419028604,2381.9871655421107,52.204892666594475,0.0,4365.607033691652,251.0,COMPLETE
503,61.87446493397727,2026-06-17 04:33:41.523007,2026-06-17 04:39:33.268711,0 days 00:05:51.745704,5.0,0.03,1.2000000000000002,2.5,0.06,1.1,1.8,-41.95360943424255,-41.95360943424255,330.49695992638425,2063.6067339649107,2632.4972596531247,61.87446493397727,0.0,4365.607033691652,249.0,COMPLETE
504,61.87446493397727,2026-06-17 04:33:45.738116,2026-06-17 04:39:37.691495,0 days 00:05:51.953379,5.0,0.03,1.2000000000000002,2.5,0.06,1.1,1.8,-41.95360943424255,-41.95360943424255,330.49695992638425,2063.6067339649107,2632.4972596531247,61.87446493397727,0.0,4365.607033691652,249.0,COMPLETE
505,61.70331232879409,2026-06-17 04:36:51.414640,2026-06-17 04:42:38.233266,0 days 00:05:46.818626,5.0,0.03,1.2000000000000002,2.5,0.06,1.1,1.6,-41.95360943424255,-41.95360943424255,330.49695992638425,2072.074651677533,2573.35997449573,61.70331232879409,0.0,4314.937666246876,250.0,COMPLETE
506,61.70331232879409,2026-06-17 04:36:56.978066,2026-06-17 04:42:43.965643,0 days 00:05:46.987577,5.0,0.03,1.2000000000000002,2.5,0.06,1.1,1.6,-41.95360943424255,-41.95360943424255,330.49695992638425,2072.074651677533,2573.35997449573,61.70331232879409,0.0,4314.937666246876,250.0,COMPLETE
507,61.70331232879409,2026-06-17 04:37:18.428684,2026-06-17 04:43:06.548107,0 days 00:05:48.119423,5.0,0.03,1.2000000000000002,2.5,0.05,1.1,1.6,-41.95360943424255,-41.95360943424255,330.49695992638425,2072.074651677533,2573.35997449573,61.70331232879409,0.0,4314.937666246876,250.0,COMPLETE
508,49.67640853226738,2026-06-17 04:37:47.557192,2026-06-17 04:43:35.901838,0 days 00:05:48.344646,5.0,0.03,1.2000000000000002,2.6,0.05,1.4,1.6,-41.95360943424255,-41.95360943424255,174.94510068300588,1927.5247461894571,1867.0615604377188,49.67640853226738,0.0,3619.641205944169,196.0,COMPLETE
509,-1310.0,2026-06-17 04:37:48.645684,2026-06-17 04:43:35.993713,0 days 00:05:47.348029,5.0,0.03,1.2000000000000002,2.6,0.05,1.1,2.8,-41.95360943424255,-41.95360943424255,174.94510068300588,-43.400285717259216,218.78832847441242,-1310.0,0.0,0.44294207414738196,19.0,COMPLETE
510,59.165180694445084,2026-06-17 04:38:10.179579,2026-06-17 04:43:59.518205,0 days 00:05:49.338626,5.0,0.03,1.2000000000000002,2.6,0.05,1.1,1.6,-41.95360943424255,-41.95360943424255,174.94510068300588,1862.383795909019,2627.4989710208656,59.165180694445084,0.0,4314.937666246876,245.0,COMPLETE
511,56.812896768941016,2026-06-17 04:38:38.397557,2026-06-17 04:44:28.380299,0 days 00:05:49.982742,4.5,0.03,1.2000000000000002,2.6,0.05,1.1,1.6,-41.95360943424255,-41.95360943424255,174.94510068300588,1765.727270790434,2475.6024007416636,56.812896768941016,0.0,4066.3845708490912,245.0,COMPLETE
512,56.812896768941016,2026-06-17 04:38:50.121686,2026-06-17 04:44:41.667753,0 days 00:05:51.546067,4.5,0.03,1.2000000000000002,2.6,0.05,1.1,1.6,-41.95360943424255,-41.95360943424255,174.94510068300588,1765.727270790434,2475.6024007416636,56.812896768941016,0.0,4066.3845708490912,245.0,COMPLETE
513,56.812896768941016,2026-06-17 04:38:50.888468,2026-06-17 04:44:41.210335,0 days 00:05:50.321867,4.5,0.03,1.2000000000000002,2.6,0.05,1.1,1.6,-41.95360943424255,-41.95360943424255,174.94510068300588,1765.727270790434,2475.6024007416636,56.812896768941016,0.0,4066.3845708490912,245.0,COMPLETE
514,56.812896768941016,2026-06-17 04:39:18.862187,2026-06-17 04:45:09.831455,0 days 00:05:50.969268,4.5,0.03,1.2000000000000002,2.6,0.05,1.1,1.6,-41.95360943424255,-41.95360943424255,174.94510068300588,1765.727270790434,2475.6024007416636,56.812896768941016,0.0,4066.3845708490912,245.0,COMPLETE
515,59.68991491317401,2026-06-17 04:39:33.353534,2026-06-17 04:45:24.942977,0 days 00:05:51.589443,4.5,0.03,1.1,2.6,0.05,1.1,1.6,-41.95360943424255,-41.95360943424255,351.2116326363408,1993.700099300448,2423.896104184985,59.68991491317401,0.0,4066.3845708490912,252.0,COMPLETE
516,59.68991491317401,2026-06-17 04:39:37.762007,2026-06-17 04:45:28.964250,0 days 00:05:51.202243,4.5,0.03,1.1,2.6,0.05,1.1,1.6,-41.95360943424255,-41.95360943424255,351.2116326363408,1993.700099300448,2423.896104184985,59.68991491317401,0.0,4066.3845708490912,252.0,COMPLETE
517,59.68991491317401,2026-06-17 04:42:38.313591,2026-06-17 04:48:26.145226,0 days 00:05:47.831635,4.5,0.03,1.1,2.6,0.05,1.1,1.6,-41.95360943424255,-41.95360943424255,351.2116326363408,1993.700099300448,2423.896104184985,59.68991491317401,0.0,4066.3845708490912,252.0,COMPLETE
518,39.697910402434424,2026-06-17 04:42:44.032407,2026-06-17 04:48:32.129623,0 days 00:05:48.097216,4.5,0.03,0.9,2.6,0.05,1.1,1.6,-41.95360943424255,-41.95360943424255,-52.37025202301942,1987.424963584127,2026.5893552419438,39.697910402434424,0.0,4066.3845708490912,263.0,COMPLETE
519,59.68991491317401,2026-06-17 04:43:06.615913,2026-06-17 04:48:54.388849,0 days 00:05:47.772936,4.5,0.03,1.1,2.6,0.05,1.1,1.6,-41.95360943424255,-41.95360943424255,351.2116326363408,1993.700099300448,2423.896104184985,59.68991491317401,0.0,4066.3845708490912,252.0,COMPLETE
520,59.68991491317401,2026-06-17 04:43:36.042435,2026-06-17 04:49:25.571572,0 days 00:05:49.529137,4.5,0.03,1.1,2.6,0.05,1.1,1.6,-41.95360943424255,-41.95360943424255,351.2116326363408,1993.700099300448,2423.896104184985,59.68991491317401,0.0,4066.3845708490912,252.0,COMPLETE
521,59.68991491317401,2026-06-17 04:43:36.063179,2026-06-17 04:49:25.195754,0 days 00:05:49.132575,4.5,0.03,1.1,2.6,0.05,1.1,1.6,-41.95360943424255,-41.95360943424255,351.2116326363408,1993.700099300448,2423.896104184985,59.68991491317401,0.0,4066.3845708490912,252.0,COMPLETE
522,39.697910402434424,2026-06-17 04:43:59.585364,2026-06-17 04:49:49.847061,0 days 00:05:50.261697,4.5,0.03,0.9,2.6,0.05,1.1,1.6,-41.95360943424255,-41.95360943424255,-52.37025202301942,1987.424963584127,2026.5893552419438,39.697910402434424,0.0,4066.3845708490912,263.0,COMPLETE
523,60.44615686451983,2026-06-17 04:44:28.450924,2026-06-17 04:50:19.220493,0 days 00:05:50.769569,4.5,0.03,1.1,2.6,0.05,1.1,1.7000000000000002,-41.95360943424255,-41.95360943424255,351.2116326363408,2087.645662560566,2423.2079920538145,60.44615686451983,0.0,4159.642021978043,251.0,COMPLETE
524,62.737645261824824,2026-06-17 04:44:41.281055,2026-06-17 04:50:33.295104,0 days 00:05:52.014049,5.0,0.03,1.1,2.6,0.06,1.1,1.7000000000000002,-41.95360943424255,-41.95360943424255,351.2116326363408,2171.711208670687,2561.664409961349,62.737645261824824,0.0,4382.163985995696,251.0,COMPLETE
525,43.660274289958714,2026-06-17 04:44:41.741672,2026-06-17 04:50:33.261359,0 days 00:05:51.519687,5.0,0.03,0.9,2.6,0.06,1.1,1.7000000000000002,-41.95360943424255,-41.95360943424255,-52.37025202301942,2165.436072954367,2164.357661018308,43.660274289958714,0.0,4382.163985995696,262.0,COMPLETE
526,62.737645261824824,2026-06-17 04:45:09.900976,2026-06-17 04:51:01.346932,0 days 00:05:51.445956,5.0,0.06,1.1,2.6,0.06,1.1,1.7000000000000002,-41.95360943424255,-41.95360943424255,351.2116326363408,2171.711208670687,2561.664409961349,62.737645261824824,0.0,4382.163985995696,251.0,COMPLETE
527,62.737645261824824,2026-06-17 04:45:25.013527,2026-06-17 04:51:17.300165,0 days 00:05:52.286638,5.0,0.03,1.1,2.6,0.06,1.1,1.7000000000000002,-41.95360943424255,-41.95360943424255,351.2116326363408,2171.711208670687,2561.664409961349,62.737645261824824,0.0,4382.163985995696,251.0,COMPLETE
528,62.737645261824824,2026-06-17 04:45:29.034864,2026-06-17 04:51:22.520177,0 days 00:05:53.485313,5.0,0.03,1.1,2.6,0.06,1.1,1.7000000000000002,-41.95360943424255,-41.95360943424255,351.2116326363408,2171.711208670687,2561.664409961349,62.737645261824824,0.0,4382.163985995696,251.0,COMPLETE
529,34.99821861335762,2026-06-17 04:48:26.216057,2026-06-17 04:54:13.526360,0 days 00:05:47.310303,5.0,0.03,1.1,2.6,0.06,1.8,1.7000000000000002,-41.95360943424255,-41.95360943424255,351.2116326363408,1650.2159497956927,1249.1607236098089,34.99821861335762,0.0,2548.1650407691623,143.0,COMPLETE
530,62.737645261824824,2026-06-17 04:48:32.200399,2026-06-17 04:54:20.457998,0 days 00:05:48.257599,5.0,0.06,1.1,2.6,0.06,1.1,1.7000000000000002,-41.95360943424255,-41.95360943424255,351.2116326363408,2171.711208670687,2561.664409961349,62.737645261824824,0.0,4382.163985995696,251.0,COMPLETE
531,62.737645261824824,2026-06-17 04:48:54.457455,2026-06-17 04:54:43.737711,0 days 00:05:49.280256,5.0,0.03,1.1,2.6,0.06,1.1,1.7000000000000002,-41.95360943424255,-41.95360943424255,351.2116326363408,2171.711208670687,2561.664409961349,62.737645261824824,0.0,4382.163985995696,251.0,COMPLETE
532,62.737645261824824,2026-06-17 04:49:25.266787,2026-06-17 04:55:15.257830,0 days 00:05:49.991043,5.0,0.03,1.1,2.6,0.06,1.1,1.7000000000000002,-41.95360943424255,-41.95360943424255,351.2116326363408,2171.711208670687,2561.664409961349,62.737645261824824,0.0,4382.163985995696,251.0,COMPLETE
533,51.10551534686333,2026-06-17 04:49:25.667740,2026-06-17 04:55:16.203522,0 days 00:05:50.535782,5.0,0.03,1.1,1.7000000000000002,0.01,1.1,1.7000000000000002,-41.95360943424255,-41.95360943424255,23.975936789628136,2063.2199328075812,2342.9199899777423,51.10551534686333,0.0,4382.163985995696,254.0,COMPLETE
534,62.737645261824824,2026-06-17 04:49:49.918068,2026-06-17 04:55:39.966480,0 days 00:05:50.048412,5.0,0.06,1.1,2.6,0.06,1.1,1.7000000000000002,-41.95360943424255,-41.95360943424255,351.2116326363408,2171.711208670687,2561.664409961349,62.737645261824824,0.0,4382.163985995696,251.0,COMPLETE
535,62.737645261824824,2026-06-17 04:50:19.292510,2026-06-17 04:56:09.751750,0 days 00:05:50.459240,5.0,0.03,1.1,2.6,0.06,1.1,1.7000000000000002,-41.95360943424255,-41.95360943424255,351.2116326363408,2171.711208670687,2561.664409961349,62.737645261824824,0.0,4382.163985995696,251.0,COMPLETE
536,52.564229346645924,2026-06-17 04:50:33.359163,2026-06-17 04:56:24.547766,0 days 00:05:51.188603,5.0,0.03,1.1,2.6,0.06,1.2,1.7000000000000002,-41.95360943424255,-41.95360943424255,351.2116326363408,2252.1246526301334,1847.7369776456192,52.564229346645924,0.0,3748.6499976394134,213.0,COMPLETE
537,52.564229346645924,2026-06-17 04:50:33.383038,2026-06-17 04:56:24.624621,0 days 00:05:51.241583,5.0,0.06,1.1,2.6,0.06,1.2,1.7000000000000002,-41.95360943424255,-41.95360943424255,351.2116326363408,2252.1246526301334,1847.7369776456192,52.564229346645924,0.0,3748.6499976394134,213.0,COMPLETE
538,43.06678861111014,2026-06-17 04:51:01.416264,2026-06-17 04:56:52.362513,0 days 00:05:50.946249,5.0,0.03,1.1,2.5,0.06,1.2,1.7000000000000002,-41.95360943424255,-41.95360943424255,108.28072371376257,2254.3910991005873,1602.5396222525874,43.06678861111014,0.0,3748.6499976394134,211.0,COMPLETE
539,43.06678861111014,2026-06-17 04:51:17.376718,2026-06-17 04:57:09.255271,0 days 00:05:51.878553,5.0,0.03,1.1,2.5,0.06,1.2,1.7000000000000002,-41.95360943424255,-41.95360943424255,108.28072371376257,2254.3910991005873,1602.5396222525874,43.06678861111014,0.0,3748.6499976394134,211.0,COMPLETE
540,40.379980016438154,2026-06-17 04:51:22.605270,2026-06-17 04:57:14.534015,0 days 00:05:51.928745,5.0,0.03,1.1,3.0,0.01,1.2,1.7000000000000002,-41.95360943424255,-41.95360943424255,84.3573995182279,1883.344805727969,1949.6625914296708,40.379980016438154,0.0,3748.6499976394134,204.0,COMPLETE
541,51.57732074079294,2026-06-17 04:54:13.597531,2026-06-17 05:00:00.877937,0 days 00:05:47.280406,5.0,0.03,1.1,2.7,0.01,1.2,1.7000000000000002,-41.95360943424255,-41.95360943424255,290.464714607767,2217.8539744667037,1821.2607377804754,51.57732074079294,0.0,3748.6499976394134,211.0,COMPLETE
542,51.57732074079294,2026-06-17 04:54:20.525155,2026-06-17 05:00:08.319217,0 days 00:05:47.794062,5.0,0.03,1.1,2.7,0.01,1.2,1.7000000000000002,-41.95360943424255,-41.95360943424255,290.464714607767,2217.8539744667037,1821.2607377804754,51.57732074079294,0.0,3748.6499976394134,211.0,COMPLETE
543,43.06678861111014,2026-06-17 04:54:43.806392,2026-06-17 05:00:32.304538,0 days 00:05:48.498146,5.0,0.04,1.1,2.5,0.06,1.2,1.7000000000000002,-41.95360943424255,-41.95360943424255,108.28072371376257,2254.3910991005873,1602.5396222525874,43.06678861111014,0.0,3748.6499976394134,211.0,COMPLETE
544,49.361551018594504,2026-06-17 04:55:15.329422,2026-06-17 05:01:04.907745,0 days 00:05:49.578323,5.0,0.04,1.1,2.7,0.06,1.2,1.8,-41.95360943424255,-41.95360943424255,290.464714607767,2123.760197101393,1792.748469081565,49.361551018594504,0.0,3626.0439515751914,207.0,COMPLETE
545,30.739865756636583,2026-06-17 04:55:16.274381,2026-06-17 05:01:05.634132,0 days 00:05:49.359751,5.0,0.05,1.0,2.5,0.06,1.2,1.8,-41.95360943424255,-41.95360943424255,-68.48508829047847,2107.4640211326723,1450.0948421520404,30.739865756636583,0.0,3626.0439515751914,214.0,COMPLETE
546,-1160.0,2026-06-17 04:55:40.048329,2026-06-17 05:01:28.080417,0 days 00:05:48.032088,2.0,0.05,1.0,2.5,0.06,1.2,1.8,-41.95360943424255,-41.95360943424255,-61.426099123179405,125.40104112957073,-165.28121658905226,-1160.0,0.0,21.545923663697884,34.0,COMPLETE
547,7.797197157343219,2026-06-17 04:56:09.821718,2026-06-17 05:01:59.542296,0 days 00:05:49.720578,5.0,0.05,1.0,2.5,0.06,1.9,1.8,-41.95360943424255,-41.95360943424255,-68.48508829047847,1422.1401350140363,709.37911676008,7.797197157343219,0.0,2200.0043400645945,126.0,COMPLETE
548,48.5464383368786,2026-06-17 04:56:24.718663,2026-06-17 05:02:15.716446,0 days 00:05:50.997783,5.0,0.05,1.0,3.0,0.06,1.2,1.8,-41.95360943424255,-41.95360943424255,240.41915167299703,2103.772458625143,1762.6906446230453,48.5464383368786,0.0,3626.0439515751914,207.0,COMPLETE
549,42.65109513095393,2026-06-17 04:56:24.722385,2026-06-17 05:02:16.225921,0 days 00:05:51.503536,5.0,0.05,1.0,2.5,0.06,1.1,1.8,-41.95360943424255,-41.95360943424255,-68.48508829047847,2031.3218525742595,2265.8000928269125,42.65109513095393,0.0,4365.607033691652,256.0,COMPLETE
550,51.76934892356808,2026-06-17 04:56:52.431316,2026-06-17 05:02:43.856221,0 days 00:05:51.424905,5.0,0.05,1.0,2.7,0.06,1.1,1.8,-41.95360943424255,-41.95360943424255,42.60801338652583,2038.0972503282628,2370.117796749913,51.76934892356808,0.0,4365.607033691652,251.0,COMPLETE
551,60.41340569478932,2026-06-17 04:57:09.326005,2026-06-17 05:03:01.444148,0 days 00:05:52.118143,5.0,0.05,1.0,3.0,0.06,1.1,1.8,-41.95360943424255,-41.95360943424255,240.41915167299703,2027.6302900667297,2578.395895297918,60.41340569478932,0.0,4365.607033691652,249.0,COMPLETE
552,51.76934892356808,2026-06-17 04:57:14.606930,2026-06-17 05:03:06.789404,0 days 00:05:52.182474,5.0,0.05,1.0,2.7,0.06,1.1,1.8,-41.95360943424255,-41.95360943424255,42.60801338652583,2038.0972503282628,2370.117796749913,51.76934892356808,0.0,4365.607033691652,251.0,COMPLETE
553,51.76934892356808,2026-06-17 05:00:00.956197,2026-06-17 05:05:48.822359,0 days 00:05:47.866162,5.0,0.05,1.0,2.7,0.06,1.1,1.8,-41.95360943424255,-41.95360943424255,42.60801338652583,2038.0972503282628,2370.117796749913,51.76934892356808,0.0,4365.607033691652,251.0,COMPLETE
554,-1210.0,2026-06-17 05:00:08.394663,2026-06-17 05:05:55.061245,0 days 00:05:46.666582,1.0,0.05,1.0,2.5,0.06,1.1,1.8,-42.866721052689634,-42.866721052689634,29.18227118465575,36.44447678750052,24.447670779404437,-1210.0,0.0,31.7098763822492,29.0,COMPLETE
555,-1140.0,2026-06-17 05:00:32.380716,2026-06-17 05:06:20.411589,0 days 00:05:48.030873,1.0,0.05,1.0,2.7,0.06,1.1,1.8,-42.866721052689634,-42.866721052689634,168.6734309442179,125.41915768921174,74.96414963725535,-1140.0,0.0,31.7098763822492,36.0,COMPLETE
556,42.65109513095393,2026-06-17 05:01:04.981931,2026-06-17 05:06:55.218998,0 days 00:05:50.237067,5.0,0.05,1.0,2.5,0.06,1.1,1.8,-41.95360943424255,-41.95360943424255,-68.48508829047847,2031.3218525742595,2265.8000928269125,42.65109513095393,0.0,4365.607033691652,256.0,COMPLETE
557,61.26954668918064,2026-06-17 05:01:05.710422,2026-06-17 05:06:55.943825,0 days 00:05:50.233403,5.0,0.05,1.0,2.9000000000000004,0.06,1.1,1.8,-41.95360943424255,-41.95360943424255,293.1556114661942,2057.666587965585,2601.09605719226,61.26954668918064,0.0,4365.607033691652,251.0,COMPLETE
558,61.26954668918064,2026-06-17 05:01:28.152799,2026-06-17 05:07:17.999066,0 days 00:05:49.846267,5.0,0.05,1.0,2.9000000000000004,0.06,1.1,1.8,-41.95360943424255,-41.95360943424255,293.1556114661942,2057.666587965585,2601.09605719226,61.26954668918064,0.0,4365.607033691652,251.0,COMPLETE
559,51.76934892356808,2026-06-17 05:01:59.615326,2026-06-17 05:07:50.495023,0 days 00:05:50.879697,5.0,0.05,1.0,2.7,0.06,1.1,1.8,-41.95360943424255,-41.95360943424255,42.60801338652583,2038.0972503282628,2370.117796749913,51.76934892356808,0.0,4365.607033691652,251.0,COMPLETE
560,61.22525532206157,2026-06-17 05:02:15.785109,2026-06-17 05:08:07.488743,0 days 00:05:51.703634,5.0,0.05,1.1,2.7,0.06,1.1,1.8,-41.95360943424255,-41.95360943424255,290.464714607767,2047.61802854298,2608.453719756438,61.22525532206157,0.0,4365.607033691652,249.0,COMPLETE
561,19.729384165163584,2026-06-17 05:02:16.302409,2026-06-17 05:08:09.443556,0 days 00:05:53.141147,5.0,0.04,0.7,2.7,0.06,1.1,1.8,-41.95360943424255,-41.95360943424255,-141.3146913941723,1747.1528208283517,2477.139521469127,19.729384165163584,0.0,4365.607033691652,280.0,COMPLETE
562,61.75188738286817,2026-06-17 05:02:43.930544,2026-06-17 05:08:35.584730,0 days 00:05:51.654186,5.0,0.04,1.1,2.7,0.06,1.1,1.7000000000000002,-41.95360943424255,-41.95360943424255,290.464714607767,2137.440530507257,2535.1881700962053,61.75188738286817,0.0,4382.163985995696,249.0,COMPLETE
563,61.75188738286817,2026-06-17 05:03:01.522332,2026-06-17 05:08:54.096928,0 days 00:05:52.574596,5.0,0.04,1.1,2.7,0.06,1.1,1.7000000000000002,-41.95360943424255,-41.95360943424255,290.464714607767,2137.440530507257,2535.1881700962053,61.75188738286817,0.0,4382.163985995696,249.0,COMPLETE
564,61.75188738286817,2026-06-17 05:03:06.869430,2026-06-17 05:08:59.460851,0 days 00:05:52.591421,5.0,0.03,1.1,2.7,0.06,1.1,1.7000000000000002,-41.95360943424255,-41.95360943424255,290.464714607767,2137.440530507257,2535.1881700962053,61.75188738286817,0.0,4382.163985995696,249.0,COMPLETE
565,-1140.0,2026-06-17 05:05:48.896809,2026-06-17 05:11:34.631853,0 days 00:05:45.735044,1.5,0.04,1.1,2.6,0.06,1.1,1.7000000000000002,-41.95360943424255,-41.95360943424255,316.17688779220634,172.82143573194463,179.89169875952496,-1140.0,0.0,36.53624669926318,36.0,COMPLETE
566,62.737645261824824,2026-06-17 05:05:55.139268,2026-06-17 05:11:42.952518,0 days 00:05:47.813250,5.0,0.04,1.1,2.6,0.06,1.1,1.7000000000000002,-41.95360943424255,-41.95360943424255,351.2116326363408,2171.711208670687,2561.664409961349,62.737645261824824,0.0,4382.163985995696,251.0,COMPLETE
567,62.737645261824824,2026-06-17 05:06:20.483293,2026-06-17 05:12:08.753054,0 days 00:05:48.269761,5.0,0.04,1.1,2.6,0.06,1.1,1.7000000000000002,-41.95360943424255,-41.95360943424255,351.2116326363408,2171.711208670687,2561.664409961349,62.737645261824824,0.0,4382.163985995696,251.0,COMPLETE
568,62.737645261824824,2026-06-17 05:06:55.291614,2026-06-17 05:12:44.718963,0 days 00:05:49.427349,5.0,0.04,1.1,2.6,0.06,1.1,1.7000000000000002,-41.95360943424255,-41.95360943424255,351.2116326363408,2171.711208670687,2561.664409961349,62.737645261824824,0.0,4382.163985995696,251.0,COMPLETE
569,62.737645261824824,2026-06-17 05:06:56.017626,2026-06-17 05:12:44.906899,0 days 00:05:48.889273,5.0,0.04,1.1,2.6,0.06,1.1,1.7000000000000002,-41.95360943424255,-41.95360943424255,351.2116326363408,2171.711208670687,2561.664409961349,62.737645261824824,0.0,4382.163985995696,251.0,COMPLETE
570,62.737645261824824,2026-06-17 05:07:18.074982,2026-06-17 05:13:07.367976,0 days 00:05:49.292994,5.0,0.04,1.1,2.6,0.05,1.1,1.7000000000000002,-41.95360943424255,-41.95360943424255,351.2116326363408,2171.711208670687,2561.664409961349,62.737645261824824,0.0,4382.163985995696,251.0,COMPLETE
571,34.707550375953254,2026-06-17 05:07:50.569477,2026-06-17 05:13:40.308897,0 days 00:05:49.739420,5.0,0.04,1.1,2.6,0.05,1.1,2.3,-41.95360943424255,-41.95360943424255,351.2116326363408,1535.1834171218147,1445.0327409464096,34.707550375953254,0.0,2629.004525431884,176.0,COMPLETE
572,62.737645261824824,2026-06-17 05:08:07.565790,2026-06-17 05:13:58.757509,0 days 00:05:51.191719,5.0,0.04,1.1,2.6,0.05,1.1,1.7000000000000002,-41.95360943424255,-41.95360943424255,351.2116326363408,2171.711208670687,2561.664409961349,62.737645261824824,0.0,4382.163985995696,251.0,COMPLETE
573,62.737645261824824,2026-06-17 05:08:09.520520,2026-06-17 05:14:00.528191,0 days 00:05:51.007671,5.0,0.03,1.1,2.6,0.05,1.1,1.7000000000000002,-41.95360943424255,-41.95360943424255,351.2116326363408,2171.711208670687,2561.664409961349,62.737645261824824,0.0,4382.163985995696,251.0,COMPLETE
574,62.737645261824824,2026-06-17 05:08:35.661907,2026-06-17 05:14:26.485759,0 days 00:05:50.823852,5.0,0.03,1.1,2.6,0.05,1.1,1.7000000000000002,-41.95360943424255,-41.95360943424255,351.2116326363408,2171.711208670687,2561.664409961349,62.737645261824824,0.0,4382.163985995696,251.0,COMPLETE
575,62.737645261824824,2026-06-17 05:08:54.172607,2026-06-17 05:14:45.746273,0 days 00:05:51.573666,5.0,0.03,1.1,2.6,0.05,1.1,1.7000000000000002,-41.95360943424255,-41.95360943424255,351.2116326363408,2171.711208670687,2561.664409961349,62.737645261824824,0.0,4382.163985995696,251.0,COMPLETE
576,62.737645261824824,2026-06-17 05:08:59.535076,2026-06-17 05:14:51.608169,0 days 00:05:52.073093,5.0,0.03,1.1,2.6,0.05,1.1,1.7000000000000002,-41.95360943424255,-41.95360943424255,351.2116326363408,2171.711208670687,2561.664409961349,62.737645261824824,0.0,4382.163985995696,251.0,COMPLETE
577,62.737645261824824,2026-06-17 05:11:34.704858,2026-06-17 05:17:22.067352,0 days 00:05:47.362494,5.0,0.03,1.1,2.6,0.05,1.1,1.7000000000000002,-41.95360943424255,-41.95360943424255,351.2116326363408,2171.711208670687,2561.664409961349,62.737645261824824,0.0,4382.163985995696,251.0,COMPLETE
578,62.798465061129015,2026-06-17 05:11:43.027967,2026-06-17 05:17:30.709563,0 days 00:05:47.681596,5.0,0.03,1.2000000000000002,2.4000000000000004,0.05,1.1,1.6,-41.95360943424255,-41.95360943424255,397.97860301071154,2109.8706024713806,2603.0456667862095,62.798465061129015,0.0,4314.937666246876,252.0,COMPLETE
579,59.165180694445084,2026-06-17 05:12:08.825105,2026-06-17 05:17:57.237855,0 days 00:05:48.412750,5.0,0.03,1.2000000000000002,2.6,0.05,1.1,1.6,-41.95360943424255,-41.95360943424255,174.94510068300588,1862.383795909019,2627.4989710208656,59.165180694445084,0.0,4314.937666246876,245.0,COMPLETE
580,62.798465061129015,2026-06-17 05:12:45.001196,2026-06-17 05:18:34.917707,0 days 00:05:49.916511,5.0,0.03,1.2000000000000002,2.4000000000000004,0.05,1.1,1.6,-41.95360943424255,-41.95360943424255,397.97860301071154,2109.8706024713806,2603.0456667862095,62.798465061129015,0.0,4314.937666246876,252.0,COMPLETE
581,62.798465061129015,2026-06-17 05:12:45.047511,2026-06-17 05:18:34.207985,0 days 00:05:49.160474,5.0,0.03,1.2000000000000002,2.4000000000000004,0.05,1.1,1.6,-41.95360943424255,-41.95360943424255,397.97860301071154,2109.8706024713806,2603.0456667862095,62.798465061129015,0.0,4314.937666246876,252.0,COMPLETE
582,50.74285387361825,2026-06-17 05:13:07.440343,2026-06-17 05:18:56.787120,0 days 00:05:49.346777,5.0,0.03,1.2000000000000002,2.4000000000000004,0.05,1.1,1.9,-41.95360943424255,-41.95360943424255,397.97860301071154,2159.2362383636164,1858.1509221424378,50.74285387361825,0.0,3619.408557495343,211.0,COMPLETE
583,49.6464014044371,2026-06-17 05:13:40.382049,2026-06-17 05:19:30.569420,0 days 00:05:50.187371,5.0,0.03,1.2000000000000002,2.5,0.05,1.1,1.9,-41.95360943424255,-41.95360943424255,330.49695992638425,2121.4402875697697,1828.465229851958,49.6464014044371,0.0,3619.408557495343,209.0,COMPLETE
584,40.53959905138344,2026-06-17 05:13:58.831606,2026-06-17 05:19:49.640769,0 days 00:05:50.809163,5.0,0.03,1.2000000000000002,2.3,0.05,1.1,1.9,-41.95360943424255,-41.95360943424255,135.08532726024077,2162.5456066184565,1591.9482781371269,40.53959905138344,0.0,3619.408557495343,209.0,COMPLETE
585,54.25852380214299,2026-06-17 05:14:00.602247,2026-06-17 05:19:52.351813,0 days 00:05:51.749566,5.0,0.03,1.2000000000000002,1.2,0.05,1.1,1.6,-41.95360943424255,-41.95360943424255,45.64241276953814,2027.7728124118137,2332.8072666046023,54.25852380214299,0.0,4314.937666246876,254.0,COMPLETE
586,61.70331232879409,2026-06-17 05:14:26.555721,2026-06-17 05:20:17.790294,0 days 00:05:51.234573,5.0,0.03,1.2000000000000002,2.5,0.05,1.1,1.6,-41.95360943424255,-41.95360943424255,330.49695992638425,2072.074651677533,2573.35997449573,61.70331232879409,0.0,4314.937666246876,250.0,COMPLETE
587,61.70331232879409,2026-06-17 05:14:45.816974,2026-06-17 05:20:37.981751,0 days 00:05:52.164777,5.0,0.03,1.2000000000000002,2.5,0.06,1.1,1.6,-41.95360943424255,-41.95360943424255,330.49695992638425,2072.074651677533,2573.35997449573,61.70331232879409,0.0,4314.937666246876,250.0,COMPLETE
588,-1230.0,2026-06-17 05:14:51.679284,2026-06-17 05:20:42.605496,0 days 00:05:50.926212,2.5,0.03,1.2000000000000002,2.4000000000000004,0.06,1.1,2.5,-41.95360943424255,-41.95360943424255,399.93505193735285,199.00018574462257,213.65994497521814,-1230.0,0.0,12.72507878248792,27.0,COMPLETE
589,50.74285387361825,2026-06-17 05:17:22.135790,2026-06-17 05:23:09.726479,0 days 00:05:47.590689,5.0,0.03,1.2000000000000002,2.4000000000000004,0.06,1.1,1.9,-41.95360943424255,-41.95360943424255,397.97860301071154,2159.2362383636164,1858.1509221424378,50.74285387361825,0.0,3619.408557495343,211.0,COMPLETE
590,62.798465061129015,2026-06-17 05:17:30.779093,2026-06-17 05:23:19.135749,0 days 00:05:48.356656,5.0,0.03,1.2000000000000002,2.4000000000000004,0.06,1.1,1.6,-41.95360943424255,-41.95360943424255,397.97860301071154,2109.8706024713806,2603.0456667862095,62.798465061129015,0.0,4314.937666246876,252.0,COMPLETE
591,50.74285387361825,2026-06-17 05:17:57.305466,2026-06-17 05:23:46.210124,0 days 00:05:48.904658,5.0,0.03,1.2000000000000002,2.4000000000000004,0.06,1.1,1.9,-41.95360943424255,-41.95360943424255,397.97860301071154,2159.2362383636164,1858.1509221424378,50.74285387361825,0.0,3619.408557495343,211.0,COMPLETE
592,62.798465061129015,2026-06-17 05:18:34.276289,2026-06-17 05:24:24.028902,0 days 00:05:49.752613,5.0,0.03,1.2000000000000002,2.4000000000000004,0.06,1.1,1.6,-41.95360943424255,-41.95360943424255,397.97860301071154,2109.8706024713806,2603.0456667862095,62.798465061129015,0.0,4314.937666246876,252.0,COMPLETE
593,39.166390759548584,2026-06-17 05:18:34.988923,2026-06-17 05:24:24.647599,0 days 00:05:49.658676,5.0,0.03,1.2000000000000002,2.4000000000000004,0.05,1.6,1.5,-41.95360943424255,-41.95360943424255,397.97860301071154,1948.635049991573,1798.1275534090887,39.166390759548584,0.0,3348.784000389951,186.0,COMPLETE
594,53.695488974944986,2026-06-17 05:18:56.860344,2026-06-17 05:24:47.446032,0 days 00:05:50.585688,5.0,0.03,1.2000000000000002,2.5,0.05,1.1,1.5,-41.95360943424255,-41.95360943424255,330.49695992638425,2089.8705311479043,2559.5980600469366,53.695488974944986,0.0,4318.971631268454,250.0,COMPLETE
595,43.19385832872843,2026-06-17 05:19:30.634084,2026-06-17 05:25:21.623783,0 days 00:05:50.989699,5.0,0.03,1.2000000000000002,2.3,0.05,1.1,1.5,-41.95360943424255,-41.95360943424255,135.08532726024077,2130.9758501965916,2323.081108332105,43.19385832872843,0.0,4318.971631268454,250.0,COMPLETE
596,54.72696488796286,2026-06-17 05:19:49.709743,2026-06-17 05:25:40.979137,0 days 00:05:51.269394,5.0,0.03,1.2000000000000002,2.4000000000000004,0.05,1.1,1.5,-41.95360943424255,-41.95360943424255,397.97860301071154,2127.6664819417515,2589.283752337417,54.72696488796286,0.0,4318.971631268454,252.0,COMPLETE
597,54.72696488796286,2026-06-17 05:19:52.422701,2026-06-17 05:25:44.225734,0 days 00:05:51.803033,5.0,0.03,1.2000000000000002,2.4000000000000004,0.05,1.1,1.5,-41.95360943424255,-41.95360943424255,397.97860301071154,2127.6664819417515,2589.283752337417,54.72696488796286,0.0,4318.971631268454,252.0,COMPLETE
598,54.72696488796286,2026-06-17 05:20:17.864482,2026-06-17 05:26:08.633780,0 days 00:05:50.769298,5.0,0.03,1.2000000000000002,2.4000000000000004,0.05,1.1,1.5,-41.95360943424255,-41.95360943424255,397.97860301071154,2127.6664819417515,2589.283752337417,54.72696488796286,0.0,4318.971631268454,252.0,COMPLETE
599,54.72696488796286,2026-06-17 05:20:38.053367,2026-06-17 05:26:30.528838,0 days 00:05:52.475471,5.0,0.03,1.2000000000000002,2.4000000000000004,0.05,1.1,1.5,-41.95360943424255,-41.95360943424255,397.97860301071154,2127.6664819417515,2589.283752337417,54.72696488796286,0.0,4318.971631268454,252.0,COMPLETE
600,43.19385832872843,2026-06-17 05:20:42.688991,2026-06-17 05:26:34.541331,0 days 00:05:51.852340,5.0,0.03,1.2000000000000002,2.3,0.05,1.1,1.5,-41.95360943424255,-41.95360943424255,135.08532726024077,2130.9758501965916,2323.081108332105,43.19385832872843,0.0,4318.971631268454,250.0,COMPLETE
601,54.72696488796286,2026-06-17 05:23:09.794873,2026-06-17 05:28:57.810693,0 days 00:05:48.015820,5.0,0.03,1.2000000000000002,2.4000000000000004,0.05,1.1,1.5,-41.95360943424255,-41.95360943424255,397.97860301071154,2127.6664819417515,2589.283752337417,54.72696488796286,0.0,4318.971631268454,252.0,COMPLETE
602,36.04722807085146,2026-06-17 05:23:19.203734,2026-06-17 05:29:07.804658,0 days 00:05:48.600924,5.0,0.03,1.2000000000000002,2.3,0.06,1.5,1.6,-41.95360943424255,-41.95360943424255,135.08532726024077,1946.4748483327724,1463.0378126027606,36.04722807085146,0.0,3274.427333675293,184.0,COMPLETE
603,49.30659668513531,2026-06-17 05:23:46.278988,2026-06-17 05:29:34.706858,0 days 00:05:48.427870,5.0,0.03,1.3,2.5,0.06,1.1,1.6,-41.95360943424255,-41.95360943424255,78.76841311519246,1662.1864168861825,2731.519662475889,49.30659668513531,0.0,4314.937666246876,244.0,COMPLETE
604,43.19385832872843,2026-06-17 05:24:24.097723,2026-06-17 05:30:13.750212,0 days 00:05:49.652489,5.0,0.03,1.2000000000000002,2.3,0.06,1.1,1.5,-41.95360943424255,-41.95360943424255,135.08532726024077,2130.9758501965916,2323.081108332105,43.19385832872843,0.0,4318.971631268454,250.0,COMPLETE
605,54.324946845763556,2026-06-17 05:24:24.721148,2026-06-17 05:30:15.061976,0 days 00:05:50.340828,5.0,0.03,1.3,2.3,0.06,1.1,1.5,-41.95360943424255,-41.95360943424255,377.4938064340805,2108.640499208691,2587.8249384938463,54.324946845763556,0.0,4318.971631268454,250.0,COMPLETE
606,54.324946845763556,2026-06-17 05:24:47.515617,2026-06-17 05:30:36.451393,0 days 00:05:48.935776,5.0,0.03,1.3,2.3,0.06,1.1,1.5,-41.95360943424255,-41.95360943424255,377.4938064340805,2108.640499208691,2587.8249384938463,54.324946845763556,0.0,4318.971631268454,250.0,COMPLETE
607,54.324946845763556,2026-06-17 05:25:21.691551,2026-06-17 05:31:12.773233,0 days 00:05:51.081682,5.0,0.03,1.3,2.3,0.06,1.1,1.5,-41.95360943424255,-41.95360943424255,377.4938064340805,2108.640499208691,2587.8249384938463,54.324946845763556,0.0,4318.971631268454,250.0,COMPLETE
608,59.60348865719783,2026-06-17 05:25:41.049781,2026-06-17 05:31:32.725534,0 days 00:05:51.675753,5.0,0.03,1.3,2.4000000000000004,0.06,1.1,1.6,-41.95360943424255,-41.95360943424255,202.0227439672762,1862.8981529097625,2654.0622573043925,59.60348865719783,0.0,4314.937666246876,245.0,COMPLETE
609,52.79297823891401,2026-06-17 05:25:44.294163,2026-06-17 05:31:35.033483,0 days 00:05:50.739320,5.0,0.03,1.2000000000000002,2.3,0.06,1.1,1.6,-41.95360943424255,-41.95360943424255,135.08532726024077,2113.1799707262203,2336.8430227808985,52.79297823891401,0.0,4314.937666246876,250.0,COMPLETE
610,62.4654774391884,2026-06-17 05:26:08.701929,2026-06-17 05:31:59.743127,0 days 00:05:51.041198,5.0,0.03,1.3,2.3,0.06,1.1,1.6,-41.95360943424255,-41.95360943424255,377.4938064340805,2090.84461973832,2601.586852942639,62.4654774391884,0.0,4314.937666246876,250.0,COMPLETE
611,62.4654774391884,2026-06-17 05:26:30.600607,2026-06-17 05:32:22.440390,0 days 00:05:51.839783,5.0,0.03,1.3,2.3,0.06,1.1,1.6,-41.95360943424255,-41.95360943424255,377.4938064340805,2090.84461973832,2601.586852942639,62.4654774391884,0.0,4314.937666246876,250.0,COMPLETE
612,62.4654774391884,2026-06-17 05:26:34.616338,2026-06-17 05:32:26.706878,0 days 00:05:52.090540,5.0,0.03,1.3,2.3,0.06,1.1,1.6,-41.95360943424255,-41.95360943424255,377.4938064340805,2090.84461973832,2601.586852942639,62.4654774391884,0.0,4314.937666246876,250.0,COMPLETE
613,59.60348865719783,2026-06-17 05:28:57.882320,2026-06-17 05:34:45.172485,0 days 00:05:47.290165,5.0,0.03,1.3,2.4000000000000004,0.06,1.1,1.6,-41.95360943424255,-41.95360943424255,202.0227439672762,1862.8981529097625,2654.0622573043925,59.60348865719783,0.0,4314.937666246876,245.0,COMPLETE
614,52.79297823891401,2026-06-17 05:29:07.870949,2026-06-17 05:34:55.525434,0 days 00:05:47.654485,5.0,0.03,1.2000000000000002,2.3,0.06,1.1,1.6,-41.95360943424255,-41.95360943424255,135.08532726024077,2113.1799707262203,2336.8430227808985,52.79297823891401,0.0,4314.937666246876,250.0,COMPLETE
615,59.60348865719783,2026-06-17 05:29:34.780392,2026-06-17 05:35:23.728967,0 days 00:05:48.948575,5.0,0.03,1.3,2.4000000000000004,0.06,1.1,1.6,-41.95360943424255,-41.95360943424255,202.0227439672762,1862.8981529097625,2654.0622573043925,59.60348865719783,0.0,4314.937666246876,245.0,COMPLETE
616,52.79297823891401,2026-06-17 05:30:13.818845,2026-06-17 05:36:03.775932,0 days 00:05:49.957087,5.0,0.03,1.2000000000000002,2.3,0.06,1.1,1.6,-41.95360943424255,-41.95360943424255,135.08532726024077,2113.1799707262203,2336.8430227808985,52.79297823891401,0.0,4314.937666246876,250.0,COMPLETE
617,49.30659668513531,2026-06-17 05:30:15.137303,2026-06-17 05:36:04.701405,0 days 00:05:49.564102,5.0,0.03,1.3,2.5,0.06,1.1,1.6,-41.95360943424255,-41.95360943424255,78.76841311519246,1662.1864168861825,2731.519662475889,49.30659668513531,0.0,4314.937666246876,244.0,COMPLETE
618,59.60348865719783,2026-06-17 05:30:36.518245,2026-06-17 05:36:25.628214,0 days 00:05:49.109969,5.0,0.03,1.3,2.4000000000000004,0.06,1.1,1.6,-41.95360943424255,-41.95360943424255,202.0227439672762,1862.8981529097625,2654.0622573043925,59.60348865719783,0.0,4314.937666246876,245.0,COMPLETE
619,62.798465061129015,2026-06-17 05:31:12.842890,2026-06-17 05:37:03.574656,0 days 00:05:50.731766,5.0,0.03,1.2000000000000002,2.4000000000000004,0.06,1.1,1.6,-41.95360943424255,-41.95360943424255,397.97860301071154,2109.8706024713806,2603.0456667862095,62.798465061129015,0.0,4314.937666246876,252.0,COMPLETE
620,62.798465061129015,2026-06-17 05:31:32.797408,2026-06-17 05:37:24.550886,0 days 00:05:51.753478,5.0,0.03,1.2000000000000002,2.4000000000000004,0.06,1.1,1.6,-41.95360943424255,-41.95360943424255,397.97860301071154,2109.8706024713806,2603.0456667862095,62.798465061129015,0.0,4314.937666246876,252.0,COMPLETE
621,62.798465061129015,2026-06-17 05:31:35.103181,2026-06-17 05:37:26.409992,0 days 00:05:51.306811,5.0,0.03,1.2000000000000002,2.4000000000000004,0.06,1.1,1.6,-41.95360943424255,-41.95360943424255,397.97860301071154,2109.8706024713806,2603.0456667862095,62.798465061129015,0.0,4314.937666246876,252.0,COMPLETE
622,62.798465061129015,2026-06-17 05:31:59.815793,2026-06-17 05:37:51.083401,0 days 00:05:51.267608,5.0,0.03,1.2000000000000002,2.4000000000000004,0.06,1.1,1.6,-41.95360943424255,-41.95360943424255,397.97860301071154,2109.8706024713806,2603.0456667862095,62.798465061129015,0.0,4314.937666246876,252.0,COMPLETE
623,62.798465061129015,2026-06-17 05:32:22.514127,2026-06-17 05:38:15.416701,0 days 00:05:52.902574,5.0,0.03,1.2000000000000002,2.4000000000000004,0.06,1.1,1.6,-41.95360943424255,-41.95360943424255,397.97860301071154,2109.8706024713806,2603.0456667862095,62.798465061129015,0.0,4314.937666246876,252.0,COMPLETE
624,62.798465061129015,2026-06-17 05:32:26.777865,2026-06-17 05:38:19.874374,0 days 00:05:53.096509,5.0,0.03,1.2000000000000002,2.4000000000000004,0.06,1.1,1.6,-41.95360943424255,-41.95360943424255,397.97860301071154,2109.8706024713806,2603.0456667862095,62.798465061129015,0.0,4314.937666246876,252.0,COMPLETE
625,62.798465061129015,2026-06-17 05:34:45.328194,2026-06-17 05:40:35.003016,0 days 00:05:49.674822,5.0,0.03,1.2000000000000002,2.4000000000000004,0.06,1.1,1.6,-41.95360943424255,-41.95360943424255,397.97860301071154,2109.8706024713806,2603.0456667862095,62.798465061129015,0.0,4314.937666246876,252.0,COMPLETE
626,62.798465061129015,2026-06-17 05:34:55.598705,2026-06-17 05:40:45.429486,0 days 00:05:49.830781,5.0,0.03,1.2000000000000002,2.4000000000000004,0.06,1.1,1.6,-41.95360943424255,-41.95360943424255,397.97860301071154,2109.8706024713806,2603.0456667862095,62.798465061129015,0.0,4314.937666246876,252.0,COMPLETE
627,62.798465061129015,2026-06-17 05:35:23.798036,2026-06-17 05:41:13.528268,0 days 00:05:49.730232,5.0,0.03,1.2000000000000002,2.4000000000000004,0.06,1.1,1.6,-41.95360943424255,-41.95360943424255,397.97860301071154,2109.8706024713806,2603.0456667862095,62.798465061129015,0.0,4314.937666246876,252.0,COMPLETE
628,62.798465061129015,2026-06-17 05:36:03.846538,2026-06-17 05:41:54.307478,0 days 00:05:50.460940,5.0,0.03,1.2000000000000002,2.4000000000000004,0.06,1.2,1.6,-41.95360943424255,-41.95360943424255,397.97860301071154,2109.8706024713806,2603.0456667862095,62.798465061129015,0.0,4314.937666246876,252.0,COMPLETE
629,62.798465061129015,2026-06-17 05:36:04.776228,2026-06-17 05:41:56.049471,0 days 00:05:51.273243,5.0,0.03,1.2000000000000002,2.4000000000000004,0.06,1.2,1.6,-41.95360943424255,-41.95360943424255,397.97860301071154,2109.8706024713806,2603.0456667862095,62.798465061129015,0.0,4314.937666246876,252.0,COMPLETE
630,62.798465061129015,2026-06-17 05:36:25.701437,2026-06-17 05:42:16.732200,0 days 00:05:51.030763,5.0,0.03,1.2000000000000002,2.4000000000000004,0.06,1.2,1.6,-41.95360943424255,-41.95360943424255,397.97860301071154,2109.8706024713806,2603.0456667862095,62.798465061129015,0.0,4314.937666246876,252.0,COMPLETE
631,62.798465061129015,2026-06-17 05:37:03.642984,2026-06-17 05:42:56.044754,0 days 00:05:52.401770,5.0,0.03,1.2000000000000002,2.4000000000000004,0.06,1.1,1.6,-41.95360943424255,-41.95360943424255,397.97860301071154,2109.8706024713806,2603.0456667862095,62.798465061129015,0.0,4314.937666246876,252.0,COMPLETE
632,62.798465061129015,2026-06-17 05:37:24.617921,2026-06-17 05:43:16.913373,0 days 00:05:52.295452,5.0,0.03,1.2000000000000002,2.4000000000000004,0.06,1.2,1.6,-41.95360943424255,-41.95360943424255,397.97860301071154,2109.8706024713806,2603.0456667862095,62.798465061129015,0.0,4314.937666246876,252.0,COMPLETE
633,62.798465061129015,2026-06-17 05:37:26.479500,2026-06-17 05:43:19.346073,0 days 00:05:52.866573,5.0,0.03,1.2000000000000002,2.4000000000000004,0.06,1.2,1.6,-41.95360943424255,-41.95360943424255,397.97860301071154,2109.8706024713806,2603.0456667862095,62.798465061129015,0.0,4314.937666246876,252.0,COMPLETE
634,54.72696488796286,2026-06-17 05:37:51.152203,2026-06-17 05:43:44.345820,0 days 00:05:53.193617,5.0,0.03,1.2000000000000002,2.4000000000000004,0.06,1.2,1.5,-41.95360943424255,-41.95360943424255,397.97860301071154,2127.6664819417515,2589.283752337417,54.72696488796286,0.0,4318.971631268454,252.0,COMPLETE
635,51.114860979892185,2026-06-17 05:38:15.487466,2026-06-17 05:44:09.101394,0 days 00:05:53.613928,4.5,0.03,1.2000000000000002,2.4000000000000004,0.06,1.1,1.5,-41.95360943424255,-41.95360943424255,397.97860301071154,2019.2795864501136,2422.469130456625,51.114860979892185,0.0,4043.770113896027,252.0,COMPLETE
636,51.114860979892185,2026-06-17 05:38:19.946380,2026-06-17 05:44:12.785175,0 days 00:05:52.838795,4.5,0.03,1.2000000000000002,2.4000000000000004,0.06,1.2,1.5,-41.95360943424255,-41.95360943424255,397.97860301071154,2019.2795864501136,2422.469130456625,51.114860979892185,0.0,4043.770113896027,252.0,COMPLETE
637,51.114860979892185,2026-06-17 05:40:35.076904,2026-06-17 05:46:22.164160,0 days 00:05:47.087256,4.5,0.03,1.2000000000000002,2.4000000000000004,0.06,1.2,1.5,-41.95360943424255,-41.95360943424255,397.97860301071154,2019.2795864501136,2422.469130456625,51.114860979892185,0.0,4043.770113896027,252.0,COMPLETE
638,51.114860979892185,2026-06-17 05:40:45.504884,2026-06-17 05:46:33.363040,0 days 00:05:47.858156,4.5,0.03,1.2000000000000002,2.4000000000000004,0.06,1.2,1.5,-41.95360943424255,-41.95360943424255,397.97860301071154,2019.2795864501136,2422.469130456625,51.114860979892185,0.0,4043.770113896027,252.0,COMPLETE
639,54.72696488796286,2026-06-17 05:41:13.602779,2026-06-17 05:47:01.894584,0 days 00:05:48.291805,5.0,0.03,1.2000000000000002,2.4000000000000004,0.06,1.2,1.5,-41.95360943424255,-41.95360943424255,397.97860301071154,2127.6664819417515,2589.283752337417,54.72696488796286,0.0,4318.971631268454,252.0,COMPLETE
640,54.72696488796286,2026-06-17 05:41:54.379350,2026-06-17 05:47:43.886457,0 days 00:05:49.507107,5.0,0.03,1.2000000000000002,2.4000000000000004,0.06,1.2,1.5,-41.95360943424255,-41.95360943424255,397.97860301071154,2127.6664819417515,2589.283752337417,54.72696488796286,0.0,4318.971631268454,252.0,COMPLETE
641,51.114860979892185,2026-06-17 05:41:56.125972,2026-06-17 05:47:46.047593,0 days 00:05:49.921621,4.5,0.03,1.2000000000000002,2.4000000000000004,0.06,1.2,1.5,-41.95360943424255,-41.95360943424255,397.97860301071154,2019.2795864501136,2422.469130456625,51.114860979892185,0.0,4043.770113896027,252.0,COMPLETE
642,47.91625930715052,2026-06-17 05:42:16.805754,2026-06-17 05:48:06.061609,0 days 00:05:49.255855,4.5,0.03,1.3,2.4000000000000004,0.06,1.3,1.5,-41.95360943424255,-41.95360943424255,202.0227439672762,1772.3071368884953,2473.485720974808,47.91625930715052,0.0,4043.770113896027,245.0,COMPLETE
643,47.91625930715052,2026-06-17 05:42:56.120355,2026-06-17 05:48:46.203393,0 days 00:05:50.083038,4.5,0.03,1.3,2.4000000000000004,0.06,1.2,1.5,-41.95360943424255,-41.95360943424255,202.0227439672762,1772.3071368884953,2473.485720974808,47.91625930715052,0.0,4043.770113896027,245.0,COMPLETE
644,47.91625930715052,2026-06-17 05:43:16.990233,2026-06-17 05:49:08.665050,0 days 00:05:51.674817,4.5,0.03,1.3,2.4000000000000004,0.06,1.3,1.5,-41.95360943424255,-41.95360943424255,202.0227439672762,1772.3071368884953,2473.485720974808,47.91625930715052,0.0,4043.770113896027,245.0,COMPLETE
645,47.91625930715052,2026-06-17 05:43:19.424905,2026-06-17 05:49:10.459620,0 days 00:05:51.034715,4.5,0.03,1.3,2.4000000000000004,0.06,1.3,1.5,-41.95360943424255,-41.95360943424255,202.0227439672762,1772.3071368884953,2473.485720974808,47.91625930715052,0.0,4043.770113896027,245.0,COMPLETE
646,47.91625930715052,2026-06-17 05:43:44.415664,2026-06-17 05:49:35.510201,0 days 00:05:51.094537,4.5,0.03,1.3,2.4000000000000004,0.06,1.3,1.5,-41.95360943424255,-41.95360943424255,202.0227439672762,1772.3071368884953,2473.485720974808,47.91625930715052,0.0,4043.770113896027,245.0,COMPLETE
647,47.91625930715052,2026-06-17 05:44:09.172299,2026-06-17 05:50:01.478636,0 days 00:05:52.306337,4.5,0.03,1.3,2.4000000000000004,0.06,1.3,1.5,-41.95360943424255,-41.95360943424255,202.0227439672762,1772.3071368884953,2473.485720974808,47.91625930715052,0.0,4043.770113896027,245.0,COMPLETE
648,51.531225901076105,2026-06-17 05:44:12.857241,2026-06-17 05:50:05.183752,0 days 00:05:52.326511,5.0,0.03,1.3,2.4000000000000004,0.06,1.3,1.5,-41.95360943424255,-41.95360943424255,202.0227439672762,1880.6940323801336,2640.3003428556,51.531225901076105,0.0,4318.971631268454,245.0,COMPLETE
649,51.129045420490904,2026-06-17 05:46:22.231609,2026-06-17 05:52:10.009950,0 days 00:05:47.778341,5.0,0.03,1.3,2.4000000000000004,0.06,1.2,1.4,-41.95360943424255,-41.95360943424255,202.0227439672762,1865.2659569853247,2618.5815924135663,51.129045420490904,0.0,4281.824805431614,246.0,COMPLETE
650,51.531225901076105,2026-06-17 05:46:33.439818,2026-06-17 05:52:21.943693,0 days 00:05:48.503875,5.0,0.03,1.3,2.4000000000000004,0.06,1.3,1.5,-41.95360943424255,-41.95360943424255,202.0227439672762,1880.6940323801336,2640.3003428556,51.531225901076105,0.0,4318.971631268454,245.0,COMPLETE
651,51.129045420490904,2026-06-17 05:47:01.964220,2026-06-17 05:52:51.240288,0 days 00:05:49.276068,5.0,0.03,1.3,2.4000000000000004,0.06,1.2,1.4,-41.95360943424255,-41.95360943424255,202.0227439672762,1865.2659569853247,2618.5815924135663,51.129045420490904,0.0,4281.824805431614,246.0,COMPLETE
652,51.531225901076105,2026-06-17 05:47:43.956819,2026-06-17 05:53:33.455202,0 days 00:05:49.498383,5.0,0.03,1.3,2.4000000000000004,0.06,1.3,1.5,-41.95360943424255,-41.95360943424255,202.0227439672762,1880.6940323801336,2640.3003428556,51.531225901076105,0.0,4318.971631268454,245.0,COMPLETE
653,51.531225901076105,2026-06-17 05:47:46.117772,2026-06-17 05:53:36.234088,0 days 00:05:50.116316,5.0,0.03,1.3,2.4000000000000004,0.06,1.3,1.5,-41.95360943424255,-41.95360943424255,202.0227439672762,1880.6940323801336,2640.3003428556,51.531225901076105,0.0,4318.971631268454,245.0,COMPLETE
654,51.129045420490904,2026-06-17 05:48:06.131518,2026-06-17 05:53:56.204566,0 days 00:05:50.073048,5.0,0.03,1.3,2.4000000000000004,0.06,1.3,1.4,-41.95360943424255,-41.95360943424255,202.0227439672762,1865.2659569853247,2618.5815924135663,51.129045420490904,0.0,4281.824805431614,246.0,COMPLETE
655,59.60348865719783,2026-06-17 05:48:46.271972,2026-06-17 05:54:37.479045,0 days 00:05:51.207073,5.0,0.03,1.3,2.4000000000000004,0.06,1.2,1.6,-41.95360943424255,-41.95360943424255,202.0227439672762,1862.8981529097625,2654.0622573043925,59.60348865719783,0.0,4314.937666246876,245.0,COMPLETE
656,50.952779224475805,2026-06-17 05:49:08.735545,2026-06-17 05:54:59.623986,0 days 00:05:50.888441,5.0,0.03,1.3,2.4000000000000004,0.06,1.3,1.6,-41.95360943424255,-41.95360943424255,202.0227439672762,2006.3979010864782,1969.4638060231323,50.952779224475805,0.0,3773.8389631423333,204.0,COMPLETE
657,44.07491493883004,2026-06-17 05:49:10.529772,2026-06-17 05:55:02.260696,0 days 00:05:51.730924,5.0,0.03,1.2000000000000002,2.3,0.06,1.3,1.6,-41.95360943424255,-41.95360943424255,135.08532726024077,2256.679718902936,1652.2445714996388,44.07491493883004,0.0,3773.8389631423333,209.0,COMPLETE
658,54.32588509511548,2026-06-17 05:49:35.580834,2026-06-17 05:55:27.537349,0 days 00:05:51.956515,5.0,0.03,1.2000000000000002,2.4000000000000004,0.06,1.2,1.4,-41.95360943424255,-41.95360943424255,397.97860301071154,2112.238406546943,2567.5650018953834,54.32588509511548,0.0,4281.824805431614,253.0,COMPLETE
659,42.79201586323171,2026-06-17 05:50:01.546112,2026-06-17 05:55:54.019453,0 days 00:05:52.473341,5.0,0.03,1.2000000000000002,2.3,0.06,1.2,1.4,-41.95360943424255,-41.95360943424255,135.08532726024077,2115.5477748017834,2301.362357890071,42.79201586323171,0.0,4281.824805431614,251.0,COMPLETE
660,52.79297823891401,2026-06-17 05:50:05.253889,2026-06-17 05:55:57.546341,0 days 00:05:52.292452,5.0,0.03,1.2000000000000002,2.3,0.06,1.2,1.6,-41.95360943424255,-41.95360943424255,135.08532726024077,2113.1799707262203,2336.8430227808985,52.79297823891401,0.0,4314.937666246876,250.0,COMPLETE
661,52.79297823891401,2026-06-17 05:52:10.081854,2026-06-17 05:57:58.156172,0 days 00:05:48.074318,5.0,0.03,1.2000000000000002,2.3,0.06,1.2,1.6,-41.95360943424255,-41.95360943424255,135.08532726024077,2113.1799707262203,2336.8430227808985,52.79297823891401,0.0,4314.937666246876,250.0,COMPLETE
662,42.79201586323171,2026-06-17 05:52:22.013522,2026-06-17 05:58:09.995381,0 days 00:05:47.981859,5.0,0.03,1.2000000000000002,2.3,0.06,1.2,1.4,-41.95360943424255,-41.95360943424255,135.08532726024077,2115.5477748017834,2301.362357890071,42.79201586323171,0.0,4281.824805431614,251.0,COMPLETE
663,52.79297823891401,2026-06-17 05:52:51.310128,2026-06-17 05:58:39.959686,0 days 00:05:48.649558,5.0,0.03,1.2000000000000002,2.3,0.06,1.2,1.6,-41.95360943424255,-41.95360943424255,135.08532726024077,2113.1799707262203,2336.8430227808985,52.79297823891401,0.0,4314.937666246876,250.0,COMPLETE
664,52.79297823891401,2026-06-17 05:53:33.527070,2026-06-17 05:59:22.739720,0 days 00:05:49.212650,5.0,0.03,1.2000000000000002,2.3,0.06,1.2,1.6,-41.95360943424255,-41.95360943424255,135.08532726024077,2113.1799707262203,2336.8430227808985,52.79297823891401,0.0,4314.937666246876,250.0,COMPLETE
665,52.79297823891401,2026-06-17 05:53:36.303036,2026-06-17 05:59:26.047464,0 days 00:05:49.744428,5.0,0.03,1.2000000000000002,2.3,0.06,1.2,1.6,-41.95360943424255,-41.95360943424255,135.08532726024077,2113.1799707262203,2336.8430227808985,52.79297823891401,0.0,4314.937666246876,250.0,COMPLETE
666,52.79297823891401,2026-06-17 05:53:56.276945,2026-06-17 05:59:46.012240,0 days 00:05:49.735295,5.0,0.03,1.2000000000000002,2.3,0.06,1.2,1.6,-41.95360943424255,-41.95360943424255,135.08532726024077,2113.1799707262203,2336.8430227808985,52.79297823891401,0.0,4314.937666246876,250.0,COMPLETE
667,52.79297823891401,2026-06-17 05:54:37.547866,2026-06-17 06:00:27.913114,0 days 00:05:50.365248,5.0,0.03,1.2000000000000002,2.3,0.06,1.2,1.6,-41.95360943424255,-41.95360943424255,135.08532726024077,2113.1799707262203,2336.8430227808985,52.79297823891401,0.0,4314.937666246876,250.0,COMPLETE
668,52.79297823891401,2026-06-17 05:54:59.692241,2026-06-17 06:00:51.602160,0 days 00:05:51.909919,5.0,0.03,1.2000000000000002,2.3,0.06,1.2,1.6,-41.95360943424255,-41.95360943424255,135.08532726024077,2113.1799707262203,2336.8430227808985,52.79297823891401,0.0,4314.937666246876,250.0,COMPLETE
669,52.79297823891401,2026-06-17 05:55:02.332550,2026-06-17 06:00:53.656716,0 days 00:05:51.324166,5.0,0.03,1.2000000000000002,2.3,0.06,1.2,1.6,-41.95360943424255,-41.95360943424255,135.08532726024077,2113.1799707262203,2336.8430227808985,52.79297823891401,0.0,4314.937666246876,250.0,COMPLETE
670,52.79297823891401,2026-06-17 05:55:27.605714,2026-06-17 06:01:18.972953,0 days 00:05:51.367239,5.0,0.03,1.2000000000000002,2.3,0.06,1.2,1.6,-41.95360943424255,-41.95360943424255,135.08532726024077,2113.1799707262203,2336.8430227808985,52.79297823891401,0.0,4314.937666246876,250.0,COMPLETE
671,52.79297823891401,2026-06-17 05:55:54.089360,2026-06-17 06:01:47.069349,0 days 00:05:52.979989,5.0,0.03,1.2000000000000002,2.3,0.06,1.2,1.6,-41.95360943424255,-41.95360943424255,135.08532726024077,2113.1799707262203,2336.8430227808985,52.79297823891401,0.0,4314.937666246876,250.0,COMPLETE
672,52.79297823891401,2026-06-17 05:55:57.614559,2026-06-17 06:01:49.816885,0 days 00:05:52.202326,5.0,0.03,1.2000000000000002,2.3,0.06,1.2,1.6,-41.95360943424255,-41.95360943424255,135.08532726024077,2113.1799707262203,2336.8430227808985,52.79297823891401,0.0,4314.937666246876,250.0,COMPLETE
673,52.79297823891401,2026-06-17 05:57:58.219390,2026-06-17 06:03:45.575620,0 days 00:05:47.356230,5.0,0.03,1.2000000000000002,2.3,0.06,1.2,1.6,-41.95360943424255,-41.95360943424255,135.08532726024077,2113.1799707262203,2336.8430227808985,52.79297823891401,0.0,4314.937666246876,250.0,COMPLETE
674,52.79297823891401,2026-06-17 05:58:10.067946,2026-06-17 06:03:58.701485,0 days 00:05:48.633539,5.0,0.03,1.2000000000000002,2.3,0.06,1.2,1.6,-41.95360943424255,-41.95360943424255,135.08532726024077,2113.1799707262203,2336.8430227808985,52.79297823891401,0.0,4314.937666246876,250.0,COMPLETE
675,52.79297823891401,2026-06-17 05:58:40.042201,2026-06-17 06:04:28.907285,0 days 00:05:48.865084,5.0,0.03,1.2000000000000002,2.3,0.06,1.2,1.6,-41.95360943424255,-41.95360943424255,135.08532726024077,2113.1799707262203,2336.8430227808985,52.79297823891401,0.0,4314.937666246876,250.0,COMPLETE
676,62.798465061129015,2026-06-17 05:59:22.810989,2026-06-17 06:05:12.678260,0 days 00:05:49.867271,5.0,0.03,1.2000000000000002,2.4000000000000004,0.06,1.2,1.6,-41.95360943424255,-41.95360943424255,397.97860301071154,2109.8706024713806,2603.0456667862095,62.798465061129015,0.0,4314.937666246876,252.0,COMPLETE
677,62.798465061129015,2026-06-17 05:59:26.122996,2026-06-17 06:05:16.403224,0 days 00:05:50.280228,5.0,0.03,1.2000000000000002,2.4000000000000004,0.06,1.2,1.6,-41.95360943424255,-41.95360943424255,397.97860301071154,2109.8706024713806,2603.0456667862095,62.798465061129015,0.0,4314.937666246876,252.0,COMPLETE
678,62.798465061129015,2026-06-17 05:59:46.086663,2026-06-17 06:05:35.654572,0 days 00:05:49.567909,5.0,0.03,1.2000000000000002,2.4000000000000004,0.06,1.2,1.6,-41.95360943424255,-41.95360943424255,397.97860301071154,2109.8706024713806,2603.0456667862095,62.798465061129015,0.0,4314.937666246876,252.0,COMPLETE
679,62.798465061129015,2026-06-17 06:00:28.075482,2026-06-17 06:06:19.117324,0 days 00:05:51.041842,5.0,0.03,1.2000000000000002,2.4000000000000004,0.06,1.2,1.6,-41.95360943424255,-41.95360943424255,397.97860301071154,2109.8706024713806,2603.0456667862095,62.798465061129015,0.0,4314.937666246876,252.0,COMPLETE
680,62.798465061129015,2026-06-17 06:00:51.679626,2026-06-17 06:06:43.255729,0 days 00:05:51.576103,5.0,0.03,1.2000000000000002,2.4000000000000004,0.06,1.2,1.6,-41.95360943424255,-41.95360943424255,397.97860301071154,2109.8706024713806,2603.0456667862095,62.798465061129015,0.0,4314.937666246876,252.0,COMPLETE
681,62.798465061129015,2026-06-17 06:00:53.734978,2026-06-17 06:06:46.073556,0 days 00:05:52.338578,5.0,0.03,1.2000000000000002,2.4000000000000004,0.06,1.2,1.6,-41.95360943424255,-41.95360943424255,397.97860301071154,2109.8706024713806,2603.0456667862095,62.798465061129015,0.0,4314.937666246876,252.0,COMPLETE
682,62.798465061129015,2026-06-17 06:01:19.049641,2026-06-17 06:07:11.150635,0 days 00:05:52.100994,5.0,0.03,1.2000000000000002,2.4000000000000004,0.06,1.2,1.6,-41.95360943424255,-41.95360943424255,397.97860301071154,2109.8706024713806,2603.0456667862095,62.798465061129015,0.0,4314.937666246876,252.0,COMPLETE
683,62.798465061129015,2026-06-17 06:01:47.147618,2026-06-17 06:07:40.218479,0 days 00:05:53.070861,5.0,0.03,1.2000000000000002,2.4000000000000004,0.06,1.2,1.6,-41.95360943424255,-41.95360943424255,397.97860301071154,2109.8706024713806,2603.0456667862095,62.798465061129015,0.0,4314.937666246876,252.0,COMPLETE
684,62.798465061129015,2026-06-17 06:01:49.893983,2026-06-17 06:07:42.695709,0 days 00:05:52.801726,5.0,0.03,1.2000000000000002,2.4000000000000004,0.06,1.2,1.6,-41.95360943424255,-41.95360943424255,397.97860301071154,2109.8706024713806,2603.0456667862095,62.798465061129015,0.0,4314.937666246876,252.0,COMPLETE
685,62.798465061129015,2026-06-17 06:03:45.655785,2026-06-17 06:09:33.992336,0 days 00:05:48.336551,5.0,0.03,1.2000000000000002,2.4000000000000004,0.06,1.2,1.6,-41.95360943424255,-41.95360943424255,397.97860301071154,2109.8706024713806,2603.0456667862095,62.798465061129015,0.0,4314.937666246876,252.0,COMPLETE
686,62.798465061129015,2026-06-17 06:03:58.778459,2026-06-17 06:09:47.804979,0 days 00:05:49.026520,5.0,0.03,1.2000000000000002,2.4000000000000004,0.06,1.2,1.6,-41.95360943424255,-41.95360943424255,397.97860301071154,2109.8706024713806,2603.0456667862095,62.798465061129015,0.0,4314.937666246876,252.0,COMPLETE
687,62.798465061129015,2026-06-17 06:04:28.985652,2026-06-17 06:10:18.038204,0 days 00:05:49.052552,5.0,0.03,1.2000000000000002,2.4000000000000004,0.06,1.2,1.6,-41.95360943424255,-41.95360943424255,397.97860301071154,2109.8706024713806,2603.0456667862095,62.798465061129015,0.0,4314.937666246876,252.0,COMPLETE
688,54.72696488796286,2026-06-17 06:05:12.757359,2026-06-17 06:11:02.282095,0 days 00:05:49.524736,5.0,0.03,1.2000000000000002,2.4000000000000004,0.06,1.2,1.5,-41.95360943424255,-41.95360943424255,397.97860301071154,2127.6664819417515,2589.283752337417,54.72696488796286,0.0,4318.971631268454,252.0,COMPLETE
689,54.72696488796286,2026-06-17 06:05:16.481720,2026-06-17 06:11:06.026226,0 days 00:05:49.544506,5.0,0.03,1.2000000000000002,2.4000000000000004,0.06,1.2,1.5,-41.95360943424255,-41.95360943424255,397.97860301071154,2127.6664819417515,2589.283752337417,54.72696488796286,0.0,4318.971631268454,252.0,COMPLETE
690,54.72696488796286,2026-06-17 06:05:35.730453,2026-06-17 06:11:26.636678,0 days 00:05:50.906225,5.0,0.03,1.2000000000000002,2.4000000000000004,0.06,1.2,1.5,-41.95360943424255,-41.95360943424255,397.97860301071154,2127.6664819417515,2589.283752337417,54.72696488796286,0.0,4318.971631268454,252.0,COMPLETE
691,54.72696488796286,2026-06-17 06:06:19.196491,2026-06-17 06:12:10.226541,0 days 00:05:51.030050,5.0,0.03,1.2000000000000002,2.4000000000000004,0.06,1.2,1.5,-41.95360943424255,-41.95360943424255,397.97860301071154,2127.6664819417515,2589.283752337417,54.72696488796286,0.0,4318.971631268454,252.0,COMPLETE
692,54.85637549970225,2026-06-17 06:06:43.332741,2026-06-17 06:12:34.974033,0 days 00:05:51.641292,5.0,0.03,0.5,2.4000000000000004,0.06,1.2,1.5,-41.95360943424255,-41.95360943424255,16.051597143781763,1993.4107299077855,2341.612498504452,54.85637549970225,0.0,4318.971631268454,254.0,COMPLETE
693,54.72696488796286,2026-06-17 06:06:46.150519,2026-06-17 06:12:38.096254,0 days 00:05:51.945735,5.0,0.03,1.2000000000000002,2.4000000000000004,0.06,1.2,1.5,-41.95360943424255,-41.95360943424255,397.97860301071154,2127.6664819417515,2589.283752337417,54.72696488796286,0.0,4318.971631268454,252.0,COMPLETE
694,54.72696488796286,2026-06-17 06:07:11.224033,2026-06-17 06:13:02.669207,0 days 00:05:51.445174,5.0,0.03,1.2000000000000002,2.4000000000000004,0.06,1.2,1.5,-41.95360943424255,-41.95360943424255,397.97860301071154,2127.6664819417515,2589.283752337417,54.72696488796286,0.0,4318.971631268454,252.0,COMPLETE
695,54.72696488796286,2026-06-17 06:07:40.291067,2026-06-17 06:13:32.177644,0 days 00:05:51.886577,5.0,0.03,1.2000000000000002,2.4000000000000004,0.06,1.2,1.5,-41.95360943424255,-41.95360943424255,397.97860301071154,2127.6664819417515,2589.283752337417,54.72696488796286,0.0,4318.971631268454,252.0,COMPLETE
696,54.72696488796286,2026-06-17 06:07:42.772942,2026-06-17 06:13:35.041827,0 days 00:05:52.268885,5.0,0.03,1.2000000000000002,2.4000000000000004,0.06,1.2,1.5,-41.95360943424255,-41.95360943424255,397.97860301071154,2127.6664819417515,2589.283752337417,54.72696488796286,0.0,4318.971631268454,252.0,COMPLETE
697,54.72696488796286,2026-06-17 06:09:34.068661,2026-06-17 06:15:21.804773,0 days 00:05:47.736112,5.0,0.03,1.2000000000000002,2.4000000000000004,0.06,1.2,1.5,-41.95360943424255,-41.95360943424255,397.97860301071154,2127.6664819417515,2589.283752337417,54.72696488796286,0.0,4318.971631268454,252.0,COMPLETE
698,54.72696488796286,2026-06-17 06:09:47.879390,2026-06-17 06:15:36.295363,0 days 00:05:48.415973,5.0,0.03,1.2000000000000002,2.4000000000000004,0.06,1.2,1.5,-41.95360943424255,-41.95360943424255,397.97860301071154,2127.6664819417515,2589.283752337417,54.72696488796286,0.0,4318.971631268454,252.0,COMPLETE
699,54.72696488796286,2026-06-17 06:10:18.112835,2026-06-17 06:16:07.070432,0 days 00:05:48.957597,5.0,0.03,1.2000000000000002,2.4000000000000004,0.06,1.2,1.5,-41.95360943424255,-41.95360943424255,397.97860301071154,2127.6664819417515,2589.283752337417,54.72696488796286,0.0,4318.971631268454,252.0,COMPLETE
700,54.72696488796286,2026-06-17 06:11:02.352212,2026-06-17 06:16:51.789155,0 days 00:05:49.436943,5.0,0.03,1.2000000000000002,2.4000000000000004,0.06,1.2,1.5,-41.95360943424255,-41.95360943424255,397.97860301071154,2127.6664819417515,2589.283752337417,54.72696488796286,0.0,4318.971631268454,252.0,COMPLETE
701,43.725939192706065,2026-06-17 06:11:06.096898,2026-06-17 06:16:55.965069,0 days 00:05:49.868171,3.5,0.03,1.2000000000000002,2.4000000000000004,0.06,1.2,1.5,-41.95360943424255,-41.95360943424255,397.97860301071154,1759.6656621078262,2002.106670900538,43.725939192706065,0.0,3363.7937299976525,252.0,COMPLETE
702,54.72696488796286,2026-06-17 06:11:26.787700,2026-06-17 06:17:16.341184,0 days 00:05:49.553484,5.0,0.03,1.2000000000000002,2.4000000000000004,0.06,1.2,1.5,-41.95360943424255,-41.95360943424255,397.97860301071154,2127.6664819417515,2589.283752337417,54.72696488796286,0.0,4318.971631268454,252.0,COMPLETE
703,54.72696488796286,2026-06-17 06:12:10.296919,2026-06-17 06:18:01.093918,0 days 00:05:50.796999,5.0,0.03,1.2000000000000002,2.4000000000000004,0.06,1.2,1.5,-41.95360943424255,-41.95360943424255,397.97860301071154,2127.6664819417515,2589.283752337417,54.72696488796286,0.0,4318.971631268454,252.0,COMPLETE
704,54.72696488796286,2026-06-17 06:12:35.043891,2026-06-17 06:18:26.151440,0 days 00:05:51.107549,5.0,0.03,1.2000000000000002,2.4000000000000004,0.06,1.2,1.5,-41.95360943424255,-41.95360943424255,397.97860301071154,2127.6664819417515,2589.283752337417,54.72696488796286,0.0,4318.971631268454,252.0,COMPLETE
705,54.72696488796286,2026-06-17 06:12:38.168336,2026-06-17 06:18:29.959494,0 days 00:05:51.791158,5.0,0.03,1.2000000000000002,2.4000000000000004,0.06,1.2,1.5,-41.95360943424255,-41.95360943424255,397.97860301071154,2127.6664819417515,2589.283752337417,54.72696488796286,0.0,4318.971631268454,252.0,COMPLETE
706,48.50833075638575,2026-06-17 06:13:02.743395,2026-06-17 06:18:54.163192,0 days 00:05:51.419797,5.0,0.03,1.2000000000000002,2.4000000000000004,0.06,1.2,1.3,-41.95360943424255,-41.95360943424255,397.97860301071154,1825.760276363343,2579.5446512263984,48.50833075638575,0.0,4007.32632457903,254.0,COMPLETE
707,62.798465061129015,2026-06-17 06:13:32.248702,2026-06-17 06:19:24.183702,0 days 00:05:51.935000,5.0,0.03,1.2000000000000002,2.4000000000000004,0.06,1.2,1.6,-41.95360943424255,-41.95360943424255,397.97860301071154,2109.8706024713806,2603.0456667862095,62.798465061129015,0.0,4314.937666246876,252.0,COMPLETE
708,59.60348865719783,2026-06-17 06:13:35.113460,2026-06-17 06:19:27.495457,0 days 00:05:52.381997,5.0,0.03,1.3,2.4000000000000004,0.06,1.2,1.6,-41.95360943424255,-41.95360943424255,202.0227439672762,1862.8981529097625,2654.0622573043925,59.60348865719783,0.0,4314.937666246876,245.0,COMPLETE
709,48.740071844797995,2026-06-17 06:15:21.876290,2026-06-17 06:21:10.292758,0 days 00:05:48.416468,3.5,0.03,1.3,2.4000000000000004,0.06,1.2,1.6,-41.95360943424255,-41.95360943424255,202.0227439672762,1520.252411547351,2088.8506288674466,48.740071844797995,0.0,3407.0802964475206,245.0,COMPLETE
710,59.60348865719783,2026-06-17 06:15:36.373254,2026-06-17 06:21:25.379188,0 days 00:05:49.005934,5.0,0.03,1.3,2.4000000000000004,0.06,1.2,1.6,-41.95360943424255,-41.95360943424255,202.0227439672762,1862.8981529097625,2654.0622573043925,59.60348865719783,0.0,4314.937666246876,245.0,COMPLETE
711,59.60348865719783,2026-06-17 06:16:07.140067,2026-06-17 06:21:56.341124,0 days 00:05:49.201057,5.0,0.03,1.3,2.4000000000000004,0.06,1.2,1.6,-41.95360943424255,-41.95360943424255,202.0227439672762,1862.8981529097625,2654.0622573043925,59.60348865719783,0.0,4314.937666246876,245.0,COMPLETE
712,59.60348865719783,2026-06-17 06:16:51.860201,2026-06-17 06:22:41.591701,0 days 00:05:49.731500,5.0,0.03,1.3,2.4000000000000004,0.06,1.2,1.6,-41.95360943424255,-41.95360943424255,202.0227439672762,1862.8981529097625,2654.0622573043925,59.60348865719783,0.0,4314.937666246876,245.0,COMPLETE
713,36.165020907137034,2026-06-17 06:16:56.035367,2026-06-17 06:22:45.928517,0 days 00:05:49.893150,5.0,0.03,1.3,2.4000000000000004,0.06,1.2,2.1,-41.95360943424255,-41.95360943424255,202.0227439672762,1439.5642594683757,1631.3394991973034,36.165020907137034,0.0,2868.8810146984033,170.0,COMPLETE
714,59.60348865719783,2026-06-17 06:17:16.408818,2026-06-17 06:23:06.305126,0 days 00:05:49.896308,5.0,0.03,1.3,2.4000000000000004,0.06,1.2,1.6,-41.95360943424255,-41.95360943424255,202.0227439672762,1862.8981529097625,2654.0622573043925,59.60348865719783,0.0,4314.937666246876,245.0,COMPLETE
715,59.60348865719783,2026-06-17 06:18:01.163831,2026-06-17 06:23:52.662777,0 days 00:05:51.498946,5.0,0.03,1.3,2.4000000000000004,0.06,1.2,1.6,-41.95360943424255,-41.95360943424255,202.0227439672762,1862.8981529097625,2654.0622573043925,59.60348865719783,0.0,4314.937666246876,245.0,COMPLETE
716,59.60348865719783,2026-06-17 06:18:26.220679,2026-06-17 06:24:18.958733,0 days 00:05:52.738054,5.0,0.03,1.3,2.4000000000000004,0.06,1.2,1.6,-41.95360943424255,-41.95360943424255,202.0227439672762,1862.8981529097625,2654.0622573043925,59.60348865719783,0.0,4314.937666246876,245.0,COMPLETE
717,59.60348865719783,2026-06-17 06:18:30.025415,2026-06-17 06:24:22.133870,0 days 00:05:52.108455,5.0,0.03,1.3,2.4000000000000004,0.06,1.2,1.6,-41.95360943424255,-41.95360943424255,202.0227439672762,1862.8981529097625,2654.0622573043925,59.60348865719783,0.0,4314.937666246876,245.0,COMPLETE
718,62.4654774391884,2026-06-17 06:18:54.236006,2026-06-17 06:24:46.613393,0 days 00:05:52.377387,5.0,0.03,1.3,2.3,0.06,1.2,1.6,-41.95360943424255,-41.95360943424255,377.4938064340805,2090.84461973832,2601.586852942639,62.4654774391884,0.0,4314.937666246876,250.0,COMPLETE
719,62.4654774391884,2026-06-17 06:19:24.249808,2026-06-17 06:25:17.548868,0 days 00:05:53.299060,5.0,0.03,1.3,2.3,0.06,1.2,1.6,-41.95360943424255,-41.95360943424255,377.4938064340805,2090.84461973832,2601.586852942639,62.4654774391884,0.0,4314.937666246876,250.0,COMPLETE
720,38.96904445075744,2026-06-17 06:19:27.567766,2026-06-17 06:25:20.423598,0 days 00:05:52.855832,5.0,0.03,1.3,2.3,0.06,1.2,2.1,-41.95360943424255,-41.95360943424255,377.4938064340805,1667.5107262969334,1578.86409483555,38.96904445075744,0.0,2868.8810146984033,175.0,COMPLETE
721,53.788064242526346,2026-06-17 06:21:10.359721,2026-06-17 06:26:57.558879,0 days 00:05:47.199158,5.0,0.03,1.3,2.3,0.06,1.3,1.6,-41.95360943424255,-41.95360943424255,377.4938064340805,2234.3443679150355,1916.988401661379,53.788064242526346,0.0,3773.8389631423333,209.0,COMPLETE
722,52.79297823891401,2026-06-17 06:21:25.451261,2026-06-17 06:27:13.826167,0 days 00:05:48.374906,5.0,0.03,1.2000000000000002,2.3,0.06,1.2,1.6,-41.95360943424255,-41.95360943424255,135.08532726024077,2113.1799707262203,2336.8430227808985,52.79297823891401,0.0,4314.937666246876,250.0,COMPLETE
723,52.79297823891401,2026-06-17 06:21:56.411061,2026-06-17 06:27:45.164863,0 days 00:05:48.753802,5.0,0.03,1.2000000000000002,2.3,0.06,1.2,1.6,-41.95360943424255,-41.95360943424255,135.08532726024077,2113.1799707262203,2336.8430227808985,52.79297823891401,0.0,4314.937666246876,250.0,COMPLETE
724,52.79297823891401,2026-06-17 06:22:41.662216,2026-06-17 06:28:30.915652,0 days 00:05:49.253436,5.0,0.03,1.2000000000000002,2.3,0.06,1.2,1.6,-41.95360943424255,-41.95360943424255,135.08532726024077,2113.1799707262203,2336.8430227808985,52.79297823891401,0.0,4314.937666246876,250.0,COMPLETE
725,52.79297823891401,2026-06-17 06:22:45.997675,2026-06-17 06:28:35.769175,0 days 00:05:49.771500,5.0,0.03,1.2000000000000002,2.3,0.06,1.2,1.6,-41.95360943424255,-41.95360943424255,135.08532726024077,2113.1799707262203,2336.8430227808985,52.79297823891401,0.0,4314.937666246876,250.0,COMPLETE
726,52.79297823891401,2026-06-17 06:23:06.374700,2026-06-17 06:28:55.413592,0 days 00:05:49.038892,5.0,0.03,1.2000000000000002,2.3,0.06,1.2,1.6,-41.95360943424255,-41.95360943424255,135.08532726024077,2113.1799707262203,2336.8430227808985,52.79297823891401,0.0,4314.937666246876,250.0,COMPLETE
727,52.79297823891401,2026-06-17 06:23:52.731869,2026-06-17 06:29:43.689735,0 days 00:05:50.957866,5.0,0.03,1.2000000000000002,2.3,0.06,1.2,1.6,-41.95360943424255,-41.95360943424255,135.08532726024077,2113.1799707262203,2336.8430227808985,52.79297823891401,0.0,4314.937666246876,250.0,COMPLETE
728,52.79297823891401,2026-06-17 06:24:19.033563,2026-06-17 06:30:10.373758,0 days 00:05:51.340195,5.0,0.03,1.2000000000000002,2.3,0.06,1.2,1.6,-41.95360943424255,-41.95360943424255,135.08532726024077,2113.1799707262203,2336.8430227808985,52.79297823891401,0.0,4314.937666246876,250.0,COMPLETE
729,52.09454540897083,2026-06-17 06:24:22.202963,2026-06-17 06:30:13.956173,0 days 00:05:51.753210,5.0,0.03,1.2000000000000002,2.2,0.06,1.2,1.6,-41.95360943424255,-41.95360943424255,97.73687375332139,2089.824659615483,2322.8498803847165,52.09454540897083,0.0,4314.937666246876,252.0,COMPLETE
730,52.79297823891401,2026-06-17 06:24:46.681027,2026-06-17 06:30:38.176333,0 days 00:05:51.495306,5.0,0.03,1.2000000000000002,2.3,0.06,1.2,1.6,-41.95360943424255,-41.95360943424255,135.08532726024077,2113.1799707262203,2336.8430227808985,52.79297823891401,0.0,4314.937666246876,250.0,COMPLETE
731,43.3781362827631,2026-06-17 06:25:17.621928,2026-06-17 06:31:09.286084,0 days 00:05:51.664156,5.0,0.03,1.2000000000000002,2.2,0.06,1.3,1.6,-41.95360943424255,-41.95360943424255,97.73687375332139,2233.324407792199,1638.2514291034568,43.3781362827631,0.0,3773.8389631423333,211.0,COMPLETE
732,52.79297823891401,2026-06-17 06:25:20.492688,2026-06-17 06:31:12.370566,0 days 00:05:51.877878,5.0,0.03,1.2000000000000002,2.3,0.06,1.2,1.6,-41.95360943424255,-41.95360943424255,135.08532726024077,2113.1799707262203,2336.8430227808985,52.79297823891401,0.0,4314.937666246876,250.0,COMPLETE
733,44.07491493883004,2026-06-17 06:26:57.628334,2026-06-17 06:32:44.914516,0 days 00:05:47.286182,5.0,0.03,1.2000000000000002,2.3,0.06,1.3,1.6,-41.95360943424255,-41.95360943424255,135.08532726024077,2256.679718902936,1652.2445714996388,44.07491493883004,0.0,3773.8389631423333,209.0,COMPLETE
734,44.07491493883004,2026-06-17 06:27:13.893606,2026-06-17 06:33:02.017440,0 days 00:05:48.123834,5.0,0.03,1.2000000000000002,2.3,0.06,1.3,1.6,-41.95360943424255,-41.95360943424255,135.08532726024077,2256.679718902936,1652.2445714996388,44.07491493883004,0.0,3773.8389631423333,209.0,COMPLETE
735,52.79297823891401,2026-06-17 06:27:45.323681,2026-06-17 06:33:34.277262,0 days 00:05:48.953581,5.0,0.03,1.2000000000000002,2.3,0.06,1.2,1.6,-41.95360943424255,-41.95360943424255,135.08532726024077,2113.1799707262203,2336.8430227808985,52.79297823891401,0.0,4314.937666246876,250.0,COMPLETE
736,62.798465061129015,2026-06-17 06:28:30.985258,2026-06-17 06:34:20.644425,0 days 00:05:49.659167,5.0,0.03,1.2000000000000002,2.4000000000000004,0.06,1.2,1.6,-41.95360943424255,-41.95360943424255,397.97860301071154,2109.8706024713806,2603.0456667862095,62.798465061129015,0.0,4314.937666246876,252.0,COMPLETE
737,54.11948079596187,2026-06-17 06:28:35.838508,2026-06-17 06:34:25.740519,0 days 00:05:49.902011,5.0,0.03,1.2000000000000002,2.4000000000000004,0.06,1.3,1.6,-41.95360943424255,-41.95360943424255,397.97860301071154,2253.370350648096,1918.4472155049493,54.11948079596187,0.0,3773.8389631423333,211.0,COMPLETE
738,62.798465061129015,2026-06-17 06:28:55.485316,2026-06-17 06:34:45.536680,0 days 00:05:50.051364,5.0,0.03,1.2000000000000002,2.4000000000000004,0.06,1.2,1.6,-41.95360943424255,-41.95360943424255,397.97860301071154,2109.8706024713806,2603.0456667862095,62.798465061129015,0.0,4314.937666246876,252.0,COMPLETE
739,52.09454540897083,2026-06-17 06:29:43.849616,2026-06-17 06:35:35.369492,0 days 00:05:51.519876,5.0,0.03,1.2000000000000002,2.2,0.06,1.2,1.6,-41.95360943424255,-41.95360943424255,97.73687375332139,2089.824659615483,2322.8498803847165,52.09454540897083,0.0,4314.937666246876,252.0,COMPLETE
740,54.11948079596187,2026-06-17 06:30:10.444062,2026-06-17 06:36:01.607183,0 days 00:05:51.163121,5.0,0.03,1.2000000000000002,2.4000000000000004,0.06,1.3,1.6,-41.95360943424255,-41.95360943424255,397.97860301071154,2253.370350648096,1918.4472155049493,54.11948079596187,0.0,3773.8389631423333,211.0,COMPLETE
741,54.11948079596187,2026-06-17 06:30:14.025533,2026-06-17 06:36:06.038713,0 days 00:05:52.013180,5.0,0.03,1.2000000000000002,2.4000000000000004,0.06,1.3,1.6,-41.95360943424255,-41.95360943424255,397.97860301071154,2253.370350648096,1918.4472155049493,54.11948079596187,0.0,3773.8389631423333,211.0,COMPLETE
742,54.11948079596187,2026-06-17 06:30:38.242650,2026-06-17 06:36:29.913252,0 days 00:05:51.670602,5.0,0.03,1.2000000000000002,2.4000000000000004,0.06,1.3,1.6,-41.95360943424255,-41.95360943424255,397.97860301071154,2253.370350648096,1918.4472155049493,54.11948079596187,0.0,3773.8389631423333,211.0,COMPLETE
743,53.16434530273719,2026-06-17 06:31:09.355931,2026-06-17 06:37:01.375867,0 days 00:05:52.019936,5.0,0.03,1.2000000000000002,2.4000000000000004,0.06,1.4,1.6,-41.95360943424255,-41.95360943424255,397.97860301071154,2175.0115527518187,1842.6082562030624,53.16434530273719,0.0,3619.641205944169,203.0,COMPLETE
744,51.114860979892185,2026-06-17 06:31:12.440211,2026-06-17 06:37:05.163395,0 days 00:05:52.723184,4.5,0.03,1.2000000000000002,2.4000000000000004,0.06,1.2,1.5,-41.95360943424255,-41.95360943424255,397.97860301071154,2019.2795864501136,2422.469130456625,51.114860979892185,0.0,4043.770113896027,252.0,COMPLETE
745,54.72696488796286,2026-06-17 06:32:44.985840,2026-06-17 06:38:32.886377,0 days 00:05:47.900537,5.0,0.03,1.2000000000000002,2.4000000000000004,0.06,1.3,1.5,-41.95360943424255,-41.95360943424255,397.97860301071154,2127.6664819417515,2589.283752337417,54.72696488796286,0.0,4318.971631268454,252.0,COMPLETE
746,51.114860979892185,2026-06-17 06:33:02.088610,2026-06-17 06:38:50.693839,0 days 00:05:48.605229,4.5,0.03,1.2000000000000002,2.4000000000000004,0.06,1.2,1.5,-41.95360943424255,-41.95360943424255,397.97860301071154,2019.2795864501136,2422.469130456625,51.114860979892185,0.0,4043.770113896027,252.0,COMPLETE
747,51.114860979892185,2026-06-17 06:33:34.347122,2026-06-17 06:39:23.763696,0 days 00:05:49.416574,4.5,0.03,1.2000000000000002,2.4000000000000004,0.06,1.2,1.5,-41.95360943424255,-41.95360943424255,397.97860301071154,2019.2795864501136,2422.469130456625,51.114860979892185,0.0,4043.770113896027,252.0,COMPLETE
748,51.114860979892185,2026-06-17 06:34:20.716714,2026-06-17 06:40:10.701731,0 days 00:05:49.985017,4.5,0.03,1.2000000000000002,2.4000000000000004,0.06,1.2,1.5,-41.95360943424255,-41.95360943424255,397.97860301071154,2019.2795864501136,2422.469130456625,51.114860979892185,0.0,4043.770113896027,252.0,COMPLETE
749,32.53183112522776,2026-06-17 06:34:25.810343,2026-06-17 06:40:15.724951,0 days 00:05:49.914608,4.5,0.03,1.2000000000000002,2.4000000000000004,0.06,1.2,1.2,-41.95360943424255,-41.95360943424255,397.97860301071154,1612.3263831032473,2204.317985569561,32.53183112522776,0.0,3418.6657656620973,254.0,COMPLETE
750,46.881398099028296,2026-06-17 06:34:45.606632,2026-06-17 06:40:35.671551,0 days 00:05:50.064919,5.0,0.03,1.2000000000000002,2.4000000000000004,0.06,1.4,1.5,-41.95360943424255,-41.95360943424255,397.97860301071154,2273.240965440652,1954.4307402293812,46.881398099028296,0.0,3829.6931026593234,210.0,COMPLETE
751,51.114860979892185,2026-06-17 06:35:35.440553,2026-06-17 06:41:26.622108,0 days 00:05:51.181555,4.5,0.03,1.2000000000000002,2.4000000000000004,0.06,1.2,1.5,-41.95360943424255,-41.95360943424255,397.97860301071154,2019.2795864501136,2422.469130456625,51.114860979892185,0.0,4043.770113896027,252.0,COMPLETE
752,51.114860979892185,2026-06-17 06:36:01.678281,2026-06-17 06:41:53.261995,0 days 00:05:51.583714,4.5,0.03,1.2000000000000002,2.4000000000000004,0.06,1.2,1.5,-41.95360943424255,-41.95360943424255,397.97860301071154,2019.2795864501136,2422.469130456625,51.114860979892185,0.0,4043.770113896027,252.0,COMPLETE
753,51.114860979892185,2026-06-17 06:36:06.108767,2026-06-17 06:41:58.210397,0 days 00:05:52.101630,4.5,0.03,1.2000000000000002,2.4000000000000004,0.06,1.2,1.5,-41.95360943424255,-41.95360943424255,397.97860301071154,2019.2795864501136,2422.469130456625,51.114860979892185,0.0,4043.770113896027,252.0,COMPLETE
754,54.72696488796286,2026-06-17 06:36:29.983381,2026-06-17 06:42:21.869434,0 days 00:05:51.886053,5.0,0.03,1.2000000000000002,2.4000000000000004,0.06,1.2,1.5,-41.95360943424255,-41.95360943424255,397.97860301071154,2127.6664819417515,2589.283752337417,54.72696488796286,0.0,4318.971631268454,252.0,COMPLETE
755,51.114860979892185,2026-06-17 06:37:01.453335,2026-06-17 06:42:54.394031,0 days 00:05:52.940696,4.5,0.03,1.2000000000000002,2.4000000000000004,0.06,1.2,1.5,-41.95360943424255,-41.95360943424255,397.97860301071154,2019.2795864501136,2422.469130456625,51.114860979892185,0.0,4043.770113896027,252.0,COMPLETE
756,54.32588509511548,2026-06-17 06:37:05.232240,2026-06-17 06:42:58.057742,0 days 00:05:52.825502,5.0,0.03,1.2000000000000002,2.4000000000000004,0.06,1.2,1.4,-41.95360943424255,-41.95360943424255,397.97860301071154,2112.238406546943,2567.5650018953834,54.32588509511548,0.0,4281.824805431614,253.0,COMPLETE
757,45.39734457365962,2026-06-17 06:38:32.956976,2026-06-17 06:44:20.827882,0 days 00:05:47.870906,4.5,0.03,1.2000000000000002,2.4000000000000004,0.06,1.2,1.3,-41.95360943424255,-41.95360943424255,397.97860301071154,1742.2497781892473,2371.2667982471226,45.39734457365962,0.0,3715.537973425659,254.0,COMPLETE
758,54.32588509511548,2026-06-17 06:38:50.762108,2026-06-17 06:44:39.355431,0 days 00:05:48.593323,5.0,0.03,1.2000000000000002,2.4000000000000004,0.06,1.2,1.4,-41.95360943424255,-41.95360943424255,397.97860301071154,2112.238406546943,2567.5650018953834,54.32588509511548,0.0,4281.824805431614,253.0,COMPLETE
759,54.72696488796286,2026-06-17 06:39:23.830731,2026-06-17 06:45:13.580136,0 days 00:05:49.749405,5.0,0.03,1.2000000000000002,2.4000000000000004,0.06,1.2,1.5,-41.95360943424255,-41.95360943424255,397.97860301071154,2127.6664819417515,2589.283752337417,54.72696488796286,0.0,4318.971631268454,252.0,COMPLETE
760,35.52664698897543,2026-06-17 06:40:10.774773,2026-06-17 06:46:00.669240,0 days 00:05:49.894467,5.0,0.03,1.2000000000000002,2.4000000000000004,0.06,1.2,1.2,-41.95360943424255,-41.95360943424255,397.97860301071154,1699.42691677574,2395.820005790855,35.52664698897543,0.0,3697.2683195558825,254.0,COMPLETE
761,13.395413196118373,2026-06-17 06:40:15.793017,2026-06-17 06:46:06.831882,0 days 00:05:51.038865,5.0,0.03,0.8,2.4000000000000004,0.06,1.2,1.5,-41.95360943424255,-41.95360943424255,-143.28494850002727,1840.009785875548,2335.676896892881,13.395413196118373,0.0,4318.971631268454,280.0,COMPLETE
762,13.395413196118373,2026-06-17 06:40:35.739807,2026-06-17 06:46:26.264323,0 days 00:05:50.524516,5.0,0.03,0.8,2.4000000000000004,0.06,1.2,1.5,-41.95360943424255,-41.95360943424255,-143.28494850002727,1840.009785875548,2335.676896892881,13.395413196118373,0.0,4318.971631268454,280.0,COMPLETE
763,22.996144460830383,2026-06-17 06:41:26.692373,2026-06-17 06:47:18.742846,0 days 00:05:52.050473,5.0,0.03,0.8,2.4000000000000004,0.06,1.2,1.6,-41.95360943424255,-41.95360943424255,-143.28494850002727,1822.2139064051769,2349.4388113416744,22.996144460830383,0.0,4314.937666246876,280.0,COMPLETE
764,62.798465061129015,2026-06-17 06:41:53.335615,2026-06-17 06:47:44.537057,0 days 00:05:51.201442,5.0,0.03,1.2000000000000002,2.4000000000000004,0.06,1.2,1.6,-41.95360943424255,-41.95360943424255,397.97860301071154,2109.8706024713806,2603.0456667862095,62.798465061129015,0.0,4314.937666246876,252.0,COMPLETE
765,62.798465061129015,2026-06-17 06:41:58.280353,2026-06-17 06:47:50.396316,0 days 00:05:52.115963,5.0,0.03,1.2000000000000002,2.4000000000000004,0.06,1.2,1.6,-41.95360943424255,-41.95360943424255,397.97860301071154,2109.8706024713806,2603.0456667862095,62.798465061129015,0.0,4314.937666246876,252.0,COMPLETE
766,22.996144460830383,2026-06-17 06:42:21.938182,2026-06-17 06:48:15.646462,0 days 00:05:53.708280,5.0,0.03,0.8,2.4000000000000004,0.06,1.2,1.6,-41.95360943424255,-41.95360943424255,-143.28494850002727,1822.2139064051769,2349.4388113416744,22.996144460830383,0.0,4314.937666246876,280.0,COMPLETE
767,59.60348865719783,2026-06-17 06:42:54.463000,2026-06-17 06:48:47.249912,0 days 00:05:52.786912,5.0,0.03,1.3,2.4000000000000004,0.06,1.2,1.6,-41.95360943424255,-41.95360943424255,202.0227439672762,1862.8981529097625,2654.0622573043925,59.60348865719783,0.0,4314.937666246876,245.0,COMPLETE
768,59.60348865719783,2026-06-17 06:42:58.128654,2026-06-17 06:48:50.294024,0 days 00:05:52.165370,5.0,0.03,1.3,2.4000000000000004,0.06,1.2,1.6,-41.95360943424255,-41.95360943424255,202.0227439672762,1862.8981529097625,2654.0622573043925,59.60348865719783,0.0,4314.937666246876,245.0,COMPLETE
769,59.60348865719783,2026-06-17 06:44:20.895519,2026-06-17 06:50:08.868795,0 days 00:05:47.973276,5.0,0.03,1.3,2.4000000000000004,0.06,1.0,1.6,-41.95360943424255,-41.95360943424255,202.0227439672762,1862.8981529097625,2654.0622573043925,59.60348865719783,0.0,4314.937666246876,245.0,COMPLETE
770,62.4654774391884,2026-06-17 06:44:39.431542,2026-06-17 06:50:28.231864,0 days 00:05:48.800322,5.0,0.03,1.3,2.3,0.06,1.0,1.6,-41.95360943424255,-41.95360943424255,377.4938064340805,2090.84461973832,2601.586852942639,62.4654774391884,0.0,4314.937666246876,250.0,COMPLETE
771,58.123933668324064,2026-06-17 06:45:13.654692,2026-06-17 06:51:03.169527,0 days 00:05:49.514835,5.0,0.03,1.3,2.3,0.06,1.0,2.0,-41.95360943424255,-41.95360943424255,377.4938064340805,1904.1234969719342,2590.629250112033,58.123933668324064,0.0,4117.2589406498855,249.0,COMPLETE
772,45.406337490571886,2026-06-17 06:46:00.745255,2026-06-17 06:51:50.640582,0 days 00:05:49.895327,5.0,0.03,1.3,2.3,0.06,1.6,1.6,-41.95360943424255,-41.95360943424255,377.4938064340805,1918.4026181810743,1619.9149996785713,45.406337490571886,0.0,3160.8238114255655,175.0,COMPLETE
773,62.4654774391884,2026-06-17 06:46:06.908407,2026-06-17 06:51:58.012603,0 days 00:05:51.104196,5.0,0.03,1.3,2.3,0.06,1.0,1.6,-41.95360943424255,-41.95360943424255,377.4938064340805,2090.84461973832,2601.586852942639,62.4654774391884,0.0,4314.937666246876,250.0,COMPLETE
774,62.4654774391884,2026-06-17 06:46:26.336920,2026-06-17 06:52:16.604089,0 days 00:05:50.267169,5.0,0.03,1.3,2.3,0.06,1.0,1.6,-41.95360943424255,-41.95360943424255,377.4938064340805,2090.84461973832,2601.586852942639,62.4654774391884,0.0,4314.937666246876,250.0,COMPLETE
775,58.123933668324064,2026-06-17 06:47:18.820908,2026-06-17 06:53:10.672926,0 days 00:05:51.852018,5.0,0.03,1.3,2.3,0.06,1.0,2.0,-41.95360943424255,-41.95360943424255,377.4938064340805,1904.1234969719342,2590.629250112033,58.123933668324064,0.0,4117.2589406498855,249.0,COMPLETE
776,38.50144373566237,2026-06-17 06:47:44.609092,2026-06-17 06:53:35.490317,0 days 00:05:50.881225,5.0,0.03,1.3,2.3,0.06,1.8,1.6,-41.95360943424255,-41.95360943424255,377.4938064340805,1723.1939017429702,1383.6484164908022,38.50144373566237,0.0,2729.348511799693,151.0,COMPLETE
777,28.523028165174487,2026-06-17 06:47:50.471197,2026-06-17 06:53:41.809104,0 days 00:05:51.337907,5.0,0.03,1.3,2.3,0.06,1.6,2.0,-41.95360943424255,-41.95360943424255,377.4938064340805,1429.690985841286,1142.724175838609,28.523028165174487,0.0,2194.9213552458136,132.0,COMPLETE
778,62.4654774391884,2026-06-17 06:48:15.720150,2026-06-17 06:54:07.624206,0 days 00:05:51.904056,5.0,0.03,1.3,2.3,0.06,1.0,1.6,-41.95360943424255,-41.95360943424255,377.4938064340805,2090.84461973832,2601.586852942639,62.4654774391884,0.0,4314.937666246876,250.0,COMPLETE
779,62.4654774391884,2026-06-17 06:48:47.327405,2026-06-17 06:54:40.397700,0 days 00:05:53.070295,5.0,0.03,1.3,2.3,0.06,1.0,1.6,-41.95360943424255,-41.95360943424255,377.4938064340805,2090.84461973832,2601.586852942639,62.4654774391884,0.0,4314.937666246876,250.0,COMPLETE
780,62.4654774391884,2026-06-17 06:48:50.376357,2026-06-17 06:54:43.416650,0 days 00:05:53.040293,5.0,0.03,1.3,2.3,0.06,1.0,1.6,-41.95360943424255,-41.95360943424255,377.4938064340805,2090.84461973832,2601.586852942639,62.4654774391884,0.0,4314.937666246876,250.0,COMPLETE
781,34.21737422273066,2026-06-17 06:50:08.942158,2026-06-17 06:55:56.149255,0 days 00:05:47.207097,5.0,0.03,1.2000000000000002,2.3,0.06,1.6,1.6,-41.95360943424255,-41.95360943424255,135.08532726024077,1940.7379691689746,1355.171169516831,34.21737422273066,0.0,3160.8238114255655,175.0,COMPLETE
782,25.037699691680697,2026-06-17 06:50:28.308811,2026-06-17 06:56:16.772428,0 days 00:05:48.463617,5.0,0.03,1.2000000000000002,2.3,0.06,1.9,1.6,-41.95360943424255,-41.95360943424255,135.08532726024077,1646.0928126690944,1077.6594500874353,25.037699691680697,0.0,2588.666935496291,143.0,COMPLETE
783,52.79297823891401,2026-06-17 06:51:03.243302,2026-06-17 06:56:51.794037,0 days 00:05:48.550735,5.0,0.03,1.2000000000000002,2.3,0.02,1.2,1.6,-41.95360943424255,-41.95360943424255,135.08532726024077,2113.1799707262203,2336.8430227808985,52.79297823891401,0.0,4314.937666246876,250.0,COMPLETE
784,52.79297823891401,2026-06-17 06:51:50.716354,2026-06-17 06:57:40.321534,0 days 00:05:49.605180,5.0,0.03,1.2000000000000002,2.3,0.06,1.2,1.6,-41.95360943424255,-41.95360943424255,135.08532726024077,2113.1799707262203,2336.8430227808985,52.79297823891401,0.0,4314.937666246876,250.0,COMPLETE
785,52.79297823891401,2026-06-17 06:51:58.086924,2026-06-17 06:57:48.414792,0 days 00:05:50.327868,5.0,0.03,1.2000000000000002,2.3,0.02,1.2,1.6,-41.95360943424255,-41.95360943424255,135.08532726024077,2113.1799707262203,2336.8430227808985,52.79297823891401,0.0,4314.937666246876,250.0,COMPLETE
786,61.70331232879409,2026-06-17 06:52:16.680193,2026-06-17 06:58:06.691635,0 days 00:05:50.011442,5.0,0.03,1.2000000000000002,2.5,0.06,1.2,1.6,-41.95360943424255,-41.95360943424255,330.49695992638425,2072.074651677533,2573.35997449573,61.70331232879409,0.0,4314.937666246876,250.0,COMPLETE
787,61.70331232879409,2026-06-17 06:53:10.747490,2026-06-17 06:59:02.133146,0 days 00:05:51.385656,5.0,0.03,1.2000000000000002,2.5,0.06,1.1,1.6,-41.95360943424255,-41.95360943424255,330.49695992638425,2072.074651677533,2573.35997449573,61.70331232879409,0.0,4314.937666246876,250.0,COMPLETE
788,-1260.0,2026-06-17 06:53:35.567562,2026-06-17 06:59:24.932111,0 days 00:05:49.364549,5.0,0.03,1.2000000000000002,2.5,0.06,1.1,2.7,-41.95360943424255,-41.95360943424255,330.49695992638425,168.20711418800897,164.64933194927653,-1260.0,0.0,2.359486210901295,24.0,COMPLETE
789,61.70331232879409,2026-06-17 06:53:41.884135,2026-06-17 06:59:33.316887,0 days 00:05:51.432752,5.0,0.03,1.2000000000000002,2.5,0.06,1.1,1.6,-41.95360943424255,-41.95360943424255,330.49695992638425,2072.074651677533,2573.35997449573,61.70331232879409,0.0,4314.937666246876,250.0,COMPLETE
790,61.70331232879409,2026-06-17 06:54:07.701726,2026-06-17 06:59:59.043274,0 days 00:05:51.341548,5.0,0.03,1.2000000000000002,2.5,0.06,1.1,1.6,-41.95360943424255,-41.95360943424255,330.49695992638425,2072.074651677533,2573.35997449573,61.70331232879409,0.0,4314.937666246876,250.0,COMPLETE
791,61.70331232879409,2026-06-17 06:54:40.474896,2026-06-17 07:00:32.991107,0 days 00:05:52.516211,5.0,0.03,1.2000000000000002,2.5,0.06,1.1,1.6,-41.95360943424255,-41.95360943424255,330.49695992638425,2072.074651677533,2573.35997449573,61.70331232879409,0.0,4314.937666246876,250.0,COMPLETE
792,61.70331232879409,2026-06-17 06:54:43.490504,2026-06-17 07:00:35.904786,0 days 00:05:52.414282,5.0,0.03,1.2000000000000002,2.5,0.06,1.1,1.6,-41.95360943424255,-41.95360943424255,330.49695992638425,2072.074651677533,2573.35997449573,61.70331232879409,0.0,4314.937666246876,250.0,COMPLETE
793,38.09543204775207,2026-06-17 06:55:56.225146,2026-06-17 07:01:43.908184,0 days 00:05:47.683038,2.5,0.03,1.2000000000000002,2.5,0.06,1.2,1.6,-41.95360943424255,-41.95360943424255,331.4201871928225,1357.2472020923428,1527.5801420005564,38.09543204775207,0.0,2553.4071569000766,250.0,COMPLETE
794,-1260.0,2026-06-17 06:56:16.850387,2026-06-17 07:02:03.740915,0 days 00:05:46.890528,5.0,0.03,1.2000000000000002,2.5,0.06,1.2,2.7,-41.95360943424255,-41.95360943424255,330.49695992638425,176.98414478078467,164.64933194927653,-1260.0,0.0,11.136516803677022,24.0,COMPLETE
795,53.695488974944986,2026-06-17 06:56:51.875059,2026-06-17 07:02:40.555312,0 days 00:05:48.680253,5.0,0.03,1.2000000000000002,2.5,0.06,1.1,1.5,-41.95360943424255,-41.95360943424255,330.49695992638425,2089.8705311479043,2559.5980600469366,53.695488974944986,0.0,4318.971631268454,250.0,COMPLETE
796,53.695488974944986,2026-06-17 06:57:40.398628,2026-06-17 07:03:30.700148,0 days 00:05:50.301520,5.0,0.03,1.2000000000000002,2.5,0.06,1.1,1.5,-41.95360943424255,-41.95360943424255,330.49695992638425,2089.8705311479043,2559.5980600469366,53.695488974944986,0.0,4318.971631268454,250.0,COMPLETE
797,53.695488974944986,2026-06-17 06:57:48.491503,2026-06-17 07:03:38.321078,0 days 00:05:49.829575,5.0,0.03,1.2000000000000002,2.5,0.06,1.1,1.5,-41.95360943424255,-41.95360943424255,330.49695992638425,2089.8705311479043,2559.5980600469366,53.695488974944986,0.0,4318.971631268454,250.0,COMPLETE
798,53.695488974944986,2026-06-17 06:58:06.768966,2026-06-17 07:03:56.781689,0 days 00:05:50.012723,5.0,0.03,1.2000000000000002,2.5,0.06,1.1,1.5,-41.95360943424255,-41.95360943424255,330.49695992638425,2089.8705311479043,2559.5980600469366,53.695488974944986,0.0,4318.971631268454,250.0,COMPLETE
799,24.114661649015634,2026-06-17 06:59:02.209007,2026-06-17 07:04:53.119750,0 days 00:05:50.910743,2.5,0.03,1.2000000000000002,2.4000000000000004,0.06,1.7000000000000002,1.5,-41.95360943424255,-41.95360943424255,399.93505193735285,1248.119904021244,1068.145060226971,24.114661649015634,0.0,1916.3299123108632,177.0,COMPLETE
800,54.72696488796286,2026-06-17 06:59:25.006014,2026-06-17 07:05:16.681245,0 days 00:05:51.675231,5.0,0.03,1.2000000000000002,2.4000000000000004,0.06,1.1,1.5,-41.95360943424255,-41.95360943424255,397.97860301071154,2127.6664819417515,2589.283752337417,54.72696488796286,0.0,4318.971631268454,252.0,COMPLETE
801,37.31831863212061,2026-06-17 06:59:33.393653,2026-06-17 07:05:25.186237,0 days 00:05:51.792584,5.0,0.03,1.2000000000000002,2.4000000000000004,0.06,1.7000000000000002,1.5,-41.95360943424255,-41.95360943424255,397.97860301071154,1942.5157918880202,1689.1766262814679,37.31831863212061,0.0,3233.7138151587765,177.0,COMPLETE
802,54.72696488796286,2026-06-17 06:59:59.112099,2026-06-17 07:05:51.255916,0 days 00:05:52.143817,5.0,0.03,1.2000000000000002,2.4000000000000004,0.06,1.1,1.5,-41.95360943424255,-41.95360943424255,397.97860301071154,2127.6664819417515,2589.283752337417,54.72696488796286,0.0,4318.971631268454,252.0,COMPLETE
803,54.72696488796286,2026-06-17 07:00:33.064594,2026-06-17 07:06:25.820903,0 days 00:05:52.756309,5.0,0.03,1.2000000000000002,2.4000000000000004,0.06,1.1,1.5,-41.95360943424255,-41.95360943424255,397.97860301071154,2127.6664819417515,2589.283752337417,54.72696488796286,0.0,4318.971631268454,252.0,COMPLETE
804,54.72696488796286,2026-06-17 07:00:35.980171,2026-06-17 07:06:28.650553,0 days 00:05:52.670382,5.0,0.03,1.2000000000000002,2.4000000000000004,0.06,1.1,1.5,-41.95360943424255,-41.95360943424255,397.97860301071154,2127.6664819417515,2589.283752337417,54.72696488796286,0.0,4318.971631268454,252.0,COMPLETE
805,54.72696488796286,2026-06-17 07:01:43.998514,2026-06-17 07:07:32.543513,0 days 00:05:48.544999,5.0,0.03,1.2000000000000002,2.4000000000000004,0.06,1.1,1.5,-41.95360943424255,-41.95360943424255,397.97860301071154,2127.6664819417515,2589.283752337417,54.72696488796286,0.0,4318.971631268454,252.0,COMPLETE
806,54.72696488796286,2026-06-17 07:02:03.819098,2026-06-17 07:07:53.365583,0 days 00:05:49.546485,5.0,0.03,1.2000000000000002,2.4000000000000004,0.06,1.1,1.5,-41.95360943424255,-41.95360943424255,397.97860301071154,2127.6664819417515,2589.283752337417,54.72696488796286,0.0,4318.971631268454,252.0,COMPLETE
807,54.72696488796286,2026-06-17 07:02:40.632715,2026-06-17 07:08:30.476944,0 days 00:05:49.844229,5.0,0.03,1.2000000000000002,2.4000000000000004,0.06,1.1,1.5,-41.95360943424255,-41.95360943424255,397.97860301071154,2127.6664819417515,2589.283752337417,54.72696488796286,0.0,4318.971631268454,252.0,COMPLETE
808,39.094102833666014,2026-06-17 07:03:30.781574,2026-06-17 07:09:21.272043,0 days 00:05:50.490469,3.0,0.03,1.2000000000000002,2.4000000000000004,0.06,1.1,1.5,-41.95360943424255,-41.95360943424255,397.97860301071154,1590.658184623811,1772.5648705768112,39.094102833666014,0.0,2965.244452189911,252.0,COMPLETE
809,54.72696488796286,2026-06-17 07:03:38.391952,2026-06-17 07:09:29.505783,0 days 00:05:51.113831,5.0,0.03,1.2000000000000002,2.4000000000000004,0.06,1.1,1.5,-41.95360943424255,-41.95360943424255,397.97860301071154,2127.6664819417515,2589.283752337417,54.72696488796286,0.0,4318.971631268454,252.0,COMPLETE
810,39.094102833666014,2026-06-17 07:03:56.855340,2026-06-17 07:09:47.743388,0 days 00:05:50.888048,3.0,0.03,1.2000000000000002,2.4000000000000004,0.06,1.1,1.5,-41.95360943424255,-41.95360943424255,397.97860301071154,1590.658184623811,1772.5648705768112,39.094102833666014,0.0,2965.244452189911,252.0,COMPLETE
811,39.094102833666014,2026-06-17 07:04:53.192679,2026-06-17 07:10:45.511457,0 days 00:05:52.318778,3.0,0.03,1.2000000000000002,2.4000000000000004,0.06,1.1,1.5,-41.95360943424255,-41.95360943424255,397.97860301071154,1590.658184623811,1772.5648705768112,39.094102833666014,0.0,2965.244452189911,252.0,COMPLETE
812,39.094102833666014,2026-06-17 07:05:16.755226,2026-06-17 07:11:08.362981,0 days 00:05:51.607755,3.0,0.03,1.2000000000000002,2.4000000000000004,0.06,1.2,1.5,-41.95360943424255,-41.95360943424255,397.97860301071154,1590.658184623811,1772.5648705768112,39.094102833666014,0.0,2965.244452189911,252.0,COMPLETE
813,56.3338202212003,2026-06-17 07:05:25.264304,2026-06-17 07:11:16.835224,0 days 00:05:51.570920,5.0,0.03,2.0,2.4000000000000004,0.06,1.2,1.6,-41.95360943424255,-41.95360943424255,0.0,1906.2270237004257,2408.7106425464526,56.3338202212003,0.0,4314.937666246876,233.0,COMPLETE
814,62.798465061129015,2026-06-17 07:05:51.329706,2026-06-17 07:11:43.119630,0 days 00:05:51.789924,5.0,0.03,1.2000000000000002,2.4000000000000004,0.06,1.2,1.6,-41.95360943424255,-41.95360943424255,397.97860301071154,2109.8706024713806,2603.0456667862095,62.798465061129015,0.0,4314.937666246876,252.0,COMPLETE
815,46.22892500162303,2026-06-17 07:06:25.894505,2026-06-17 07:12:18.302038,0 days 00:05:52.407533,3.0,0.03,1.2000000000000002,2.4000000000000004,0.06,1.2,1.6,-41.95360943424255,-41.95360943424255,397.97860301071154,1602.388871325256,1808.2668878312368,46.22892500162303,0.0,3012.6771561457826,252.0,COMPLETE
816,46.22892500162303,2026-06-17 07:06:28.729017,2026-06-17 07:12:20.812225,0 days 00:05:52.083208,3.0,0.03,1.2000000000000002,2.4000000000000004,0.06,1.2,1.6,-41.95360943424255,-41.95360943424255,397.97860301071154,1602.388871325256,1808.2668878312368,46.22892500162303,0.0,3012.6771561457826,252.0,COMPLETE
817,52.09454540897083,2026-06-17 07:07:32.611824,2026-06-17 07:13:20.595564,0 days 00:05:47.983740,5.0,0.03,1.2000000000000002,2.2,0.06,1.2,1.6,-41.95360943424255,-41.95360943424255,97.73687375332139,2089.824659615483,2322.8498803847165,52.09454540897083,0.0,4314.937666246876,252.0,COMPLETE
818,52.09454540897083,2026-06-17 07:07:53.435957,2026-06-17 07:13:41.611508,0 days 00:05:48.175551,5.0,0.03,1.2000000000000002,2.2,0.06,1.2,1.6,-41.95360943424255,-41.95360943424255,97.73687375332139,2089.824659615483,2322.8498803847165,52.09454540897083,0.0,4314.937666246876,252.0,COMPLETE
819,-1230.0,2026-06-17 07:08:30.549244,2026-06-17 07:14:17.664636,0 days 00:05:47.115392,5.0,0.03,1.2000000000000002,2.4000000000000004,0.06,1.2,2.3,-41.95360943424255,-41.95360943424255,397.97860301071154,192.20192194154478,214.02532931288317,-1230.0,0.0,8.24864824371651,27.0,COMPLETE
820,62.798465061129015,2026-06-17 07:09:21.344502,2026-06-17 07:15:11.647945,0 days 00:05:50.303443,5.0,0.03,1.2000000000000002,2.4000000000000004,0.06,1.2,1.6,-41.95360943424255,-41.95360943424255,397.97860301071154,2109.8706024713806,2603.0456667862095,62.798465061129015,0.0,4314.937666246876,252.0,COMPLETE
821,62.798465061129015,2026-06-17 07:09:29.572884,2026-06-17 07:15:19.383262,0 days 00:05:49.810378,5.0,0.03,1.2000000000000002,2.4000000000000004,0.06,1.2,1.6,-41.95360943424255,-41.95360943424255,397.97860301071154,2109.8706024713806,2603.0456667862095,62.798465061129015,0.0,4314.937666246876,252.0,COMPLETE
822,-1240.0,2026-06-17 07:09:47.812934,2026-06-17 07:15:35.178440,0 days 00:05:47.365506,0.5,0.03,1.2000000000000002,2.4000000000000004,0.06,1.2,1.6,-21.433360526344817,-21.433360526344817,123.54067318572231,75.69153776309729,58.13361236538308,-1240.0,0.0,10.28447694275809,26.0,COMPLETE
823,56.3338202212003,2026-06-17 07:10:45.581362,2026-06-17 07:16:36.866230,0 days 00:05:51.284868,5.0,0.03,2.0,2.4000000000000004,0.06,1.2,1.6,-41.95360943424255,-41.95360943424255,0.0,1906.2270237004257,2408.7106425464526,56.3338202212003,0.0,4314.937666246876,233.0,COMPLETE
824,62.798465061129015,2026-06-17 07:11:08.433363,2026-06-17 07:17:00.769880,0 days 00:05:52.336517,5.0,0.03,1.2000000000000002,2.4000000000000004,0.06,1.2,1.6,-41.95360943424255,-41.95360943424255,397.97860301071154,2109.8706024713806,2603.0456667862095,62.798465061129015,0.0,4314.937666246876,252.0,COMPLETE
825,62.798465061129015,2026-06-17 07:11:16.916028,2026-06-17 07:17:08.527643,0 days 00:05:51.611615,5.0,0.03,1.2000000000000002,2.4000000000000004,0.06,1.2,1.6,-41.95360943424255,-41.95360943424255,397.97860301071154,2109.8706024713806,2603.0456667862095,62.798465061129015,0.0,4314.937666246876,252.0,COMPLETE
826,52.921011167479016,2026-06-17 07:11:43.190289,2026-06-17 07:17:35.080162,0 days 00:05:51.889873,5.0,0.03,1.2000000000000002,1.3,0.06,1.2,1.6,-41.95360943424255,-41.95360943424255,12.446451592425063,1976.7240378225067,2350.6600800167967,52.921011167479016,0.0,4314.937666246876,253.0,COMPLETE
827,59.60348865719783,2026-06-17 07:12:18.370490,2026-06-17 07:18:10.837164,0 days 00:05:52.466674,5.0,0.03,1.3,2.4000000000000004,0.06,1.2,1.6,-41.95360943424255,-41.95360943424255,202.0227439672762,1862.8981529097625,2654.0622573043925,59.60348865719783,0.0,4314.937666246876,245.0,COMPLETE
828,63.69443077515681,2026-06-17 07:12:20.883040,2026-06-17 07:18:13.016303,0 days 00:05:52.133263,5.0,0.03,1.3,2.2,0.06,1.2,1.6,-41.95360943424255,-41.95360943424255,453.23897238570066,2132.926267896478,2635.2503707361,63.69443077515681,0.0,4314.937666246876,252.0,COMPLETE
829,32.13452694803878,2026-06-17 07:13:20.667967,2026-06-17 07:19:08.029242,0 days 00:05:47.361275,5.0,0.03,1.3,2.4000000000000004,0.06,1.1,2.3,-41.95360943424255,-41.95360943424255,202.0227439672762,1307.7249456125444,1523.3023237866155,32.13452694803878,0.0,2629.004525431884,169.0,COMPLETE
830,59.60348865719783,2026-06-17 07:13:41.681372,2026-06-17 07:19:29.806642,0 days 00:05:48.125270,5.0,0.03,1.3,2.4000000000000004,0.06,1.1,1.6,-41.95360943424255,-41.95360943424255,202.0227439672762,1862.8981529097625,2654.0622573043925,59.60348865719783,0.0,4314.937666246876,245.0,COMPLETE
831,-1310.0,2026-06-17 07:14:17.735083,2026-06-17 07:20:05.518431,0 days 00:05:47.783348,0.5,0.03,1.3,2.4000000000000004,0.06,1.1,1.6,-21.433360526344817,-21.433360526344817,53.847160916365524,-2.2613681683486977,66.39300602747231,-1310.0,0.0,10.28447694275809,19.0,COMPLETE
832,59.60348865719783,2026-06-17 07:15:11.721460,2026-06-17 07:21:02.099337,0 days 00:05:50.377877,5.0,0.03,1.3,2.4000000000000004,0.06,1.1,1.6,-41.95360943424255,-41.95360943424255,202.0227439672762,1862.8981529097625,2654.0622573043925,59.60348865719783,0.0,4314.937666246876,245.0,COMPLETE
833,48.21665036242969,2026-06-17 07:15:19.454323,2026-06-17 07:21:10.387103,0 days 00:05:50.932780,5.0,0.03,1.3,1.8,0.06,1.1,1.6,-41.95360943424255,-41.95360943424255,68.0308005776746,2185.355068946079,2197.613397878473,48.21665036242969,0.0,4314.937666246876,262.0,COMPLETE
834,62.4654774391884,2026-06-17 07:15:35.248523,2026-06-17 07:21:25.605980,0 days 00:05:50.357457,5.0,0.03,1.3,2.3,0.06,1.1,1.6,-41.95360943424255,-41.95360943424255,377.4938064340805,2090.84461973832,2601.586852942639,62.4654774391884,0.0,4314.937666246876,250.0,COMPLETE
835,-1160.0,2026-06-17 07:16:36.938186,2026-06-17 07:22:26.633747,0 days 00:05:49.695561,1.5,0.03,1.3,2.3,0.06,1.1,1.6,-41.95360943424255,-41.95360943424255,305.8608722397848,163.31797619301904,179.40498612169534,-1160.0,0.0,36.862090074929526,34.0,COMPLETE
836,53.788064242526346,2026-06-17 07:17:00.840662,2026-06-17 07:22:52.419973,0 days 00:05:51.579311,5.0,0.03,1.3,2.3,0.06,1.3,1.6,-41.95360943424255,-41.95360943424255,377.4938064340805,2234.3443679150355,1916.988401661379,53.788064242526346,0.0,3773.8389631423333,209.0,COMPLETE
837,53.788064242526346,2026-06-17 07:17:08.596402,2026-06-17 07:23:00.321414,0 days 00:05:51.725012,5.0,0.03,1.3,2.3,0.06,1.3,1.6,-41.95360943424255,-41.95360943424255,377.4938064340805,2234.3443679150355,1916.988401661379,53.788064242526346,0.0,3773.8389631423333,209.0,COMPLETE
838,53.92388070804038,2026-06-17 07:17:35.149863,2026-06-17 07:23:26.828050,0 days 00:05:51.678187,5.0,0.03,1.3,2.3,0.06,1.1,1.4,-41.95360943424255,-41.95360943424255,377.4938064340805,2093.2124238138827,2566.1061880518123,53.92388070804038,0.0,4281.824805431614,251.0,COMPLETE
839,-1120.0,2026-06-17 07:18:10.907240,2026-06-17 07:24:01.416410,0 days 00:05:50.509170,1.5,0.03,1.2000000000000002,2.3,0.06,1.1,1.6,-41.95360943424255,-41.95360943424255,298.2508644822717,185.65332718091958,149.45962737628173,-1120.0,0.0,36.862090074929526,38.0,COMPLETE
840,46.348395172727045,2026-06-17 07:18:13.107151,2026-06-17 07:24:05.605384,0 days 00:05:52.498233,5.0,0.03,1.3,2.1,0.06,1.1,1.4,-41.95360943424255,-41.95360943424255,368.61604804903675,2107.109821623998,2543.331031856654,46.348395172727045,0.0,4281.824805431614,255.0,COMPLETE
841,42.02930190901752,2026-06-17 07:19:08.109277,2026-06-17 07:24:56.303926,0 days 00:05:48.194649,5.0,0.03,1.4,1.8,0.06,1.3,1.4,-41.95360943424255,-41.95360943424255,117.71252990583497,2157.3786141731407,2242.158721164308,42.02930190901752,0.0,4281.824805431614,256.0,COMPLETE
842,60.84693297084159,2026-06-17 07:19:29.888279,2026-06-17 07:25:19.118451,0 days 00:05:49.230172,5.0,0.03,1.4,2.2,0.06,1.1,1.6,-41.95360943424255,-41.95360943424255,278.2652879355602,1975.5810376368536,2617.621916545585,60.84693297084159,0.0,4314.937666246876,247.0,COMPLETE
843,55.208654016770794,2026-06-17 07:20:05.608411,2026-06-17 07:25:55.023210,0 days 00:05:49.414799,5.0,0.03,1.4,2.1,0.06,1.3,1.4,-41.95360943424255,-41.95360943424255,466.3623034543605,2148.474243472693,2599.7128654132825,55.208654016770794,0.0,4281.824805431614,252.0,COMPLETE
844,38.29432760701465,2026-06-17 07:21:02.188286,2026-06-17 07:26:52.140258,0 days 00:05:49.951972,5.0,0.03,1.3,2.1,0.06,1.5,1.4,-41.95360943424255,-41.95360943424255,368.61604804903675,2254.9911432363456,1893.343054062819,38.29432760701465,0.0,3779.718149250129,213.0,COMPLETE
845,53.788064242526346,2026-06-17 07:21:10.472947,2026-06-17 07:27:00.639177,0 days 00:05:50.166230,5.0,0.03,1.3,2.3,0.06,1.3,1.6,-41.95360943424255,-41.95360943424255,377.4938064340805,2234.3443679150355,1916.988401661379,53.788064242526346,0.0,3773.8389631423333,209.0,COMPLETE
846,-1160.0,2026-06-17 07:21:25.695145,2026-06-17 07:27:13.624968,0 days 00:05:47.929823,1.5,0.03,1.3,2.3,0.06,1.3,1.4,-41.95360943424255,-41.95360943424255,305.8608722397848,163.96966294435447,179.40498612169534,-1160.0,0.0,37.51377682626494,34.0,COMPLETE
847,47.31022758304752,2026-06-17 07:22:26.722595,2026-06-17 07:28:18.070410,0 days 00:05:51.347815,5.0,0.03,1.3,2.0,0.06,1.1,1.4,-41.95360943424255,-41.95360943424255,435.4776652272461,2115.5550312165346,2601.7474394423266,47.31022758304752,0.0,4281.824805431614,258.0,COMPLETE
848,52.22998559049369,2026-06-17 07:22:52.507962,2026-06-17 07:28:44.049225,0 days 00:05:51.541263,5.0,0.03,1.4,2.2,0.06,1.1,1.4,-41.95360943424255,-41.95360943424255,278.2652879355602,1977.9488417124164,2582.141251654759,52.22998559049369,0.0,4281.824805431614,248.0,COMPLETE
849,26.939423697366202,2026-06-17 07:23:00.410819,2026-06-17 07:28:52.478712,0 days 00:05:52.067893,4.5,0.03,1.4,2.5,0.06,1.1,1.1,-41.95360943424255,-41.95360943424255,63.09834345209813,1412.497518584412,2034.8893069167048,26.939423697366202,0.0,3384.2884820490194,241.0,COMPLETE
850,59.35289549703282,2026-06-17 07:23:26.916439,2026-06-17 07:29:18.724701,0 days 00:05:51.808262,4.5,0.03,1.2000000000000002,2.5,0.06,1.1,1.6,-41.95360943424255,-41.95360943424255,330.49695992638425,1975.4181265589482,2421.4634042165276,59.35289549703282,0.0,4066.3845708490912,250.0,COMPLETE
851,24.093579666630507,2026-06-17 07:24:01.503765,2026-06-17 07:29:53.841081,0 days 00:05:52.337316,5.0,0.03,1.2000000000000002,2.2,0.06,1.1,1.1,-41.95360943424255,-41.95360943424255,97.73687375332139,1696.6609641968134,2069.315988526803,24.093579666630507,0.0,3668.2400789702933,254.0,COMPLETE
852,52.09454540897083,2026-06-17 07:24:05.682047,2026-06-17 07:29:58.664199,0 days 00:05:52.982152,5.0,0.03,1.2000000000000002,2.2,0.06,1.1,1.6,-41.95360943424255,-41.95360943424255,97.73687375332139,2089.824659615483,2322.8498803847165,52.09454540897083,0.0,4314.937666246876,252.0,COMPLETE
853,61.55928778142229,2026-06-17 07:24:56.395201,2026-06-17 07:30:44.722444,0 days 00:05:48.327243,4.5,0.03,1.4,2.1,0.06,1.1,1.6,-41.95360943424255,-41.95360943424255,466.3623034543605,2049.4499142785457,2483.296960024907,61.55928778142229,0.0,4066.3845708490912,251.0,COMPLETE
854,59.35289549703282,2026-06-17 07:25:19.193097,2026-06-17 07:31:07.649250,0 days 00:05:48.456153,4.5,0.03,1.2000000000000002,2.5,0.06,1.1,1.6,-41.95360943424255,-41.95360943424255,330.49695992638425,1975.4181265589482,2421.4634042165276,59.35289549703282,0.0,4066.3845708490912,250.0,COMPLETE
855,48.8667028275892,2026-06-17 07:25:55.095752,2026-06-17 07:31:44.493565,0 days 00:05:49.397813,4.5,0.03,1.2000000000000002,2.2,0.06,1.1,1.6,-41.95360943424255,-41.95360943424255,97.73687375332139,1993.1681344968986,2170.953310105515,48.8667028275892,0.0,4066.3845708490912,252.0,COMPLETE
856,54.39564035288716,2026-06-17 07:26:52.209702,2026-06-17 07:32:42.322423,0 days 00:05:50.112721,4.5,0.03,1.4,2.5,0.06,1.1,1.6,-41.95360943424255,-41.95360943424255,63.09834345209813,1804.3062706579847,2325.1766436432054,54.39564035288716,0.0,4066.3845708490912,239.0,COMPLETE
857,52.57563772932551,2026-06-17 07:27:00.714904,2026-06-17 07:32:50.882588,0 days 00:05:50.167684,4.5,0.03,1.4,2.0,0.06,1.1,1.5,-41.95360943424255,-41.95360943424255,507.33199160274023,2061.1347121379836,2489.9673933607833,52.57563772932551,0.0,4043.770113896027,253.0,COMPLETE
858,44.698501467231374,2026-06-17 07:27:13.701341,2026-06-17 07:33:03.849811,0 days 00:05:50.148470,4.5,0.03,1.2000000000000002,2.0,0.06,1.1,1.6,-41.95360943424255,-41.95360943424255,-12.873479265656208,2029.7831370459762,2023.727954537459,44.698501467231374,0.0,4066.3845708490912,260.0,COMPLETE
859,59.35289549703282,2026-06-17 07:28:18.144397,2026-06-17 07:34:09.657821,0 days 00:05:51.513424,4.5,0.03,1.2000000000000002,2.5,0.06,1.1,1.6,-41.95360943424255,-41.95360943424255,330.49695992638425,1975.4181265589482,2421.4634042165276,59.35289549703282,0.0,4066.3845708490912,250.0,COMPLETE
860,59.35289549703282,2026-06-17 07:28:44.118239,2026-06-17 07:34:35.403841,0 days 00:05:51.285602,4.5,0.03,1.2000000000000002,2.5,0.06,1.1,1.6,-41.95360943424255,-41.95360943424255,330.49695992638425,1975.4181265589482,2421.4634042165276,59.35289549703282,0.0,4066.3845708490912,250.0,COMPLETE
861,61.70331232879409,2026-06-17 07:28:52.553002,2026-06-17 07:34:44.251097,0 days 00:05:51.698095,5.0,0.03,1.2000000000000002,2.5,0.06,1.1,1.6,-41.95360943424255,-41.95360943424255,330.49695992638425,2072.074651677533,2573.35997449573,61.70331232879409,0.0,4314.937666246876,250.0,COMPLETE
862,32.64041351145862,2026-06-17 07:29:18.798088,2026-06-17 07:35:10.943577,0 days 00:05:52.145489,5.0,0.03,1.2000000000000002,2.5,0.06,1.1,1.0,-41.95360943424255,-41.95360943424255,330.49695992638425,1522.8103520132718,2199.94214559726,32.64041351145862,0.0,3392.2555376841465,253.0,COMPLETE
863,40.60552714897677,2026-06-17 07:29:53.923074,2026-06-17 07:35:46.796940,0 days 00:05:52.873866,5.0,0.03,1.2000000000000002,2.0,0.06,1.2,1.5,-41.95360943424255,-41.95360943424255,-12.873479265656208,2144.2355416349315,2161.8626103678675,40.60552714897677,0.0,4318.971631268454,260.0,COMPLETE
864,53.695488974944986,2026-06-17 07:29:58.738599,2026-06-17 07:35:51.820179,0 days 00:05:53.081580,5.0,0.03,1.2000000000000002,2.5,0.06,1.1,1.5,-41.95360943424255,-41.95360943424255,330.49695992638425,2089.8705311479043,2559.5980600469366,53.695488974944986,0.0,4318.971631268454,250.0,COMPLETE
865,53.695488974944986,2026-06-17 07:30:44.797714,2026-06-17 07:36:33.310217,0 days 00:05:48.512503,5.0,0.03,1.2000000000000002,2.5,0.06,1.2,1.5,-41.95360943424255,-41.95360943424255,330.49695992638425,2089.8705311479043,2559.5980600469366,53.695488974944986,0.0,4318.971631268454,250.0,COMPLETE
866,53.695488974944986,2026-06-17 07:31:07.727814,2026-06-17 07:36:57.477344,0 days 00:05:49.749530,5.0,0.03,1.2000000000000002,2.5,0.06,1.2,1.5,-41.95360943424255,-41.95360943424255,330.49695992638425,2089.8705311479043,2559.5980600469366,53.695488974944986,0.0,4318.971631268454,250.0,COMPLETE
867,53.695488974944986,2026-06-17 07:31:44.568186,2026-06-17 07:37:34.596399,0 days 00:05:50.028213,5.0,0.03,1.2000000000000002,2.5,0.06,1.2,1.5,-41.95360943424255,-41.95360943424255,330.49695992638425,2089.8705311479043,2559.5980600469366,53.695488974944986,0.0,4318.971631268454,250.0,COMPLETE
868,53.695488974944986,2026-06-17 07:32:42.398387,2026-06-17 07:38:33.585980,0 days 00:05:51.187593,5.0,0.03,1.2000000000000002,2.5,0.06,1.2,1.5,-41.95360943424255,-41.95360943424255,330.49695992638425,2089.8705311479043,2559.5980600469366,53.695488974944986,0.0,4318.971631268454,250.0,COMPLETE
869,53.695488974944986,2026-06-17 07:32:50.948474,2026-06-17 07:38:41.739991,0 days 00:05:50.791517,5.0,0.03,1.2000000000000002,2.5,0.06,1.2,1.5,-41.95360943424255,-41.95360943424255,330.49695992638425,2089.8705311479043,2559.5980600469366,53.695488974944986,0.0,4318.971631268454,250.0,COMPLETE
870,53.695488974944986,2026-06-17 07:33:03.923694,2026-06-17 07:38:54.981710,0 days 00:05:51.058016,5.0,0.03,1.2000000000000002,2.5,0.06,1.2,1.5,-41.95360943424255,-41.95360943424255,330.49695992638425,2089.8705311479043,2559.5980600469366,53.695488974944986,0.0,4318.971631268454,250.0,COMPLETE
871,53.695488974944986,2026-06-17 07:34:09.734680,2026-06-17 07:40:01.731328,0 days 00:05:51.996648,5.0,0.03,1.2000000000000002,2.5,0.06,1.2,1.5,-41.95360943424255,-41.95360943424255,330.49695992638425,2089.8705311479043,2559.5980600469366,53.695488974944986,0.0,4318.971631268454,250.0,COMPLETE
872,54.72696488796286,2026-06-17 07:34:35.482036,2026-06-17 07:40:27.507112,0 days 00:05:52.025076,5.0,0.03,1.2000000000000002,2.4000000000000004,0.06,1.2,1.5,-41.95360943424255,-41.95360943424255,397.97860301071154,2127.6664819417515,2589.283752337417,54.72696488796286,0.0,4318.971631268454,252.0,COMPLETE
873,54.72696488796286,2026-06-17 07:34:44.328829,2026-06-17 07:40:36.147433,0 days 00:05:51.818604,5.0,0.03,1.2000000000000002,2.4000000000000004,0.06,1.2,1.5,-41.95360943424255,-41.95360943424255,397.97860301071154,2127.6664819417515,2589.283752337417,54.72696488796286,0.0,4318.971631268454,252.0,COMPLETE
874,44.44874600746367,2026-06-17 07:35:11.018633,2026-06-17 07:41:03.035170,0 days 00:05:52.016537,5.0,0.03,1.2000000000000002,1.6,0.06,1.2,1.5,-41.95360943424255,-41.95360943424255,31.753148459155753,2076.0534368627928,2274.6713428648186,44.44874600746367,0.0,4318.971631268454,253.0,COMPLETE
875,54.72696488796286,2026-06-17 07:35:46.866773,2026-06-17 07:41:40.077328,0 days 00:05:53.210555,5.0,0.03,1.2000000000000002,2.4000000000000004,0.06,1.2,1.5,-41.95360943424255,-41.95360943424255,397.97860301071154,2127.6664819417515,2589.283752337417,54.72696488796286,0.0,4318.971631268454,252.0,COMPLETE
876,54.72696488796286,2026-06-17 07:35:51.896356,2026-06-17 07:41:44.043327,0 days 00:05:52.146971,5.0,0.03,1.2000000000000002,2.4000000000000004,0.06,1.2,1.5,-41.95360943424255,-41.95360943424255,397.97860301071154,2127.6664819417515,2589.283752337417,54.72696488796286,0.0,4318.971631268454,252.0,COMPLETE
877,54.72696488796286,2026-06-17 07:36:33.384610,2026-06-17 07:42:21.463902,0 days 00:05:48.079292,5.0,0.03,1.2000000000000002,2.4000000000000004,0.06,1.2,1.5,-41.95360943424255,-41.95360943424255,397.97860301071154,2127.6664819417515,2589.283752337417,54.72696488796286,0.0,4318.971631268454,252.0,COMPLETE
878,62.798465061129015,2026-06-17 07:36:57.559546,2026-06-17 07:42:46.528662,0 days 00:05:48.969116,5.0,0.03,1.2000000000000002,2.4000000000000004,0.06,1.0,1.6,-41.95360943424255,-41.95360943424255,397.97860301071154,2109.8706024713806,2603.0456667862095,62.798465061129015,0.0,4314.937666246876,252.0,COMPLETE
879,62.798465061129015,2026-06-17 07:37:34.672955,2026-06-17 07:43:24.412758,0 days 00:05:49.739803,5.0,0.03,1.2000000000000002,2.4000000000000004,0.06,1.0,1.6,-41.95360943424255,-41.95360943424255,397.97860301071154,2109.8706024713806,2603.0456667862095,62.798465061129015,0.0,4314.937666246876,252.0,COMPLETE
880,55.44450426514682,2026-06-17 07:38:33.662950,2026-06-17 07:44:23.384683,0 days 00:05:49.721733,5.0,0.03,1.8,2.4000000000000004,0.06,1.0,1.6,-41.95360943424255,-41.95360943424255,-55.915352550021865,1850.3116711504038,2408.7106425464526,55.44450426514682,0.0,4314.937666246876,234.0,COMPLETE
881,62.798465061129015,2026-06-17 07:38:41.817836,2026-06-17 07:44:31.484702,0 days 00:05:49.666866,5.0,0.03,1.2000000000000002,2.4000000000000004,0.06,1.0,1.6,-41.95360943424255,-41.95360943424255,397.97860301071154,2109.8706024713806,2603.0456667862095,62.798465061129015,0.0,4314.937666246876,252.0,COMPLETE
882,62.798465061129015,2026-06-17 07:38:55.056618,2026-06-17 07:44:44.871961,0 days 00:05:49.815343,5.0,0.03,1.2000000000000002,2.4000000000000004,0.06,1.0,1.6,-41.95360943424255,-41.95360943424255,397.97860301071154,2109.8706024713806,2603.0456667862095,62.798465061129015,0.0,4314.937666246876,252.0,COMPLETE
883,59.60348865719783,2026-06-17 07:40:01.802208,2026-06-17 07:45:53.539526,0 days 00:05:51.737318,5.0,0.03,1.3,2.4000000000000004,0.06,1.1,1.6,-41.95360943424255,-41.95360943424255,202.0227439672762,1862.8981529097625,2654.0622573043925,59.60348865719783,0.0,4314.937666246876,245.0,COMPLETE
884,59.60348865719783,2026-06-17 07:40:27.582101,2026-06-17 07:46:18.922484,0 days 00:05:51.340383,5.0,0.03,1.3,2.4000000000000004,0.06,1.0,1.6,-41.95360943424255,-41.95360943424255,202.0227439672762,1862.8981529097625,2654.0622573043925,59.60348865719783,0.0,4314.937666246876,245.0,COMPLETE
885,54.375796841894875,2026-06-17 07:40:36.224223,2026-06-17 07:46:27.753812,0 days 00:05:51.529589,5.0,0.03,1.8,2.3,0.06,1.0,1.6,-41.95360943424255,-41.95360943424255,-122.89085442695503,1783.3361692734707,2408.7106425464526,54.375796841894875,0.0,4314.937666246876,235.0,COMPLETE
886,-1260.0,2026-06-17 07:41:03.106833,2026-06-17 07:46:52.241846,0 days 00:05:49.135013,5.0,0.03,1.3,2.3,0.06,1.0,3.0,-41.95360943424255,-41.95360943424255,377.4938064340805,180.45173101949112,192.87621039618608,-1260.0,0.0,-4.165865018403217,24.0,COMPLETE
887,62.4654774391884,2026-06-17 07:41:40.153424,2026-06-17 07:47:32.854608,0 days 00:05:52.701184,5.0,0.03,1.3,2.3,0.06,1.0,1.6,-41.95360943424255,-41.95360943424255,377.4938064340805,2090.84461973832,2601.586852942639,62.4654774391884,0.0,4314.937666246876,250.0,COMPLETE
888,62.4654774391884,2026-06-17 07:41:44.114738,2026-06-17 07:47:37.126382,0 days 00:05:53.011644,5.0,0.03,1.3,2.3,0.06,1.0,1.6,-41.95360943424255,-41.95360943424255,377.4938064340805,2090.84461973832,2601.586852942639,62.4654774391884,0.0,4314.937666246876,250.0,COMPLETE
889,62.4654774391884,2026-06-17 07:42:21.544091,2026-06-17 07:48:09.800773,0 days 00:05:48.256682,5.0,0.03,1.3,2.3,0.06,1.0,1.6,-41.95360943424255,-41.95360943424255,377.4938064340805,2090.84461973832,2601.586852942639,62.4654774391884,0.0,4314.937666246876,250.0,COMPLETE
890,62.4654774391884,2026-06-17 07:42:46.605517,2026-06-17 07:48:36.087666,0 days 00:05:49.482149,5.0,0.03,1.3,2.3,0.06,1.0,1.6,-41.95360943424255,-41.95360943424255,377.4938064340805,2090.84461973832,2601.586852942639,62.4654774391884,0.0,4314.937666246876,250.0,COMPLETE
891,62.4654774391884,2026-06-17 07:43:24.504284,2026-06-17 07:49:13.828253,0 days 00:05:49.323969,5.0,0.03,1.3,2.3,0.06,1.1,1.6,-41.95360943424255,-41.95360943424255,377.4938064340805,2090.84461973832,2601.586852942639,62.4654774391884,0.0,4314.937666246876,250.0,COMPLETE
892,-1260.0,2026-06-17 07:44:23.460826,2026-06-17 07:50:12.245563,0 days 00:05:48.784737,5.0,0.03,1.3,2.3,0.06,1.1,3.0,-41.95360943424255,-41.95360943424255,377.4938064340805,188.35103444778497,192.87621039618608,-1260.0,0.0,3.733438409890624,24.0,COMPLETE
893,62.4654774391884,2026-06-17 07:44:31.561180,2026-06-17 07:50:22.785178,0 days 00:05:51.223998,5.0,0.03,1.3,2.3,0.06,1.1,1.6,-41.95360943424255,-41.95360943424255,377.4938064340805,2090.84461973832,2601.586852942639,62.4654774391884,0.0,4314.937666246876,250.0,COMPLETE
894,62.4654774391884,2026-06-17 07:44:44.946413,2026-06-17 07:50:35.678107,0 days 00:05:50.731694,5.0,0.03,1.3,2.3,0.06,1.1,1.6,-41.95360943424255,-41.95360943424255,377.4938064340805,2090.84461973832,2601.586852942639,62.4654774391884,0.0,4314.937666246876,250.0,COMPLETE
895,62.4654774391884,2026-06-17 07:45:53.617337,2026-06-17 07:51:45.876331,0 days 00:05:52.258994,5.0,0.03,1.3,2.3,0.06,1.1,1.6,-41.95360943424255,-41.95360943424255,377.4938064340805,2090.84461973832,2601.586852942639,62.4654774391884,0.0,4314.937666246876,250.0,COMPLETE
896,62.4654774391884,2026-06-17 07:46:18.996749,2026-06-17 07:52:11.393659,0 days 00:05:52.396910,5.0,0.03,1.3,2.3,0.06,1.1,1.6,-41.95360943424255,-41.95360943424255,377.4938064340805,2090.84461973832,2601.586852942639,62.4654774391884,0.0,4314.937666246876,250.0,COMPLETE
897,62.4654774391884,2026-06-17 07:46:27.832294,2026-06-17 07:52:20.400579,0 days 00:05:52.568285,5.0,0.03,1.3,2.3,0.06,1.1,1.6,-41.95360943424255,-41.95360943424255,377.4938064340805,2090.84461973832,2601.586852942639,62.4654774391884,0.0,4314.937666246876,250.0,COMPLETE
898,62.4654774391884,2026-06-17 07:46:52.317167,2026-06-17 07:52:45.237589,0 days 00:05:52.920422,5.0,0.03,1.3,2.3,0.06,1.1,1.6,-41.95360943424255,-41.95360943424255,377.4938064340805,2090.84461973832,2601.586852942639,62.4654774391884,0.0,4314.937666246876,250.0,COMPLETE
899,52.79297823891401,2026-06-17 07:47:32.935464,2026-06-17 07:53:25.918832,0 days 00:05:52.983368,5.0,0.03,1.2000000000000002,2.3,0.06,1.1,1.6,-41.95360943424255,-41.95360943424255,135.08532726024077,2113.1799707262203,2336.8430227808985,52.79297823891401,0.0,4314.937666246876,250.0,COMPLETE
900,52.79297823891401,2026-06-17 07:47:37.291654,2026-06-17 07:53:30.381883,0 days 00:05:53.090229,5.0,0.03,1.2000000000000002,2.3,0.06,1.1,1.6,-41.95360943424255,-41.95360943424255,135.08532726024077,2113.1799707262203,2336.8430227808985,52.79297823891401,0.0,4314.937666246876,250.0,COMPLETE
901,52.79297823891401,2026-06-17 07:48:09.875050,2026-06-17 07:53:58.393054,0 days 00:05:48.518004,5.0,0.03,1.2000000000000002,2.3,0.06,1.1,1.6,-41.95360943424255,-41.95360943424255,135.08532726024077,2113.1799707262203,2336.8430227808985,52.79297823891401,0.0,4314.937666246876,250.0,COMPLETE
902,62.798465061129015,2026-06-17 07:48:36.163628,2026-06-17 07:54:25.273857,0 days 00:05:49.110229,5.0,0.03,1.2000000000000002,2.4000000000000004,0.06,1.1,1.6,-41.95360943424255,-41.95360943424255,397.97860301071154,2109.8706024713806,2603.0456667862095,62.798465061129015,0.0,4314.937666246876,252.0,COMPLETE
903,62.798465061129015,2026-06-17 07:49:13.902445,2026-06-17 07:55:03.018075,0 days 00:05:49.115630,5.0,0.03,1.2000000000000002,2.4000000000000004,0.06,1.1,1.6,-41.95360943424255,-41.95360943424255,397.97860301071154,2109.8706024713806,2603.0456667862095,62.798465061129015,0.0,4314.937666246876,252.0,COMPLETE
904,62.798465061129015,2026-06-17 07:50:12.315768,2026-06-17 07:56:02.385172,0 days 00:05:50.069404,5.0,0.03,1.2000000000000002,2.4000000000000004,0.06,1.1,1.6,-41.95360943424255,-41.95360943424255,397.97860301071154,2109.8706024713806,2603.0456667862095,62.798465061129015,0.0,4314.937666246876,252.0,COMPLETE
905,43.5402795331677,2026-06-17 07:50:22.864266,2026-06-17 07:56:13.169539,0 days 00:05:50.305273,5.0,0.03,1.2000000000000002,2.4000000000000004,0.06,1.1,2.1,-41.95360943424255,-41.95360943424255,397.97860301071154,1764.7688501466469,1761.179464204872,43.5402795331677,0.0,3127.969711340808,194.0,COMPLETE
906,62.798465061129015,2026-06-17 07:50:35.753071,2026-06-17 07:56:26.114272,0 days 00:05:50.361201,5.0,0.03,1.2000000000000002,2.4000000000000004,0.06,1.1,1.6,-41.95360943424255,-41.95360943424255,397.97860301071154,2109.8706024713806,2603.0456667862095,62.798465061129015,0.0,4314.937666246876,252.0,COMPLETE
907,62.798465061129015,2026-06-17 07:51:45.947739,2026-06-17 07:57:36.710129,0 days 00:05:50.762390,5.0,0.03,1.2000000000000002,2.4000000000000004,0.06,1.1,1.6,-41.95360943424255,-41.95360943424255,397.97860301071154,2109.8706024713806,2603.0456667862095,62.798465061129015,0.0,4314.937666246876,252.0,COMPLETE
908,62.798465061129015,2026-06-17 07:52:11.467885,2026-06-17 07:58:02.931822,0 days 00:05:51.463937,5.0,0.03,1.2000000000000002,2.4000000000000004,0.06,1.1,1.6,-41.95360943424255,-41.95360943424255,397.97860301071154,2109.8706024713806,2603.0456667862095,62.798465061129015,0.0,4314.937666246876,252.0,COMPLETE
909,62.798465061129015,2026-06-17 07:52:20.478238,2026-06-17 07:58:12.392776,0 days 00:05:51.914538,5.0,0.03,1.2000000000000002,2.4000000000000004,0.06,1.1,1.6,-41.95360943424255,-41.95360943424255,397.97860301071154,2109.8706024713806,2603.0456667862095,62.798465061129015,0.0,4314.937666246876,252.0,COMPLETE
910,62.798465061129015,2026-06-17 07:52:45.310418,2026-06-17 07:58:36.939565,0 days 00:05:51.629147,5.0,0.03,1.2000000000000002,2.4000000000000004,0.06,1.1,1.6,-41.95360943424255,-41.95360943424255,397.97860301071154,2109.8706024713806,2603.0456667862095,62.798465061129015,0.0,4314.937666246876,252.0,COMPLETE
911,62.798465061129015,2026-06-17 07:53:25.997585,2026-06-17 07:59:18.220495,0 days 00:05:52.222910,5.0,0.03,1.2000000000000002,2.4000000000000004,0.06,1.1,1.6,-41.95360943424255,-41.95360943424255,397.97860301071154,2109.8706024713806,2603.0456667862095,62.798465061129015,0.0,4314.937666246876,252.0,COMPLETE
912,62.798465061129015,2026-06-17 07:53:30.458169,2026-06-17 07:59:22.756710,0 days 00:05:52.298541,5.0,0.03,1.2000000000000002,2.4000000000000004,0.06,1.2,1.6,-41.95360943424255,-41.95360943424255,397.97860301071154,2109.8706024713806,2603.0456667862095,62.798465061129015,0.0,4314.937666246876,252.0,COMPLETE
913,62.798465061129015,2026-06-17 07:53:58.472129,2026-06-17 07:59:46.947386,0 days 00:05:48.475257,5.0,0.03,1.2000000000000002,2.4000000000000004,0.06,1.2,1.6,-41.95360943424255,-41.95360943424255,397.97860301071154,2109.8706024713806,2603.0456667862095,62.798465061129015,0.0,4314.937666246876,252.0,COMPLETE
914,29.859976675067493,2026-06-17 07:54:25.351323,2026-06-17 08:00:14.749978,0 days 00:05:49.398655,2.0,0.03,1.2000000000000002,2.4000000000000004,0.06,1.2,1.5,-41.95360943424255,-41.95360943424255,396.8896436554112,1123.0621490703122,1268.2085150916143,29.859976675067493,0.0,1994.3810205065154,252.0,COMPLETE
915,54.72696488796286,2026-06-17 07:55:03.096774,2026-06-17 08:00:52.952453,0 days 00:05:49.855679,5.0,0.03,1.2000000000000002,2.4000000000000004,0.06,1.2,1.5,-41.95360943424255,-41.95360943424255,397.97860301071154,2127.6664819417515,2589.283752337417,54.72696488796286,0.0,4318.971631268454,252.0,COMPLETE
916,54.72696488796286,2026-06-17 07:56:02.461918,2026-06-17 08:01:52.748081,0 days 00:05:50.286163,5.0,0.03,1.2000000000000002,2.4000000000000004,0.06,1.2,1.5,-41.95360943424255,-41.95360943424255,397.97860301071154,2127.6664819417515,2589.283752337417,54.72696488796286,0.0,4318.971631268454,252.0,COMPLETE
917,54.72696488796286,2026-06-17 07:56:13.246501,2026-06-17 08:02:03.457860,0 days 00:05:50.211359,5.0,0.03,1.2000000000000002,2.4000000000000004,0.06,1.2,1.5,-41.95360943424255,-41.95360943424255,397.97860301071154,2127.6664819417515,2589.283752337417,54.72696488796286,0.0,4318.971631268454,252.0,COMPLETE
918,54.72696488796286,2026-06-17 07:56:26.187773,2026-06-17 08:02:16.282745,0 days 00:05:50.094972,5.0,0.03,1.2000000000000002,2.4000000000000004,0.06,1.2,1.5,-41.95360943424255,-41.95360943424255,397.97860301071154,2127.6664819417515,2589.283752337417,54.72696488796286,0.0,4318.971631268454,252.0,COMPLETE
919,-1240.0,2026-06-17 07:57:36.786838,2026-06-17 08:03:26.472144,0 days 00:05:49.685306,5.0,0.03,1.2000000000000002,2.4000000000000004,0.06,1.2,2.8,-41.95360943424255,-41.95360943424255,397.97860301071154,212.55007683581024,194.3350242397567,-1240.0,0.0,8.906498064855484,26.0,COMPLETE
920,54.72696488796286,2026-06-17 07:58:03.008287,2026-06-17 08:03:54.381071,0 days 00:05:51.372784,5.0,0.03,1.2000000000000002,2.4000000000000004,0.06,1.2,1.5,-41.95360943424255,-41.95360943424255,397.97860301071154,2127.6664819417515,2589.283752337417,54.72696488796286,0.0,4318.971631268454,252.0,COMPLETE
921,54.72696488796286,2026-06-17 07:58:12.469147,2026-06-17 08:04:04.586005,0 days 00:05:52.116858,5.0,0.03,1.2000000000000002,2.4000000000000004,0.06,1.2,1.5,-41.95360943424255,-41.95360943424255,397.97860301071154,2127.6664819417515,2589.283752337417,54.72696488796286,0.0,4318.971631268454,252.0,COMPLETE
922,53.695488974944986,2026-06-17 07:58:37.014687,2026-06-17 08:04:29.095864,0 days 00:05:52.081177,5.0,0.03,1.2000000000000002,2.5,0.06,1.2,1.5,-41.95360943424255,-41.95360943424255,330.49695992638425,2089.8705311479043,2559.5980600469366,53.695488974944986,0.0,4318.971631268454,250.0,COMPLETE
923,53.695488974944986,2026-06-17 07:59:18.296887,2026-06-17 08:05:10.789655,0 days 00:05:52.492768,5.0,0.03,1.2000000000000002,2.5,0.06,1.2,1.5,-41.95360943424255,-41.95360943424255,330.49695992638425,2089.8705311479043,2559.5980600469366,53.695488974944986,0.0,4318.971631268454,250.0,COMPLETE
924,53.695488974944986,2026-06-17 07:59:22.833909,2026-06-17 08:05:15.391933,0 days 00:05:52.558024,5.0,0.03,1.2000000000000002,2.5,0.06,1.2,1.5,-41.95360943424255,-41.95360943424255,330.49695992638425,2089.8705311479043,2559.5980600469366,53.695488974944986,0.0,4318.971631268454,250.0,COMPLETE
925,53.695488974944986,2026-06-17 07:59:47.020473,2026-06-17 08:05:35.264448,0 days 00:05:48.243975,5.0,0.03,1.2000000000000002,2.5,0.06,1.2,1.5,-41.95360943424255,-41.95360943424255,330.49695992638425,2089.8705311479043,2559.5980600469366,53.695488974944986,0.0,4318.971631268454,250.0,COMPLETE
926,53.695488974944986,2026-06-17 08:00:14.825880,2026-06-17 08:06:03.918372,0 days 00:05:49.092492,5.0,0.03,1.2000000000000002,2.5,0.06,1.2,1.5,-41.95360943424255,-41.95360943424255,330.49695992638425,2089.8705311479043,2559.5980600469366,53.695488974944986,0.0,4318.971631268454,250.0,COMPLETE
927,53.695488974944986,2026-06-17 08:00:53.025090,2026-06-17 08:06:42.463428,0 days 00:05:49.438338,5.0,0.03,1.2000000000000002,2.5,0.06,1.2,1.5,-41.95360943424255,-41.95360943424255,330.49695992638425,2089.8705311479043,2559.5980600469366,53.695488974944986,0.0,4318.971631268454,250.0,COMPLETE
928,47.72956058733201,2026-06-17 08:01:52.824070,2026-06-17 08:07:42.823532,0 days 00:05:49.999462,5.0,0.03,1.5,2.5,0.06,1.2,1.5,-41.95360943424255,-41.95360943424255,45.03940902586854,1900.6997408207114,2463.3112994736134,47.72956058733201,0.0,4318.971631268454,238.0,COMPLETE
929,53.695488974944986,2026-06-17 08:02:03.533871,2026-06-17 08:07:54.205300,0 days 00:05:50.671429,5.0,0.03,1.2000000000000002,2.5,0.06,1.2,1.5,-41.95360943424255,-41.95360943424255,330.49695992638425,2089.8705311479043,2559.5980600469366,53.695488974944986,0.0,4318.971631268454,250.0,COMPLETE
930,52.228817735200636,2026-06-17 08:02:16.357543,2026-06-17 08:08:07.021153,0 days 00:05:50.663610,5.0,0.03,1.2000000000000002,2.5,0.06,1.2,1.7000000000000002,-41.95360943424255,-41.95360943424255,330.49695992638425,2233.8426798886344,1845.3042776771617,52.228817735200636,0.0,3748.6499976394134,211.0,COMPLETE
931,62.40105659124301,2026-06-17 08:03:26.544197,2026-06-17 08:09:18.241255,0 days 00:05:51.697058,5.0,0.03,1.2000000000000002,2.5,0.06,1.1,1.7000000000000002,-41.95360943424255,-41.95360943424255,330.49695992638425,2153.429235929188,2559.231709992892,62.40105659124301,0.0,4382.163985995696,249.0,COMPLETE
932,30.603517795290138,2026-06-17 08:03:54.456770,2026-06-17 08:09:45.632331,0 days 00:05:51.175561,5.0,0.03,1.2000000000000002,2.5,0.06,1.9,1.7000000000000002,-41.95360943424255,-41.95360943424255,330.49695992638425,1538.9849322557359,1090.1240712946753,30.603517795290138,0.0,2298.612043624027,132.0,COMPLETE
933,55.092801379281454,2026-06-17 08:04:04.657186,2026-06-17 08:09:57.212806,0 days 00:05:52.555620,5.0,0.03,1.6,2.5,0.06,1.1,1.7000000000000002,-41.95360943424255,-41.95360943424255,-121.85728196428853,1865.7243259877919,2394.5823780436153,55.092801379281454,0.0,4382.163985995696,234.0,COMPLETE
934,62.40105659124301,2026-06-17 08:04:29.170229,2026-06-17 08:10:21.044236,0 days 00:05:51.874007,5.0,0.03,1.2000000000000002,2.5,0.06,1.1,1.7000000000000002,-41.95360943424255,-41.95360943424255,330.49695992638425,2153.429235929188,2559.231709992892,62.40105659124301,0.0,4382.163985995696,249.0,COMPLETE
935,62.40105659124301,2026-06-17 08:05:10.865508,2026-06-17 08:11:03.262774,0 days 00:05:52.397266,5.0,0.03,1.2000000000000002,2.5,0.06,1.1,1.7000000000000002,-41.95360943424255,-41.95360943424255,330.49695992638425,2153.429235929188,2559.231709992892,62.40105659124301,0.0,4382.163985995696,249.0,COMPLETE
936,62.40105659124301,2026-06-17 08:05:15.466091,2026-06-17 08:11:08.859102,0 days 00:05:53.393011,5.0,0.03,1.2000000000000002,2.5,0.04,1.1,1.7000000000000002,-41.95360943424255,-41.95360943424255,330.49695992638425,2153.429235929188,2559.231709992892,62.40105659124301,0.0,4382.163985995696,249.0,COMPLETE
937,62.40105659124301,2026-06-17 08:05:35.338966,2026-06-17 08:11:22.911660,0 days 00:05:47.572694,5.0,0.03,1.2000000000000002,2.5,0.06,1.1,1.7000000000000002,-41.95360943424255,-41.95360943424255,330.49695992638425,2153.429235929188,2559.231709992892,62.40105659124301,0.0,4382.163985995696,249.0,COMPLETE
938,62.40105659124301,2026-06-17 08:06:03.986146,2026-06-17 08:11:52.787247,0 days 00:05:48.801101,5.0,0.03,1.2000000000000002,2.5,0.06,1.1,1.7000000000000002,-41.95360943424255,-41.95360943424255,330.49695992638425,2153.429235929188,2559.231709992892,62.40105659124301,0.0,4382.163985995696,249.0,COMPLETE
939,53.818521231161,2026-06-17 08:06:42.539613,2026-06-17 08:12:31.928919,0 days 00:05:49.389306,5.0,0.03,1.2000000000000002,2.4000000000000004,0.06,1.3,1.7000000000000002,-41.95360943424255,-41.95360943424255,397.97860301071154,2264.4046276048825,1816.2229793520778,53.818521231161,0.0,3682.6490039462496,207.0,COMPLETE
940,63.49588019992103,2026-06-17 08:07:42.899643,2026-06-17 08:13:33.325226,0 days 00:05:50.425583,5.0,0.03,1.2000000000000002,2.4000000000000004,0.06,1.1,1.7000000000000002,-41.95360943424255,-41.95360943424255,397.97860301071154,2191.2251867230348,2588.9174022833713,63.49588019992103,0.0,4382.163985995696,251.0,COMPLETE
941,63.49588019992103,2026-06-17 08:07:54.281439,2026-06-17 08:13:44.675032,0 days 00:05:50.393593,5.0,0.03,1.2000000000000002,2.4000000000000004,0.06,1.1,1.7000000000000002,-41.95360943424255,-41.95360943424255,397.97860301071154,2191.2251867230348,2588.9174022833713,63.49588019992103,0.0,4382.163985995696,251.0,COMPLETE
942,60.30361112377768,2026-06-17 08:08:07.098589,2026-06-17 08:13:57.527876,0 days 00:05:50.429287,5.0,0.03,1.3,2.4000000000000004,0.04,1.1,1.7000000000000002,-41.95360943424255,-41.95360943424255,202.0227439672762,1944.252737161417,2639.9339928015543,60.30361112377768,0.0,4382.163985995696,244.0,COMPLETE
943,59.60348865719783,2026-06-17 08:09:18.318528,2026-06-17 08:15:10.308242,0 days 00:05:51.989714,5.0,0.03,1.3,2.4000000000000004,0.06,1.1,1.6,-41.95360943424255,-41.95360943424255,202.0227439672762,1862.8981529097625,2654.0622573043925,59.60348865719783,0.0,4314.937666246876,245.0,COMPLETE
944,59.60348865719783,2026-06-17 08:09:45.708164,2026-06-17 08:15:36.970695,0 days 00:05:51.262531,5.0,0.03,1.3,2.4000000000000004,0.06,1.1,1.6,-41.95360943424255,-41.95360943424255,202.0227439672762,1862.8981529097625,2654.0622573043925,59.60348865719783,0.0,4314.937666246876,245.0,COMPLETE
945,63.69443077515681,2026-06-17 08:09:57.294700,2026-06-17 08:15:49.089853,0 days 00:05:51.795153,5.0,0.03,1.3,2.2,0.06,1.1,1.6,-41.95360943424255,-41.95360943424255,453.23897238570066,2132.926267896478,2635.2503707361,63.69443077515681,0.0,4314.937666246876,252.0,COMPLETE
946,47.849361387379375,2026-06-17 08:10:21.119879,2026-06-17 08:16:12.845368,0 days 00:05:51.725489,5.0,0.03,1.3,1.9,0.04,1.1,1.6,-41.95360943424255,-41.95360943424255,41.029695018772834,2106.0325502780956,2249.9348109875555,47.849361387379375,0.0,4314.937666246876,258.0,COMPLETE
947,50.952779224475805,2026-06-17 08:11:03.338980,2026-06-17 08:16:55.008264,0 days 00:05:51.669284,5.0,0.03,1.3,2.4000000000000004,0.04,1.3,1.6,-41.95360943424255,-41.95360943424255,202.0227439672762,2006.3979010864782,1969.4638060231323,50.952779224475805,0.0,3773.8389631423333,204.0,COMPLETE
948,59.60348865719783,2026-06-17 08:11:08.934835,2026-06-17 08:17:01.047949,0 days 00:05:52.113114,5.0,0.03,1.3,2.4000000000000004,0.06,1.1,1.6,-41.95360943424255,-41.95360943424255,202.0227439672762,1862.8981529097625,2654.0622573043925,59.60348865719783,0.0,4314.937666246876,245.0,COMPLETE
949,59.60348865719783,2026-06-17 08:11:22.987069,2026-06-17 08:17:11.168984,0 days 00:05:48.181915,5.0,0.03,1.3,2.4000000000000004,0.06,1.1,1.6,-41.95360943424255,-41.95360943424255,202.0227439672762,1862.8981529097625,2654.0622573043925,59.60348865719783,0.0,4314.937666246876,245.0,COMPLETE
950,47.849361387379375,2026-06-17 08:11:52.862622,2026-06-17 08:17:41.920182,0 days 00:05:49.057560,5.0,0.03,1.3,1.9,0.06,1.1,1.6,-41.95360943424255,-41.95360943424255,41.029695018772834,2106.0325502780956,2249.9348109875555,47.849361387379375,0.0,4314.937666246876,258.0,COMPLETE
951,59.60348865719783,2026-06-17 08:12:32.001277,2026-06-17 08:18:20.197121,0 days 00:05:48.195844,5.0,0.03,1.3,2.4000000000000004,0.06,1.1,1.6,-41.95360943424255,-41.95360943424255,202.0227439672762,1862.8981529097625,2654.0622573043925,59.60348865719783,0.0,4314.937666246876,245.0,COMPLETE
952,59.60348865719783,2026-06-17 08:13:33.405536,2026-06-17 08:19:22.749027,0 days 00:05:49.343491,5.0,0.03,1.3,2.4000000000000004,0.06,1.1,1.6,-41.95360943424255,-41.95360943424255,202.0227439672762,1862.8981529097625,2654.0622573043925,59.60348865719783,0.0,4314.937666246876,245.0,COMPLETE
953,63.162947188116924,2026-06-17 08:13:44.755664,2026-06-17 08:19:34.729874,0 days 00:05:49.974210,5.0,0.03,1.3,2.3,0.06,1.1,1.7000000000000002,-41.95360943424255,-41.95360943424255,377.4938064340805,2172.199203989974,2587.4585884398007,63.162947188116924,0.0,4382.163985995696,249.0,COMPLETE
954,60.87151500950791,2026-06-17 08:13:57.604069,2026-06-17 08:19:47.522783,0 days 00:05:49.918714,4.5,0.03,1.3,2.3,0.06,1.1,1.7000000000000002,-41.95360943424255,-41.95360943424255,377.4938064340805,2088.133657879853,2449.002170532266,60.87151500950791,0.0,4159.642021978043,249.0,COMPLETE
955,60.87151500950791,2026-06-17 08:15:10.383060,2026-06-17 08:21:01.939384,0 days 00:05:51.556324,4.5,0.03,1.3,2.3,0.06,1.1,1.7000000000000002,-41.95360943424255,-41.95360943424255,377.4938064340805,2088.133657879853,2449.002170532266,60.87151500950791,0.0,4159.642021978043,249.0,COMPLETE
956,32.64387159693011,2026-06-17 08:15:37.050686,2026-06-17 08:21:28.412362,0 days 00:05:51.361676,4.5,0.03,1.3,2.3,0.06,1.1,2.4000000000000004,-41.95360943424255,-41.95360943424255,377.4938064340805,1485.6341770467702,1368.2391953289932,32.64387159693011,0.0,2476.379565941684,169.0,COMPLETE
957,62.10084797713928,2026-06-17 08:15:49.166497,2026-06-17 08:21:41.930377,0 days 00:05:52.763880,4.5,0.03,1.3,2.2,0.06,1.1,1.7000000000000002,-41.95360943424255,-41.95360943424255,453.23897238570066,2130.2153060380124,2482.6656883257283,62.10084797713928,0.0,4159.642021978043,251.0,COMPLETE
958,62.10084797713928,2026-06-17 08:16:12.921016,2026-06-17 08:22:05.108869,0 days 00:05:52.187853,4.5,0.03,1.3,2.2,0.06,1.1,1.7000000000000002,-41.95360943424255,-41.95360943424255,453.23897238570066,2130.2153060380124,2482.6656883257283,62.10084797713928,0.0,4159.642021978043,251.0,COMPLETE
959,-1280.0,2026-06-17 08:16:55.085756,2026-06-17 08:22:45.747130,0 days 00:05:50.661374,4.5,0.03,1.4,2.2,0.06,1.1,2.5,-41.95360943424255,-41.95360943424255,278.2652879355602,57.647761489707996,226.63254856494615,-1280.0,0.0,6.015022119093949,22.0,COMPLETE
960,62.31458219675661,2026-06-17 08:17:01.127373,2026-06-17 08:22:54.491651,0 days 00:05:53.364278,4.5,0.03,1.4,2.1,0.06,1.1,1.7000000000000002,-41.95360943424255,-41.95360943424255,466.3623034543605,2143.395477538664,2482.6088478937363,62.31458219675661,0.0,4159.642021978043,250.0,COMPLETE
961,34.5971793141327,2026-06-17 08:17:11.247133,2026-06-17 08:22:59.431300,0 days 00:05:48.184167,4.5,0.03,1.4,2.3,0.06,1.1,1.7000000000000002,-41.95360943424255,-41.95360943424255,-242.5093139552357,1657.3824562027694,2259.750251820034,34.5971793141327,0.0,4159.642021978043,241.0,COMPLETE
962,59.25216734853689,2026-06-17 08:17:41.995797,2026-06-17 08:23:31.663877,0 days 00:05:49.668080,4.5,0.03,1.4,2.2,0.06,1.1,1.7000000000000002,-41.95360943424255,-41.95360943424255,278.2652879355602,1972.8700757783872,2465.0372341352127,59.25216734853689,0.0,4159.642021978043,246.0,COMPLETE
963,62.10084797713928,2026-06-17 08:18:20.274842,2026-06-17 08:24:09.478966,0 days 00:05:49.204124,4.5,0.03,1.3,2.2,0.06,1.1,1.7000000000000002,-41.95360943424255,-41.95360943424255,453.23897238570066,2130.2153060380124,2482.6656883257283,62.10084797713928,0.0,4159.642021978043,251.0,COMPLETE
964,34.5971793141327,2026-06-17 08:19:22.827922,2026-06-17 08:25:13.031156,0 days 00:05:50.203234,4.5,0.03,1.4,2.3,0.06,1.1,1.7000000000000002,-41.95360943424255,-41.95360943424255,-242.5093139552357,1657.3824562027694,2259.750251820034,34.5971793141327,0.0,4159.642021978043,241.0,COMPLETE
965,59.25216734853689,2026-06-17 08:19:34.806339,2026-06-17 08:25:25.407837,0 days 00:05:50.601498,4.5,0.03,1.4,2.2,0.06,1.1,1.7000000000000002,-41.95360943424255,-41.95360943424255,278.2652879355602,1972.8700757783872,2465.0372341352127,59.25216734853689,0.0,4159.642021978043,246.0,COMPLETE
966,62.10084797713928,2026-06-17 08:19:47.596789,2026-06-17 08:25:38.239363,0 days 00:05:50.642574,4.5,0.03,1.3,2.2,0.06,1.1,1.7000000000000002,-41.95360943424255,-41.95360943424255,453.23897238570066,2130.2153060380124,2482.6656883257283,62.10084797713928,0.0,4159.642021978043,251.0,COMPLETE
967,64.605166955541,2026-06-17 08:21:02.015995,2026-06-17 08:26:53.127147,0 days 00:05:51.111152,5.0,0.03,1.4,2.1,0.06,1.1,1.7000000000000002,-41.95360943424255,-41.95360943424255,466.3623034543605,2227.4610236487847,2621.0652658012705,64.605166955541,0.0,4382.163985995696,250.0,COMPLETE
968,64.39153581053966,2026-06-17 08:21:28.489334,2026-06-17 08:27:19.925296,0 days 00:05:51.435962,5.0,0.03,1.3,2.2,0.06,1.1,1.7000000000000002,-41.95360943424255,-41.95360943424255,453.23897238570066,2214.2808521481325,2621.1221062332625,64.39153581053966,0.0,4382.163985995696,251.0,COMPLETE
969,57.07921781469431,2026-06-17 08:21:42.009508,2026-06-17 08:27:34.222257,0 days 00:05:52.212749,5.0,0.03,1.3,2.1,0.06,1.1,1.7000000000000002,-41.95360943424255,-41.95360943424255,368.61604804903675,2186.09660180009,2564.6834322446425,57.07921781469431,0.0,4382.163985995696,253.0,COMPLETE
970,64.39153581053966,2026-06-17 08:22:05.182572,2026-06-17 08:27:56.743614,0 days 00:05:51.561042,5.0,0.03,1.3,2.2,0.06,1.1,1.7000000000000002,-41.95360943424255,-41.95360943424255,453.23897238570066,2214.2808521481325,2621.1221062332625,64.39153581053966,0.0,4382.163985995696,251.0,COMPLETE
971,64.39153581053966,2026-06-17 08:22:45.822146,2026-06-17 08:28:38.043324,0 days 00:05:52.221178,5.0,0.03,1.3,2.2,0.06,1.1,1.7000000000000002,-41.95360943424255,-41.95360943424255,453.23897238570066,2214.2808521481325,2621.1221062332625,64.39153581053966,0.0,4382.163985995696,251.0,COMPLETE
972,61.54524917902693,2026-06-17 08:22:54.566723,2026-06-17 08:28:46.998191,0 days 00:05:52.431468,5.0,0.03,1.4,2.2,0.06,1.1,1.7000000000000002,-41.95360943424255,-41.95360943424255,278.2652879355602,2056.9356218885077,2603.493652042747,61.54524917902693,0.0,4382.163985995696,246.0,COMPLETE
973,64.39153581053966,2026-06-17 08:22:59.509168,2026-06-17 08:28:47.563630,0 days 00:05:48.054462,5.0,0.03,1.3,2.2,0.06,1.1,1.7000000000000002,-41.95360943424255,-41.95360943424255,453.23897238570066,2214.2808521481325,2621.1221062332625,64.39153581053966,0.0,4382.163985995696,251.0,COMPLETE
974,61.54524917902693,2026-06-17 08:23:31.739946,2026-06-17 08:29:20.188061,0 days 00:05:48.448115,5.0,0.03,1.4,2.2,0.06,1.1,1.7000000000000002,-41.95360943424255,-41.95360943424255,278.2652879355602,2056.9356218885077,2603.493652042747,61.54524917902693,0.0,4382.163985995696,246.0,COMPLETE
975,64.39153581053966,2026-06-17 08:24:09.557785,2026-06-17 08:29:58.515901,0 days 00:05:48.958116,5.0,0.03,1.3,2.2,0.06,1.1,1.7000000000000002,-41.95360943424255,-41.95360943424255,453.23897238570066,2214.2808521481325,2621.1221062332625,64.39153581053966,0.0,4382.163985995696,251.0,COMPLETE
976,64.39153581053966,2026-06-17 08:25:13.108670,2026-06-17 08:31:02.729111,0 days 00:05:49.620441,5.0,0.03,1.3,2.2,0.06,1.1,1.7000000000000002,-41.95360943424255,-41.95360943424255,453.23897238570066,2214.2808521481325,2621.1221062332625,64.39153581053966,0.0,4382.163985995696,251.0,COMPLETE
977,64.39153581053966,2026-06-17 08:25:25.484303,2026-06-17 08:31:15.143267,0 days 00:05:49.658964,5.0,0.03,1.3,2.2,0.06,1.1,1.7000000000000002,-41.95360943424255,-41.95360943424255,453.23897238570066,2214.2808521481325,2621.1221062332625,64.39153581053966,0.0,4382.163985995696,251.0,COMPLETE
978,57.07921781469431,2026-06-17 08:25:38.316262,2026-06-17 08:31:29.015439,0 days 00:05:50.699177,5.0,0.03,1.3,2.1,0.06,1.1,1.7000000000000002,-41.95360943424255,-41.95360943424255,368.61604804903675,2186.09660180009,2564.6834322446425,57.07921781469431,0.0,4382.163985995696,253.0,COMPLETE
979,64.59092979061512,2026-06-17 08:26:53.223726,2026-06-17 08:32:44.714011,0 days 00:05:51.490285,5.0,0.03,1.5,2.0,0.06,1.1,1.7000000000000002,-41.95360943424255,-41.95360943424255,465.61608498641874,2207.394788395965,2640.3852825861486,64.59092979061512,0.0,4382.163985995696,249.0,COMPLETE
980,45.8220206363091,2026-06-17 08:27:20.021432,2026-06-17 08:33:11.399254,0 days 00:05:51.377822,5.0,0.03,1.5,2.1,0.06,1.1,1.7000000000000002,-41.95360943424255,-41.95360943424255,-158.33116695671467,1738.9560948008384,2484.8767242381423,45.8220206363091,0.0,4382.163985995696,241.0,COMPLETE
981,45.8220206363091,2026-06-17 08:27:34.311090,2026-06-17 08:33:26.538479,0 days 00:05:52.227389,5.0,0.03,1.5,2.1,0.05,1.1,1.7000000000000002,-41.95360943424255,-41.95360943424255,-158.33116695671467,1738.9560948008384,2484.8767242381423,45.8220206363091,0.0,4382.163985995696,241.0,COMPLETE
982,57.07921781469431,2026-06-17 08:27:56.830904,2026-06-17 08:33:48.998397,0 days 00:05:52.167493,5.0,0.03,1.3,2.1,0.05,1.1,1.7000000000000002,-41.95360943424255,-41.95360943424255,368.61604804903675,2186.09660180009,2564.6834322446425,57.07921781469431,0.0,4382.163985995696,253.0,COMPLETE
983,61.54524917902693,2026-06-17 08:28:38.130599,2026-06-17 08:34:31.197955,0 days 00:05:53.067356,5.0,0.03,1.4,2.2,0.06,1.1,1.7000000000000002,-41.95360943424255,-41.95360943424255,278.2652879355602,2056.9356218885077,2603.493652042747,61.54524917902693,0.0,4382.163985995696,246.0,COMPLETE
984,45.8220206363091,2026-06-17 08:28:47.087957,2026-06-17 08:34:39.641200,0 days 00:05:52.553243,5.0,0.03,1.5,2.1,0.05,1.1,1.7000000000000002,-41.95360943424255,-41.95360943424255,-158.33116695671467,1738.9560948008384,2484.8767242381423,45.8220206363091,0.0,4382.163985995696,241.0,COMPLETE
985,64.605166955541,2026-06-17 08:28:47.653515,2026-06-17 08:34:35.726520,0 days 00:05:48.073005,5.0,0.03,1.4,2.1,0.05,1.1,1.7000000000000002,-41.95360943424255,-41.95360943424255,466.3623034543605,2227.4610236487847,2621.0652658012705,64.605166955541,0.0,4382.163985995696,250.0,COMPLETE
986,57.07921781469431,2026-06-17 08:29:20.275649,2026-06-17 08:35:09.039483,0 days 00:05:48.763834,5.0,0.03,1.3,2.1,0.05,1.1,1.7000000000000002,-41.95360943424255,-41.95360943424255,368.61604804903675,2186.09660180009,2564.6834322446425,57.07921781469431,0.0,4382.163985995696,253.0,COMPLETE
987,64.605166955541,2026-06-17 08:29:58.604603,2026-06-17 08:35:48.157853,0 days 00:05:49.553250,5.0,0.03,1.4,2.1,0.05,1.1,1.7000000000000002,-41.95360943424255,-41.95360943424255,466.3623034543605,2227.4610236487847,2621.0652658012705,64.605166955541,0.0,4382.163985995696,250.0,COMPLETE
988,37.52722261875982,2026-06-17 08:31:02.818193,2026-06-17 08:36:53.124181,0 days 00:05:50.305988,5.0,0.03,1.5,2.2,0.02,1.1,1.8,-41.95360943424255,-41.95360943424255,-183.93302209318728,1707.7660496139529,2473.907961984511,37.52722261875982,0.0,4365.607033691652,240.0,COMPLETE
989,64.07877312443154,2026-06-17 08:31:15.232212,2026-06-17 08:37:05.699605,0 days 00:05:50.467393,5.0,0.03,1.4,2.1,0.05,1.1,1.8,-41.95360943424255,-41.95360943424255,466.3623034543605,2137.638521684508,2694.330815461504,64.07877312443154,0.0,4365.607033691652,250.0,COMPLETE
990,64.07877312443154,2026-06-17 08:31:29.107684,2026-06-17 08:37:19.891192,0 days 00:05:50.783508,5.0,0.03,1.4,2.1,0.05,1.1,1.8,-41.95360943424255,-41.95360943424255,466.3623034543605,2137.638521684508,2694.330815461504,64.07877312443154,0.0,4365.607033691652,250.0,COMPLETE
991,64.07877312443154,2026-06-17 08:32:44.791568,2026-06-17 08:38:36.758681,0 days 00:05:51.967113,5.0,0.03,1.4,2.1,0.05,1.1,1.8,-41.95360943424255,-41.95360943424255,466.3623034543605,2137.638521684508,2694.330815461504,64.07877312443154,0.0,4365.607033691652,250.0,COMPLETE
992,45.19578430704049,2026-06-17 08:33:11.477974,2026-06-17 08:39:03.202474,0 days 00:05:51.724500,5.0,0.03,1.5,2.1,0.05,1.1,1.8,-41.95360943424255,-41.95360943424255,-158.33116695671467,1649.1335928365615,2558.142273898375,45.19578430704049,0.0,4365.607033691652,241.0,COMPLETE
993,56.45530677520478,2026-06-17 08:33:26.613115,2026-06-17 08:39:19.022577,0 days 00:05:52.409462,5.0,0.03,1.3,2.1,0.05,1.1,1.8,-41.95360943424255,-41.95360943424255,368.61604804903675,2096.2740998358126,2637.9489819048754,56.45530677520478,0.0,4365.607033691652,253.0,COMPLETE
994,64.07877312443154,2026-06-17 08:33:49.074409,2026-06-17 08:39:41.634569,0 days 00:05:52.560160,5.0,0.03,1.4,2.1,0.05,1.1,1.8,-41.95360943424255,-41.95360943424255,466.3623034543605,2137.638521684508,2694.330815461504,64.07877312443154,0.0,4365.607033691652,250.0,COMPLETE
995,37.91455542683599,2026-06-17 08:34:31.274749,2026-06-17 08:40:24.220587,0 days 00:05:52.945838,5.0,0.03,1.6,2.1,0.05,1.1,1.8,-41.95360943424255,-41.95360943424255,-148.5102204436302,1706.811679187329,2510.2851340606917,37.91455542683599,0.0,4365.607033691652,239.0,COMPLETE
996,45.19578430704049,2026-06-17 08:34:35.804483,2026-06-17 08:40:24.751364,0 days 00:05:48.946881,5.0,0.03,1.5,2.1,0.05,1.1,1.8,-41.95360943424255,-41.95360943424255,-158.33116695671467,1649.1335928365615,2558.142273898375,45.19578430704049,0.0,4365.607033691652,241.0,COMPLETE
997,37.91455542683599,2026-06-17 08:34:39.718724,2026-06-17 08:40:32.434074,0 days 00:05:52.715350,5.0,0.03,1.6,2.1,0.05,1.0,1.8,-41.95360943424255,-41.95360943424255,-148.5102204436302,1706.811679187329,2510.2851340606917,37.91455542683599,0.0,4365.607033691652,239.0,COMPLETE
998,36.30681672645505,2026-06-17 08:35:09.125616,2026-06-17 08:40:58.558520,0 days 00:05:49.432904,5.0,0.03,1.6,2.0,0.05,1.0,1.8,-41.95360943424255,-41.95360943424255,-238.39191566247695,1647.7009853770137,2479.5141326521602,36.30681672645505,0.0,4365.607033691652,241.0,COMPLETE
999,64.07877312443154,2026-06-17 08:35:48.229886,2026-06-17 08:41:37.546203,0 days 00:05:49.316317,5.0,0.03,1.4,2.1,0.05,1.0,1.8,-41.95360943424255,-41.95360943424255,466.3623034543605,2137.638521684508,2694.330815461504,64.07877312443154,0.0,4365.607033691652,250.0,COMPLETE
1000,64.07877312443154,2026-06-17 08:36:53.204304,2026-06-17 08:42:43.237338,0 days 00:05:50.033034,5.0,0.03,1.4,2.1,0.05,1.0,1.8,-41.95360943424255,-41.95360943424255,466.3623034543605,2137.638521684508,2694.330815461504,64.07877312443154,0.0,4365.607033691652,250.0,COMPLETE
1001,64.07877312443154,2026-06-17 08:37:05.778592,2026-06-17 08:42:56.625707,0 days 00:05:50.847115,5.0,0.03,1.4,2.1,0.05,1.0,1.8,-41.95360943424255,-41.95360943424255,466.3623034543605,2137.638521684508,2694.330815461504,64.07877312443154,0.0,4365.607033691652,250.0,COMPLETE
1002,62.49563819987137,2026-06-17 08:37:19.969985,2026-06-17 08:43:10.103416,0 days 00:05:50.133431,5.0,0.03,1.4,2.1,0.05,1.0,1.9,-41.95360943424255,-41.95360943424255,466.3623034543605,2049.45843830422,2700.0337111983135,62.49563819987137,0.0,4283.129846048172,250.0,COMPLETE
1003,63.165321672642385,2026-06-17 08:38:36.830022,2026-06-17 08:44:28.201742,0 days 00:05:51.371720,5.0,0.03,1.4,2.0,0.05,1.0,1.9,-41.95360943424255,-41.95360943424255,507.33199160274023,2055.077727066341,2735.3841105845727,63.165321672642385,0.0,4283.129846048172,252.0,COMPLETE
1004,63.165321672642385,2026-06-17 08:39:03.280495,2026-06-17 08:44:54.458185,0 days 00:05:51.177690,5.0,0.03,1.4,2.0,0.05,1.0,1.9,-41.95360943424255,-41.95360943424255,507.33199160274023,2055.077727066341,2735.3841105845727,63.165321672642385,0.0,4283.129846048172,252.0,COMPLETE
1005,63.165321672642385,2026-06-17 08:39:19.095320,2026-06-17 08:45:10.909472,0 days 00:05:51.814152,5.0,0.03,1.4,2.0,0.05,1.0,1.9,-41.95360943424255,-41.95360943424255,507.33199160274023,2055.077727066341,2735.3841105845727,63.165321672642385,0.0,4283.129846048172,252.0,COMPLETE
1006,63.165321672642385,2026-06-17 08:39:41.711019,2026-06-17 08:45:33.318493,0 days 00:05:51.607474,5.0,0.03,1.4,2.0,0.05,1.0,1.9,-41.95360943424255,-41.95360943424255,507.33199160274023,2055.077727066341,2735.3841105845727,63.165321672642385,0.0,4283.129846048172,252.0,COMPLETE
1007,63.165321672642385,2026-06-17 08:40:24.295056,2026-06-17 08:46:16.851425,0 days 00:05:52.556369,5.0,0.03,1.4,2.0,0.05,1.0,1.9,-41.95360943424255,-41.95360943424255,507.33199160274023,2055.077727066341,2735.3841105845727,63.165321672642385,0.0,4283.129846048172,252.0,COMPLETE
1008,63.165321672642385,2026-06-17 08:40:24.835227,2026-06-17 08:46:12.649395,0 days 00:05:47.814168,5.0,0.03,1.4,2.0,0.05,1.0,1.9,-41.95360943424255,-41.95360943424255,507.33199160274023,2055.077727066341,2735.3841105845727,63.165321672642385,0.0,4283.129846048172,252.0,COMPLETE
1009,64.74813708115997,2026-06-17 08:40:32.506173,2026-06-17 08:46:25.464991,0 days 00:05:52.958818,5.0,0.03,1.4,2.0,0.05,1.0,1.8,-41.95360943424255,-41.95360943424255,507.33199160274023,2143.2578104466284,2729.6812148477625,64.74813708115997,0.0,4365.607033691652,252.0,COMPLETE
1010,64.74813708115997,2026-06-17 08:40:58.631176,2026-06-17 08:46:47.308189,0 days 00:05:48.677013,5.0,0.03,1.4,2.0,0.05,1.1,1.8,-41.95360943424255,-41.95360943424255,507.33199160274023,2143.2578104466284,2729.6812148477625,64.74813708115997,0.0,4365.607033691652,252.0,COMPLETE
1011,63.165321672642385,2026-06-17 08:41:37.623923,2026-06-17 08:47:26.409019,0 days 00:05:48.785096,5.0,0.03,1.4,2.0,0.05,1.0,1.9,-41.95360943424255,-41.95360943424255,507.33199160274023,2055.077727066341,2735.3841105845727,63.165321672642385,0.0,4283.129846048172,252.0,COMPLETE
1012,63.165321672642385,2026-06-17 08:42:43.313765,2026-06-17 08:48:33.839082,0 days 00:05:50.525317,5.0,0.03,1.4,2.0,0.05,1.0,1.9,-41.95360943424255,-41.95360943424255,507.33199160274023,2055.077727066341,2735.3841105845727,63.165321672642385,0.0,4283.129846048172,252.0,COMPLETE
1013,63.165321672642385,2026-06-17 08:42:56.703919,2026-06-17 08:48:47.167397,0 days 00:05:50.463478,5.0,0.03,1.4,2.0,0.05,1.0,1.9,-41.95360943424255,-41.95360943424255,507.33199160274023,2055.077727066341,2735.3841105845727,63.165321672642385,0.0,4283.129846048172,252.0,COMPLETE
1014,63.165321672642385,2026-06-17 08:43:10.181637,2026-06-17 08:49:00.322991,0 days 00:05:50.141354,5.0,0.03,1.4,2.0,0.05,1.0,1.9,-41.95360943424255,-41.95360943424255,507.33199160274023,2055.077727066341,2735.3841105845727,63.165321672642385,0.0,4283.129846048172,252.0,COMPLETE
1015,63.165321672642385,2026-06-17 08:44:28.278847,2026-06-17 08:50:19.923651,0 days 00:05:51.644804,5.0,0.03,1.4,2.0,0.05,1.0,1.9,-41.95360943424255,-41.95360943424255,507.33199160274023,2055.077727066341,2735.3841105845727,63.165321672642385,0.0,4283.129846048172,252.0,COMPLETE
1016,63.165321672642385,2026-06-17 08:44:54.534937,2026-06-17 08:50:46.162247,0 days 00:05:51.627310,5.0,0.03,1.4,2.0,0.05,1.0,1.9,-41.95360943424255,-41.95360943424255,507.33199160274023,2055.077727066341,2735.3841105845727,63.165321672642385,0.0,4283.129846048172,252.0,COMPLETE
1017,63.165321672642385,2026-06-17 08:45:10.988513,2026-06-17 08:51:03.213120,0 days 00:05:52.224607,5.0,0.03,1.4,2.0,0.05,1.0,1.9,-41.95360943424255,-41.95360943424255,507.33199160274023,2055.077727066341,2735.3841105845727,63.165321672642385,0.0,4283.129846048172,252.0,COMPLETE
1018,63.165321672642385,2026-06-17 08:45:33.397126,2026-06-17 08:51:25.543700,0 days 00:05:52.146574,5.0,0.03,1.4,2.0,0.05,1.0,1.9,-41.95360943424255,-41.95360943424255,507.33199160274023,2055.077727066341,2735.3841105845727,63.165321672642385,0.0,4283.129846048172,252.0,COMPLETE
1019,63.165321672642385,2026-06-17 08:46:12.725566,2026-06-17 08:52:00.699824,0 days 00:05:47.974258,5.0,0.03,1.4,2.0,0.05,1.0,1.9,-41.95360943424255,-41.95360943424255,507.33199160274023,2055.077727066341,2735.3841105845727,63.165321672642385,0.0,4283.129846048172,252.0,COMPLETE
1020,63.165321672642385,2026-06-17 08:46:17.028536,2026-06-17 08:52:10.277631,0 days 00:05:53.249095,5.0,0.03,1.4,2.0,0.05,1.0,1.9,-41.95360943424255,-41.95360943424255,507.33199160274023,2055.077727066341,2735.3841105845727,63.165321672642385,0.0,4283.129846048172,252.0,COMPLETE
1021,63.165321672642385,2026-06-17 08:46:25.552789,2026-06-17 08:52:18.614493,0 days 00:05:53.061704,5.0,0.03,1.4,2.0,0.05,1.0,1.9,-41.95360943424255,-41.95360943424255,507.33199160274023,2055.077727066341,2735.3841105845727,63.165321672642385,0.0,4283.129846048172,252.0,COMPLETE
1022,55.47493843271033,2026-06-17 08:46:47.393517,2026-06-17 08:52:36.207654,0 days 00:05:48.814137,5.0,0.03,1.4,1.9,0.05,1.0,1.9,-41.95360943424255,-41.95360943424255,427.5369470280338,2030.066690399911,2680.6001026762956,55.47493843271033,0.0,4283.129846048172,255.0,COMPLETE
1023,62.49563819987137,2026-06-17 08:47:26.497865,2026-06-17 08:53:15.920468,0 days 00:05:49.422603,5.0,0.03,1.4,2.1,0.05,1.0,1.9,-41.95360943424255,-41.95360943424255,466.3623034543605,2049.45843830422,2700.0337111983135,62.49563819987137,0.0,4283.129846048172,250.0,COMPLETE
1024,55.47493843271033,2026-06-17 08:48:33.929356,2026-06-17 08:54:24.351982,0 days 00:05:50.422626,5.0,0.03,1.4,1.9,0.05,1.0,1.9,-41.95360943424255,-41.95360943424255,427.5369470280338,2030.066690399911,2680.6001026762956,55.47493843271033,0.0,4283.129846048172,255.0,COMPLETE
1025,55.47493843271033,2026-06-17 08:48:47.255444,2026-06-17 08:54:37.980329,0 days 00:05:50.724885,5.0,0.03,1.4,1.9,0.05,1.0,1.9,-41.95360943424255,-41.95360943424255,427.5369470280338,2030.066690399911,2680.6001026762956,55.47493843271033,0.0,4283.129846048172,255.0,COMPLETE
1026,62.49563819987137,2026-06-17 08:49:00.409286,2026-06-17 08:54:51.000875,0 days 00:05:50.591589,5.0,0.03,1.4,2.1,0.05,1.0,1.9,-41.95360943424255,-41.95360943424255,466.3623034543605,2049.45843830422,2700.0337111983135,62.49563819987137,0.0,4283.129846048172,250.0,COMPLETE
1027,45.19578430704049,2026-06-17 08:50:20.010931,2026-06-17 08:56:11.139454,0 days 00:05:51.128523,5.0,0.03,1.5,2.1,0.05,1.0,1.8,-41.95360943424255,-41.95360943424255,-158.33116695671467,1649.1335928365615,2558.142273898375,45.19578430704049,0.0,4365.607033691652,241.0,COMPLETE
1028,45.19578430704049,2026-06-17 08:50:46.251041,2026-06-17 08:56:36.834768,0 days 00:05:50.583727,5.0,0.03,1.5,2.1,0.05,1.0,1.8,-41.95360943424255,-41.95360943424255,-158.33116695671467,1649.1335928365615,2558.142273898375,45.19578430704049,0.0,4365.607033691652,241.0,COMPLETE
1029,45.19578430704049,2026-06-17 08:51:03.322089,2026-06-17 08:56:54.875126,0 days 00:05:51.553037,5.0,0.03,1.5,2.1,0.05,1.0,1.8,-41.95360943424255,-41.95360943424255,-158.33116695671467,1649.1335928365615,2558.142273898375,45.19578430704049,0.0,4365.607033691652,241.0,COMPLETE
1030,65.26488283367748,2026-06-17 08:51:25.632462,2026-06-17 08:57:17.391529,0 days 00:05:51.759067,5.0,0.03,1.5,1.9,0.05,1.0,1.8,-41.95360943424255,-41.95360943424255,539.1881011267953,2158.8141209339733,2745.9810138844737,65.26488283367748,0.0,4365.607033691652,251.0,COMPLETE
1031,45.19578430704049,2026-06-17 08:52:00.788118,2026-06-17 08:57:49.020996,0 days 00:05:48.232878,5.0,0.03,1.5,2.1,0.05,1.0,1.8,-41.95360943424255,-41.95360943424255,-158.33116695671467,1649.1335928365615,2558.142273898375,45.19578430704049,0.0,4365.607033691652,241.0,COMPLETE
1032,45.19578430704049,2026-06-17 08:52:10.362973,2026-06-17 08:58:02.520070,0 days 00:05:52.157097,5.0,0.03,1.5,2.1,0.05,1.0,1.8,-41.95360943424255,-41.95360943424255,-158.33116695671467,1649.1335928365615,2558.142273898375,45.19578430704049,0.0,4365.607033691652,241.0,COMPLETE
1033,45.19578430704049,2026-06-17 08:52:18.691130,2026-06-17 08:58:10.773385,0 days 00:05:52.082255,5.0,0.02,1.5,2.1,0.05,1.0,1.8,-41.95360943424255,-41.95360943424255,-158.33116695671467,1649.1335928365615,2558.142273898375,45.19578430704049,0.0,4365.607033691652,241.0,COMPLETE
1034,45.19578430704049,2026-06-17 08:52:36.282324,2026-06-17 08:58:25.247438,0 days 00:05:48.965114,5.0,0.03,1.5,2.1,0.05,1.0,1.8,-41.95360943424255,-41.95360943424255,-158.33116695671467,1649.1335928365615,2558.142273898375,45.19578430704049,0.0,4365.607033691652,241.0,COMPLETE
1035,45.19578430704049,2026-06-17 08:53:15.995760,2026-06-17 08:59:04.418918,0 days 00:05:48.423158,5.0,0.03,1.5,2.1,0.05,1.0,1.8,-41.95360943424255,-41.95360943424255,-158.33116695671467,1649.1335928365615,2558.142273898375,45.19578430704049,0.0,4365.607033691652,241.0,COMPLETE
1036,45.19578430704049,2026-06-17 08:54:24.430614,2026-06-17 09:00:13.731739,0 days 00:05:49.301125,5.0,0.03,1.5,2.1,0.05,1.0,1.8,-41.95360943424255,-41.95360943424255,-158.33116695671467,1649.1335928365615,2558.142273898375,45.19578430704049,0.0,4365.607033691652,241.0,COMPLETE
1037,45.19578430704049,2026-06-17 08:54:38.147288,2026-06-17 09:00:28.288280,0 days 00:05:50.140992,5.0,0.03,1.5,2.1,0.05,1.0,1.8,-41.95360943424255,-41.95360943424255,-158.33116695671467,1649.1335928365615,2558.142273898375,45.19578430704049,0.0,4365.607033691652,241.0,COMPLETE
1038,45.19578430704049,2026-06-17 08:54:51.078113,2026-06-17 09:00:41.197146,0 days 00:05:50.119033,5.0,0.03,1.5,2.1,0.05,1.0,1.8,-41.95360943424255,-41.95360943424255,-158.33116695671467,1649.1335928365615,2558.142273898375,45.19578430704049,0.0,4365.607033691652,241.0,COMPLETE
1039,45.19578430704049,2026-06-17 08:56:11.215483,2026-06-17 09:02:02.213523,0 days 00:05:50.998040,5.0,0.03,1.5,2.1,0.05,1.0,1.8,-41.95360943424255,-41.95360943424255,-158.33116695671467,1649.1335928365615,2558.142273898375,45.19578430704049,0.0,4365.607033691652,241.0,COMPLETE
1040,45.19578430704049,2026-06-17 08:56:36.914620,2026-06-17 09:02:27.652047,0 days 00:05:50.737427,5.0,0.03,1.5,2.1,0.05,1.0,1.8,-41.95360943424255,-41.95360943424255,-158.33116695671467,1649.1335928365615,2558.142273898375,45.19578430704049,0.0,4365.607033691652,241.0,COMPLETE
1041,45.19578430704049,2026-06-17 08:56:54.954686,2026-06-17 09:02:46.686752,0 days 00:05:51.732066,5.0,0.03,1.5,2.1,0.05,1.0,1.8,-41.95360943424255,-41.95360943424255,-158.33116695671467,1649.1335928365615,2558.142273898375,45.19578430704049,0.0,4365.607033691652,241.0,COMPLETE
1042,45.19578430704049,2026-06-17 08:57:17.476095,2026-06-17 09:03:09.286912,0 days 00:05:51.810817,5.0,0.03,1.5,2.1,0.05,1.0,1.8,-41.95360943424255,-41.95360943424255,-158.33116695671467,1649.1335928365615,2558.142273898375,45.19578430704049,0.0,4365.607033691652,241.0,COMPLETE
1043,37.52722261875982,2026-06-17 08:57:49.108853,2026-06-17 09:03:36.779385,0 days 00:05:47.670532,5.0,0.02,1.5,2.2,0.05,1.0,1.8,-41.95360943424255,-41.95360943424255,-183.93302209318728,1707.7660496139529,2473.907961984511,37.52722261875982,0.0,4365.607033691652,240.0,COMPLETE
1044,37.52722261875982,2026-06-17 08:58:02.608230,2026-06-17 09:03:54.461408,0 days 00:05:51.853178,5.0,0.03,1.5,2.2,0.05,1.0,1.8,-41.95360943424255,-41.95360943424255,-183.93302209318728,1707.7660496139529,2473.907961984511,37.52722261875982,0.0,4365.607033691652,240.0,COMPLETE
1045,45.19578430704049,2026-06-17 08:58:10.864696,2026-06-17 09:04:03.111260,0 days 00:05:52.246564,5.0,0.02,1.5,2.1,0.05,1.0,1.8,-41.95360943424255,-41.95360943424255,-158.33116695671467,1649.1335928365615,2558.142273898375,45.19578430704049,0.0,4365.607033691652,241.0,COMPLETE
1046,-1290.0,2026-06-17 08:58:25.336635,2026-06-17 09:04:11.805840,0 days 00:05:46.469205,1.0,0.02,1.5,2.2,0.05,1.0,1.8,-42.866721052689634,-42.866721052689634,-66.6457683148455,-55.36548793353029,20.429596000933962,-1290.0,0.0,31.7098763822492,21.0,COMPLETE
1047,55.90977874512358,2026-06-17 08:59:04.507554,2026-06-17 09:04:53.295421,0 days 00:05:48.787867,4.0,0.03,1.4,2.2,0.05,1.0,1.8,-41.95360943424255,-41.95360943424255,278.2652879355602,1795.3334095790308,2369.012205549145,55.90977874512358,0.0,3886.0803271926197,246.0,COMPLETE
1048,61.018303683679385,2026-06-17 09:00:13.816462,2026-06-17 09:06:04.173042,0 days 00:05:50.356580,5.0,0.03,1.4,2.2,0.05,1.0,1.8,-41.95360943424255,-41.95360943424255,278.2652879355602,1967.113119924231,2676.7592017029797,61.018303683679385,0.0,4365.607033691652,246.0,COMPLETE
1049,61.018303683679385,2026-06-17 09:00:28.375776,2026-06-17 09:06:18.576924,0 days 00:05:50.201148,5.0,0.03,1.4,2.2,0.05,1.0,1.8,-41.95360943424255,-41.95360943424255,278.2652879355602,1967.113119924231,2676.7592017029797,61.018303683679385,0.0,4365.607033691652,246.0,COMPLETE
1050,61.018303683679385,2026-06-17 09:00:41.283512,2026-06-17 09:06:31.528264,0 days 00:05:50.244752,5.0,0.02,1.4,2.2,0.05,1.0,1.8,-41.95360943424255,-41.95360943424255,278.2652879355602,1967.113119924231,2676.7592017029797,61.018303683679385,0.0,4365.607033691652,246.0,COMPLETE
1051,61.018303683679385,2026-06-17 09:02:02.300367,2026-06-17 09:07:53.975880,0 days 00:05:51.675513,5.0,0.03,1.4,2.2,0.05,1.0,1.8,-41.95360943424255,-41.95360943424255,278.2652879355602,1967.113119924231,2676.7592017029797,61.018303683679385,0.0,4365.607033691652,246.0,COMPLETE
1052,61.018303683679385,2026-06-17 09:02:27.741300,2026-06-17 09:08:19.387369,0 days 00:05:51.646069,5.0,0.02,1.4,2.2,0.05,1.0,1.8,-41.95360943424255,-41.95360943424255,278.2652879355602,1967.113119924231,2676.7592017029797,61.018303683679385,0.0,4365.607033691652,246.0,COMPLETE
1053,61.018303683679385,2026-06-17 09:02:46.776854,2026-06-17 09:08:38.582969,0 days 00:05:51.806115,5.0,0.03,1.4,2.2,0.05,1.0,1.8,-41.95360943424255,-41.95360943424255,278.2652879355602,1967.113119924231,2676.7592017029797,61.018303683679385,0.0,4365.607033691652,246.0,COMPLETE
1054,61.018303683679385,2026-06-17 09:03:09.364090,2026-06-17 09:09:01.924241,0 days 00:05:52.560151,5.0,0.03,1.4,2.2,0.05,1.0,1.8,-41.95360943424255,-41.95360943424255,278.2652879355602,1967.113119924231,2676.7592017029797,61.018303683679385,0.0,4365.607033691652,246.0,COMPLETE
1055,61.018303683679385,2026-06-17 09:03:36.854188,2026-06-17 09:09:25.393387,0 days 00:05:48.539199,5.0,0.03,1.4,2.2,0.05,1.0,1.8,-41.95360943424255,-41.95360943424255,278.2652879355602,1967.113119924231,2676.7592017029797,61.018303683679385,0.0,4365.607033691652,246.0,COMPLETE
1056,61.018303683679385,2026-06-17 09:03:54.528214,2026-06-17 09:09:48.055983,0 days 00:05:53.527769,5.0,0.03,1.4,2.2,0.05,1.0,1.8,-41.95360943424255,-41.95360943424255,278.2652879355602,1967.113119924231,2676.7592017029797,61.018303683679385,0.0,4365.607033691652,246.0,COMPLETE
1057,61.018303683679385,2026-06-17 09:04:03.189764,2026-06-17 09:09:56.078468,0 days 00:05:52.888704,5.0,0.03,1.4,2.2,0.05,1.0,1.8,-41.95360943424255,-41.95360943424255,278.2652879355602,1967.113119924231,2676.7592017029797,61.018303683679385,0.0,4365.607033691652,246.0,COMPLETE
1058,57.149396682214665,2026-06-17 09:04:11.880755,2026-06-17 09:10:00.206819,0 days 00:05:48.326064,5.0,0.03,1.4,1.9,0.05,1.0,1.8,-41.95360943424255,-41.95360943424255,427.5369470280338,2118.246773780199,2674.8972069394854,57.149396682214665,0.0,4365.607033691652,255.0,COMPLETE
1059,49.19326798161497,2026-06-17 09:04:53.371764,2026-06-17 09:10:43.088490,0 days 00:05:49.716726,5.0,0.03,1.4,1.8,0.05,1.0,1.8,-41.95360943424255,-41.95360943424255,117.71252990583497,2146.5428923849554,2336.776671212531,49.19326798161497,0.0,4365.607033691652,254.0,COMPLETE
1060,49.19326798161497,2026-06-17 09:06:04.254467,2026-06-17 09:11:53.993899,0 days 00:05:49.739432,5.0,0.03,1.4,1.8,0.05,1.0,1.8,-41.95360943424255,-41.95360943424255,117.71252990583497,2146.5428923849554,2336.776671212531,49.19326798161497,0.0,4365.607033691652,254.0,COMPLETE
1061,61.018303683679385,2026-06-17 09:06:18.656610,2026-06-17 09:12:08.823398,0 days 00:05:50.166788,5.0,0.03,1.4,2.2,0.05,1.0,1.8,-41.95360943424255,-41.95360943424255,278.2652879355602,1967.113119924231,2676.7592017029797,61.018303683679385,0.0,4365.607033691652,246.0,COMPLETE
1062,61.018303683679385,2026-06-17 09:06:31.603907,2026-06-17 09:12:21.415960,0 days 00:05:49.812053,5.0,0.03,1.4,2.2,0.05,1.0,1.8,-41.95360943424255,-41.95360943424255,278.2652879355602,1967.113119924231,2676.7592017029797,61.018303683679385,0.0,4365.607033691652,246.0,COMPLETE
1063,57.149396682214665,2026-06-17 09:07:54.051619,2026-06-17 09:13:45.660601,0 days 00:05:51.608982,5.0,0.03,1.4,1.9,0.05,1.0,1.8,-41.95360943424255,-41.95360943424255,427.5369470280338,2118.246773780199,2674.8972069394854,57.149396682214665,0.0,4365.607033691652,255.0,COMPLETE
1064,57.149396682214665,2026-06-17 09:08:19.464909,2026-06-17 09:14:10.438178,0 days 00:05:50.973269,5.0,0.03,1.4,1.9,0.05,1.0,1.8,-41.95360943424255,-41.95360943424255,427.5369470280338,2118.246773780199,2674.8972069394854,57.149396682214665,0.0,4365.607033691652,255.0,COMPLETE
1065,57.149396682214665,2026-06-17 09:08:38.659327,2026-06-17 09:14:31.514427,0 days 00:05:52.855100,5.0,0.03,1.4,1.9,0.05,1.0,1.8,-41.95360943424255,-41.95360943424255,427.5369470280338,2118.246773780199,2674.8972069394854,57.149396682214665,0.0,4365.607033691652,255.0,COMPLETE
1066,64.07877312443154,2026-06-17 09:09:02.000816,2026-06-17 09:14:53.881862,0 days 00:05:51.881046,5.0,0.03,1.4,2.1,0.05,1.0,1.8,-41.95360943424255,-41.95360943424255,466.3623034543605,2137.638521684508,2694.330815461504,64.07877312443154,0.0,4365.607033691652,250.0,COMPLETE
1067,57.149396682214665,2026-06-17 09:09:25.470324,2026-06-17 09:15:13.599483,0 days 00:05:48.129159,5.0,0.03,1.4,1.9,0.05,1.0,1.8,-41.95360943424255,-41.95360943424255,427.5369470280338,2118.246773780199,2674.8972069394854,57.149396682214665,0.0,4365.607033691652,255.0,COMPLETE
1068,57.149396682214665,2026-06-17 09:09:48.132300,2026-06-17 09:15:40.968728,0 days 00:05:52.836428,5.0,0.03,1.4,1.9,0.05,1.0,1.8,-41.95360943424255,-41.95360943424255,427.5369470280338,2118.246773780199,2674.8972069394854,57.149396682214665,0.0,4365.607033691652,255.0,COMPLETE
1069,49.19326798161497,2026-06-17 09:09:56.157059,2026-06-17 09:15:49.346708,0 days 00:05:53.189649,5.0,0.03,1.4,1.8,0.05,1.0,1.8,-41.95360943424255,-41.95360943424255,117.71252990583497,2146.5428923849554,2336.776671212531,49.19326798161497,0.0,4365.607033691652,254.0,COMPLETE
1070,49.19326798161497,2026-06-17 09:10:00.285674,2026-06-17 09:15:48.853109,0 days 00:05:48.567435,5.0,0.03,1.4,1.8,0.05,1.0,1.8,-41.95360943424255,-41.95360943424255,117.71252990583497,2146.5428923849554,2336.776671212531,49.19326798161497,0.0,4365.607033691652,254.0,COMPLETE
1071,57.149396682214665,2026-06-17 09:10:43.165920,2026-06-17 09:16:31.864974,0 days 00:05:48.699054,5.0,0.03,1.4,1.9,0.05,1.0,1.8,-41.95360943424255,-41.95360943424255,427.5369470280338,2118.246773780199,2674.8972069394854,57.149396682214665,0.0,4365.607033691652,255.0,COMPLETE
1072,64.07877312443154,2026-06-17 09:11:54.070348,2026-06-17 09:17:44.136605,0 days 00:05:50.066257,5.0,0.03,1.4,2.1,0.05,1.0,1.8,-41.95360943424255,-41.95360943424255,466.3623034543605,2137.638521684508,2694.330815461504,64.07877312443154,0.0,4365.607033691652,250.0,COMPLETE
1073,35.791930231883846,2026-06-17 09:12:08.902553,2026-06-17 09:17:58.966056,0 days 00:05:50.063503,2.0,0.03,1.4,2.1,0.05,1.0,2.0,-41.95360943424255,-41.95360943424255,428.8198796885181,1230.4378290502807,1406.016610653156,35.791930231883846,0.0,2207.634560014919,250.0,COMPLETE
1074,64.07877312443154,2026-06-17 09:12:21.493826,2026-06-17 09:18:10.977459,0 days 00:05:49.483633,5.0,0.03,1.4,2.1,0.05,1.0,1.8,-41.95360943424255,-41.95360943424255,466.3623034543605,2137.638521684508,2694.330815461504,64.07877312443154,0.0,4365.607033691652,250.0,COMPLETE
1075,64.07877312443154,2026-06-17 09:13:45.739302,2026-06-17 09:19:36.944970,0 days 00:05:51.205668,5.0,0.03,1.4,2.1,0.05,1.0,1.8,-41.95360943424255,-41.95360943424255,466.3623034543605,2137.638521684508,2694.330815461504,64.07877312443154,0.0,4365.607033691652,250.0,COMPLETE
1076,64.07877312443154,2026-06-17 09:14:10.517868,2026-06-17 09:20:01.648425,0 days 00:05:51.130557,5.0,0.03,1.4,2.1,0.05,1.0,1.8,-41.95360943424255,-41.95360943424255,466.3623034543605,2137.638521684508,2694.330815461504,64.07877312443154,0.0,4365.607033691652,250.0,COMPLETE
1077,59.567440580445556,2026-06-17 09:14:31.592067,2026-06-17 09:20:24.062893,0 days 00:05:52.470826,5.0,0.03,1.4,2.1,0.05,1.0,2.0,-41.95360943424255,-41.95360943424255,466.3623034543605,1959.3853166307445,2624.235927473504,59.567440580445556,0.0,4117.2589406498855,250.0,COMPLETE
1078,64.07877312443154,2026-06-17 09:14:53.956864,2026-06-17 09:20:45.713665,0 days 00:05:51.756801,5.0,0.03,1.4,2.1,0.05,1.0,1.8,-41.95360943424255,-41.95360943424255,466.3623034543605,2137.638521684508,2694.330815461504,64.07877312443154,0.0,4365.607033691652,250.0,COMPLETE
1079,64.07877312443154,2026-06-17 09:15:13.675189,2026-06-17 09:21:01.626992,0 days 00:05:47.951803,5.0,0.03,1.4,2.1,0.05,1.0,1.8,-41.95360943424255,-41.95360943424255,466.3623034543605,2137.638521684508,2694.330815461504,64.07877312443154,0.0,4365.607033691652,250.0,COMPLETE
1080,62.49563819987137,2026-06-17 09:15:41.046458,2026-06-17 09:21:34.377921,0 days 00:05:53.331463,5.0,0.03,1.4,2.1,0.05,1.0,1.9,-41.95360943424255,-41.95360943424255,466.3623034543605,2049.45843830422,2700.0337111983135,62.49563819987137,0.0,4283.129846048172,250.0,COMPLETE
1081,62.49563819987137,2026-06-17 09:15:48.926797,2026-06-17 09:21:38.071908,0 days 00:05:49.145111,5.0,0.03,1.4,2.1,0.05,1.0,1.9,-41.95360943424255,-41.95360943424255,466.3623034543605,2049.45843830422,2700.0337111983135,62.49563819987137,0.0,4283.129846048172,250.0,COMPLETE
1082,62.49563819987137,2026-06-17 09:15:49.453701,2026-06-17 09:21:42.104312,0 days 00:05:52.650611,5.0,0.03,1.4,2.1,0.05,1.0,1.9,-41.95360943424255,-41.95360943424255,466.3623034543605,2049.45843830422,2700.0337111983135,62.49563819987137,0.0,4283.129846048172,250.0,COMPLETE
1083,64.07877312443154,2026-06-17 09:16:31.958608,2026-06-17 09:22:20.656607,0 days 00:05:48.697999,5.0,0.03,1.4,2.1,0.05,1.0,1.8,-41.95360943424255,-41.95360943424255,466.3623034543605,2137.638521684508,2694.330815461504,64.07877312443154,0.0,4365.607033691652,250.0,COMPLETE
1084,36.09200333922091,2026-06-17 09:17:44.215386,2026-06-17 09:23:34.618486,0 days 00:05:50.403100,2.0,0.03,1.4,2.1,0.05,1.0,1.9,-41.95360943424255,-41.95360943424255,428.8198796885181,1240.8372574392113,1411.3362833027377,36.09200333922091,0.0,2223.3536610534316,250.0,COMPLETE
1085,62.49563819987137,2026-06-17 09:17:59.043827,2026-06-17 09:23:49.341390,0 days 00:05:50.297563,5.0,0.03,1.4,2.1,0.05,1.0,1.9,-41.95360943424255,-41.95360943424255,466.3623034543605,2049.45843830422,2700.0337111983135,62.49563819987137,0.0,4283.129846048172,250.0,COMPLETE
1086,62.49563819987137,2026-06-17 09:18:11.066049,2026-06-17 09:24:01.446986,0 days 00:05:50.380937,5.0,0.03,1.4,2.1,0.05,1.0,1.9,-41.95360943424255,-41.95360943424255,466.3623034543605,2049.45843830422,2700.0337111983135,62.49563819987137,0.0,4283.129846048172,250.0,COMPLETE
1087,62.49563819987137,2026-06-17 09:19:37.026396,2026-06-17 09:25:28.462639,0 days 00:05:51.436243,5.0,0.03,1.4,2.1,0.05,1.0,1.9,-41.95360943424255,-41.95360943424255,466.3623034543605,2049.45843830422,2700.0337111983135,62.49563819987137,0.0,4283.129846048172,250.0,COMPLETE
1088,62.49563819987137,2026-06-17 09:20:01.732754,2026-06-17 09:25:53.166478,0 days 00:05:51.433724,5.0,0.03,1.4,2.1,0.05,1.0,1.9,-41.95360943424255,-41.95360943424255,466.3623034543605,2049.45843830422,2700.0337111983135,62.49563819987137,0.0,4283.129846048172,250.0,COMPLETE
1089,60.79501395335292,2026-06-17 09:20:24.135083,2026-06-17 09:26:15.635885,0 days 00:05:51.500802,4.5,0.03,1.4,2.0,0.05,1.0,1.9,-41.95360943424255,-41.95360943424255,507.33199160274023,1992.0266188005055,2601.0594483453433,60.79501395335292,0.0,4085.754075543109,252.0,COMPLETE
1090,41.2094680271115,2026-06-17 09:20:45.796868,2026-06-17 09:26:37.677752,0 days 00:05:51.880884,4.5,0.03,1.5,2.1,0.05,1.0,1.9,-41.95360943424255,-41.95360943424255,-158.33116695671467,1497.9024011904387,2429.520507395955,41.2094680271115,0.0,4085.754075543109,241.0,COMPLETE
1091,60.110580931764254,2026-06-17 09:21:01.704069,2026-06-17 09:26:50.035765,0 days 00:05:48.331696,4.5,0.03,1.5,2.0,0.05,1.0,1.9,-41.95360943424255,-41.95360943424255,465.61608498641874,1966.3410947855652,2585.029065743962,60.110580931764254,0.0,4085.754075543109,249.0,COMPLETE
1092,60.110580931764254,2026-06-17 09:21:34.453940,2026-06-17 09:27:26.665744,0 days 00:05:52.211804,4.5,0.03,1.5,2.0,0.05,1.0,1.9,-41.95360943424255,-41.95360943424255,465.61608498641874,1966.3410947855652,2585.029065743962,60.110580931764254,0.0,4085.754075543109,249.0,COMPLETE
1093,60.110580931764254,2026-06-17 09:21:38.149656,2026-06-17 09:27:26.551869,0 days 00:05:48.402213,4.5,0.03,1.5,2.0,0.05,1.0,1.9,-41.95360943424255,-41.95360943424255,465.61608498641874,1966.3410947855652,2585.029065743962,60.110580931764254,0.0,4085.754075543109,249.0,COMPLETE
1094,60.110580931764254,2026-06-17 09:21:42.183425,2026-06-17 09:27:34.094655,0 days 00:05:51.911230,4.5,0.03,1.5,2.0,0.05,1.0,1.9,-41.95360943424255,-41.95360943424255,465.61608498641874,1966.3410947855652,2585.029065743962,60.110580931764254,0.0,4085.754075543109,249.0,COMPLETE
1095,60.110580931764254,2026-06-17 09:22:20.736923,2026-06-17 09:28:10.172265,0 days 00:05:49.435342,4.5,0.03,1.5,2.0,0.05,1.0,1.9,-41.95360943424255,-41.95360943424255,465.61608498641874,1966.3410947855652,2585.029065743962,60.110580931764254,0.0,4085.754075543109,249.0,COMPLETE
1096,62.4812178315564,2026-06-17 09:23:34.707274,2026-06-17 09:29:24.493815,0 days 00:05:49.786541,5.0,0.03,1.5,2.0,0.05,1.0,1.9,-41.95360943424255,-41.95360943424255,465.61608498641874,2029.3922030514002,2719.353727983191,62.4812178315564,0.0,4283.129846048172,249.0,COMPLETE
1097,60.110580931764254,2026-06-17 09:23:49.419126,2026-06-17 09:29:39.220888,0 days 00:05:49.801762,4.5,0.03,1.5,2.0,0.05,1.0,1.9,-41.95360943424255,-41.95360943424255,465.61608498641874,1966.3410947855652,2585.029065743962,60.110580931764254,0.0,4085.754075543109,249.0,COMPLETE
1098,61.418494742779615,2026-06-17 09:24:01.525565,2026-06-17 09:29:51.546753,0 days 00:05:50.021188,4.5,0.03,1.5,2.0,0.05,1.0,1.8,-41.95360943424255,-41.95360943424255,465.61608498641874,2042.8282262890286,2574.3676904915906,61.418494742779615,0.0,4151.5798317942035,249.0,COMPLETE
1099,61.418494742779615,2026-06-17 09:25:28.539894,2026-06-17 09:31:20.125984,0 days 00:05:51.586090,4.5,0.03,1.5,2.0,0.05,1.0,1.8,-41.95360943424255,-41.95360943424255,465.61608498641874,2042.8282262890286,2574.3676904915906,61.418494742779615,0.0,4151.5798317942035,249.0,COMPLETE
1100,61.418494742779615,2026-06-17 09:25:53.236878,2026-06-17 09:31:44.290133,0 days 00:05:51.053255,4.5,0.03,1.5,2.0,0.05,1.0,1.8,-41.95360943424255,-41.95360943424255,465.61608498641874,2042.8282262890286,2574.3676904915906,61.418494742779615,0.0,4151.5798317942035,249.0,COMPLETE
1101,61.418494742779615,2026-06-17 09:26:15.712617,2026-06-17 09:32:07.207591,0 days 00:05:51.494974,4.5,0.03,1.5,2.0,0.05,1.0,1.8,-41.95360943424255,-41.95360943424255,465.61608498641874,2042.8282262890286,2574.3676904915906,61.418494742779615,0.0,4151.5798317942035,249.0,COMPLETE
1102,64.06444730401383,2026-06-17 09:26:37.753233,2026-06-17 09:32:30.347656,0 days 00:05:52.594423,5.0,0.03,1.5,2.0,0.05,1.0,1.8,-41.95360943424255,-41.95360943424255,465.61608498641874,2117.5722864316886,2713.650832246381,64.06444730401383,0.0,4365.607033691652,249.0,COMPLETE
1103,64.06444730401383,2026-06-17 09:26:50.111794,2026-06-17 09:32:38.160120,0 days 00:05:48.048326,5.0,0.03,1.5,2.0,0.05,1.0,1.8,-41.95360943424255,-41.95360943424255,465.61608498641874,2117.5722864316886,2713.650832246381,64.06444730401383,0.0,4365.607033691652,249.0,COMPLETE
1104,64.74813708115997,2026-06-17 09:27:26.718794,2026-06-17 09:33:15.394735,0 days 00:05:48.675941,5.0,0.03,1.4,2.0,0.05,1.0,1.8,-41.95360943424255,-41.95360943424255,507.33199160274023,2143.2578104466284,2729.6812148477625,64.74813708115997,0.0,4365.607033691652,252.0,COMPLETE
1105,64.74813708115997,2026-06-17 09:27:26.743907,2026-06-17 09:33:19.300006,0 days 00:05:52.556099,5.0,0.03,1.4,2.0,0.05,1.0,1.8,-41.95360943424255,-41.95360943424255,507.33199160274023,2143.2578104466284,2729.6812148477625,64.74813708115997,0.0,4365.607033691652,252.0,COMPLETE
1106,64.74813708115997,2026-06-17 09:27:34.174267,2026-06-17 09:33:26.712437,0 days 00:05:52.538170,5.0,0.03,1.4,2.0,0.05,1.0,1.8,-41.95360943424255,-41.95360943424255,507.33199160274023,2143.2578104466284,2729.6812148477625,64.74813708115997,0.0,4365.607033691652,252.0,COMPLETE
1107,64.74813708115997,2026-06-17 09:28:10.249784,2026-06-17 09:33:59.007385,0 days 00:05:48.757601,5.0,0.03,1.4,2.0,0.05,1.0,1.8,-41.95360943424255,-41.95360943424255,507.33199160274023,2143.2578104466284,2729.6812148477625,64.74813708115997,0.0,4365.607033691652,252.0,COMPLETE
1108,64.07877312443154,2026-06-17 09:29:24.568370,2026-06-17 09:35:14.335550,0 days 00:05:49.767180,5.0,0.03,1.4,2.1,0.05,1.0,1.8,-41.95360943424255,-41.95360943424255,466.3623034543605,2137.638521684508,2694.330815461504,64.07877312443154,0.0,4365.607033691652,250.0,COMPLETE
1109,37.91455542683599,2026-06-17 09:29:39.296206,2026-06-17 09:35:29.323005,0 days 00:05:50.026799,5.0,0.03,1.6,2.1,0.05,1.0,1.8,-41.95360943424255,-41.95360943424255,-148.5102204436302,1706.811679187329,2510.2851340606917,37.91455542683599,0.0,4365.607033691652,239.0,COMPLETE
1110,37.91455542683599,2026-06-17 09:29:51.623787,2026-06-17 09:35:42.002324,0 days 00:05:50.378537,5.0,0.03,1.6,2.1,0.05,1.0,1.8,-41.95360943424255,-41.95360943424255,-148.5102204436302,1706.811679187329,2510.2851340606917,37.91455542683599,0.0,4365.607033691652,239.0,COMPLETE
1111,64.07877312443154,2026-06-17 09:31:20.203823,2026-06-17 09:37:11.409444,0 days 00:05:51.205621,5.0,0.03,1.4,2.1,0.05,1.0,1.8,-41.95360943424255,-41.95360943424255,466.3623034543605,2137.638521684508,2694.330815461504,64.07877312443154,0.0,4365.607033691652,250.0,COMPLETE
1112,64.07877312443154,2026-06-17 09:31:44.365693,2026-06-17 09:37:36.138290,0 days 00:05:51.772597,5.0,0.03,1.4,2.1,0.05,1.0,1.8,-41.95360943424255,-41.95360943424255,466.3623034543605,2137.638521684508,2694.330815461504,64.07877312443154,0.0,4365.607033691652,250.0,COMPLETE
1113,64.07877312443154,2026-06-17 09:32:07.286869,2026-06-17 09:37:59.212285,0 days 00:05:51.925416,5.0,0.03,1.4,2.1,0.05,1.0,1.8,-41.95360943424255,-41.95360943424255,466.3623034543605,2137.638521684508,2694.330815461504,64.07877312443154,0.0,4365.607033691652,250.0,COMPLETE
1114,64.07877312443154,2026-06-17 09:32:30.423570,2026-06-17 09:38:22.948929,0 days 00:05:52.525359,5.0,0.03,1.4,2.1,0.05,1.0,1.8,-41.95360943424255,-41.95360943424255,466.3623034543605,2137.638521684508,2694.330815461504,64.07877312443154,0.0,4365.607033691652,250.0,COMPLETE
1115,64.07877312443154,2026-06-17 09:32:38.241609,2026-06-17 09:38:26.943565,0 days 00:05:48.701956,5.0,0.03,1.4,2.1,0.05,1.0,1.8,-41.95360943424255,-41.95360943424255,466.3623034543605,2137.638521684508,2694.330815461504,64.07877312443154,0.0,4365.607033691652,250.0,COMPLETE
1116,61.018303683679385,2026-06-17 09:33:15.470574,2026-06-17 09:39:04.063720,0 days 00:05:48.593146,5.0,0.03,1.4,2.2,0.05,1.0,1.8,-41.95360943424255,-41.95360943424255,278.2652879355602,1967.113119924231,2676.7592017029797,61.018303683679385,0.0,4365.607033691652,246.0,COMPLETE
1117,61.018303683679385,2026-06-17 09:33:19.385939,2026-06-17 09:39:12.219087,0 days 00:05:52.833148,5.0,0.03,1.4,2.2,0.05,1.0,1.8,-41.95360943424255,-41.95360943424255,278.2652879355602,1967.113119924231,2676.7592017029797,61.018303683679385,0.0,4365.607033691652,246.0,COMPLETE
1118,57.149396682214665,2026-06-17 09:33:26.791430,2026-06-17 09:39:19.162963,0 days 00:05:52.371533,5.0,0.03,1.4,1.9,0.05,1.0,1.8,-41.95360943424255,-41.95360943424255,427.5369470280338,2118.246773780199,2674.8972069394854,57.149396682214665,0.0,4365.607033691652,255.0,COMPLETE
1119,57.149396682214665,2026-06-17 09:33:59.083865,2026-06-17 09:39:48.095194,0 days 00:05:49.011329,5.0,0.03,1.4,1.9,0.05,1.0,1.8,-41.95360943424255,-41.95360943424255,427.5369470280338,2118.246773780199,2674.8972069394854,57.149396682214665,0.0,4365.607033691652,255.0,COMPLETE
1120,64.74813708115997,2026-06-17 09:35:14.419142,2026-06-17 09:41:04.779252,0 days 00:05:50.360110,5.0,0.03,1.4,2.0,0.05,1.0,1.8,-41.95360943424255,-41.95360943424255,507.33199160274023,2143.2578104466284,2729.6812148477625,64.74813708115997,0.0,4365.607033691652,252.0,COMPLETE
1121,57.149396682214665,2026-06-17 09:35:29.400525,2026-06-17 09:41:19.535848,0 days 00:05:50.135323,5.0,0.03,1.4,1.9,0.05,1.0,1.8,-41.95360943424255,-41.95360943424255,427.5369470280338,2118.246773780199,2674.8972069394854,57.149396682214665,0.0,4365.607033691652,255.0,COMPLETE
1122,64.74813708115997,2026-06-17 09:35:42.077383,2026-06-17 09:41:32.122873,0 days 00:05:50.045490,5.0,0.03,1.4,2.0,0.05,1.0,1.8,-41.95360943424255,-41.95360943424255,507.33199160274023,2143.2578104466284,2729.6812148477625,64.74813708115997,0.0,4365.607033691652,252.0,COMPLETE
1123,57.149396682214665,2026-06-17 09:37:11.480922,2026-06-17 09:43:02.656860,0 days 00:05:51.175938,5.0,0.03,1.4,1.9,0.05,1.0,1.8,-41.95360943424255,-41.95360943424255,427.5369470280338,2118.246773780199,2674.8972069394854,57.149396682214665,0.0,4365.607033691652,255.0,COMPLETE
1124,57.149396682214665,2026-06-17 09:37:36.214287,2026-06-17 09:43:28.118062,0 days 00:05:51.903775,5.0,0.03,1.4,1.9,0.05,1.0,1.8,-41.95360943424255,-41.95360943424255,427.5369470280338,2118.246773780199,2674.8972069394854,57.149396682214665,0.0,4365.607033691652,255.0,COMPLETE
1125,57.149396682214665,2026-06-17 09:37:59.289161,2026-06-17 09:43:51.888176,0 days 00:05:52.599015,5.0,0.03,1.4,1.9,0.05,1.0,1.8,-41.95360943424255,-41.95360943424255,427.5369470280338,2118.246773780199,2674.8972069394854,57.149396682214665,0.0,4365.607033691652,255.0,COMPLETE
1126,57.149396682214665,2026-06-17 09:38:23.025607,2026-06-17 09:44:15.064506,0 days 00:05:52.038899,5.0,0.03,1.4,1.9,0.05,1.0,1.8,-41.95360943424255,-41.95360943424255,427.5369470280338,2118.246773780199,2674.8972069394854,57.149396682214665,0.0,4365.607033691652,255.0,COMPLETE
1127,57.149396682214665,2026-06-17 09:38:27.018813,2026-06-17 09:44:15.070121,0 days 00:05:48.051308,5.0,0.03,1.4,1.9,0.05,1.0,1.8,-41.95360943424255,-41.95360943424255,427.5369470280338,2118.246773780199,2674.8972069394854,57.149396682214665,0.0,4365.607033691652,255.0,COMPLETE
1128,57.149396682214665,2026-06-17 09:39:04.141783,2026-06-17 09:44:52.827426,0 days 00:05:48.685643,5.0,0.03,1.4,1.9,0.05,1.0,1.8,-41.95360943424255,-41.95360943424255,427.5369470280338,2118.246773780199,2674.8972069394854,57.149396682214665,0.0,4365.607033691652,255.0,COMPLETE
1129,57.149396682214665,2026-06-17 09:39:12.296407,2026-06-17 09:45:04.744412,0 days 00:05:52.448005,5.0,0.03,1.4,1.9,0.05,1.0,1.8,-41.95360943424255,-41.95360943424255,427.5369470280338,2118.246773780199,2674.8972069394854,57.149396682214665,0.0,4365.607033691652,255.0,COMPLETE
1130,52.46023335663932,2026-06-17 09:39:19.243175,2026-06-17 09:45:11.929010,0 days 00:05:52.685835,5.0,0.03,1.4,1.9,0.05,1.0,2.0,-41.95360943424255,-41.95360943424255,427.5369470280338,1939.9935687264356,2604.8023189514856,52.46023335663932,0.0,4117.2589406498855,255.0,COMPLETE
1131,64.74813708115997,2026-06-17 09:39:48.172291,2026-06-17 09:45:37.126214,0 days 00:05:48.953923,5.0,0.03,1.4,2.0,0.05,1.0,1.8,-41.95360943424255,-41.95360943424255,507.33199160274023,2143.2578104466284,2729.6812148477625,64.74813708115997,0.0,4365.607033691652,252.0,COMPLETE
1132,36.30681672645505,2026-06-17 09:41:04.857294,2026-06-17 09:46:54.571801,0 days 00:05:49.714507,5.0,0.01,1.6,2.0,0.05,1.0,1.8,-41.95360943424255,-41.95360943424255,-238.39191566247695,1647.7009853770137,2479.5141326521602,36.30681672645505,0.0,4365.607033691652,241.0,COMPLETE
1133,60.23724881680519,2026-06-17 09:41:19.616532,2026-06-17 09:47:09.870816,0 days 00:05:50.254284,5.0,0.03,1.4,2.0,0.05,1.0,2.0,-41.95360943424255,-41.95360943424255,507.33199160274023,1965.004605392865,2659.5863268597627,60.23724881680519,0.0,4117.2589406498855,252.0,COMPLETE
1134,64.74813708115997,2026-06-17 09:41:32.197487,2026-06-17 09:47:21.973755,0 days 00:05:49.776268,5.0,0.03,1.4,2.0,0.05,1.0,1.8,-41.95360943424255,-41.95360943424255,507.33199160274023,2143.2578104466284,2729.6812148477625,64.74813708115997,0.0,4365.607033691652,252.0,COMPLETE
1135,64.74813708115997,2026-06-17 09:43:02.734531,2026-06-17 09:48:54.395105,0 days 00:05:51.660574,5.0,0.03,1.4,2.0,0.05,1.0,1.8,-41.95360943424255,-41.95360943424255,507.33199160274023,2143.2578104466284,2729.6812148477625,64.74813708115997,0.0,4365.607033691652,252.0,COMPLETE
1136,60.23724881680519,2026-06-17 09:43:28.198199,2026-06-17 09:49:19.310647,0 days 00:05:51.112448,5.0,0.03,1.4,2.0,0.05,1.0,2.0,-41.95360943424255,-41.95360943424255,507.33199160274023,1965.004605392865,2659.5863268597627,60.23724881680519,0.0,4117.2589406498855,252.0,COMPLETE
1137,64.74813708115997,2026-06-17 09:43:51.966686,2026-06-17 09:49:44.323598,0 days 00:05:52.356912,5.0,0.03,1.4,2.0,0.05,1.0,1.8,-41.95360943424255,-41.95360943424255,507.33199160274023,2143.2578104466284,2729.6812148477625,64.74813708115997,0.0,4365.607033691652,252.0,COMPLETE
1138,65.27402681489595,2026-06-17 09:44:15.153790,2026-06-17 09:50:07.642051,0 days 00:05:52.488261,5.0,0.03,1.4,2.0,0.05,1.0,1.7000000000000002,-41.95360943424255,-41.95360943424255,507.33199160274023,2233.0803124109048,2656.41566518753,65.27402681489595,0.0,4382.163985995696,252.0,COMPLETE
1139,65.27402681489595,2026-06-17 09:44:15.159413,2026-06-17 09:50:03.681279,0 days 00:05:48.521866,5.0,0.03,1.4,2.0,0.05,1.0,1.7000000000000002,-41.95360943424255,-41.95360943424255,507.33199160274023,2233.0803124109048,2656.41566518753,65.27402681489595,0.0,4382.163985995696,252.0,COMPLETE
1140,65.27402681489595,2026-06-17 09:44:52.906479,2026-06-17 09:50:42.518478,0 days 00:05:49.611999,5.0,0.03,1.4,2.0,0.05,1.0,1.7000000000000002,-41.95360943424255,-41.95360943424255,507.33199160274023,2233.0803124109048,2656.41566518753,65.27402681489595,0.0,4382.163985995696,252.0,COMPLETE
1141,65.27402681489595,2026-06-17 09:45:04.822385,2026-06-17 09:50:57.754646,0 days 00:05:52.932261,5.0,0.03,1.4,2.0,0.05,1.0,1.7000000000000002,-41.95360943424255,-41.95360943424255,507.33199160274023,2233.0803124109048,2656.41566518753,65.27402681489595,0.0,4382.163985995696,252.0,COMPLETE
1142,36.933995488482566,2026-06-17 09:45:12.007554,2026-06-17 09:51:04.831678,0 days 00:05:52.824124,5.0,0.03,1.6,2.0,0.05,1.0,1.7000000000000002,-41.95360943424255,-41.95360943424255,-238.39191566247695,1737.5234873412905,2406.248582991928,36.933995488482566,0.0,4382.163985995696,241.0,COMPLETE
1143,36.933995488482566,2026-06-17 09:45:37.202795,2026-06-17 09:51:27.082825,0 days 00:05:49.880030,5.0,0.01,1.6,2.0,0.05,1.0,1.7000000000000002,-41.95360943424255,-41.95360943424255,-238.39191566247695,1737.5234873412905,2406.248582991928,36.933995488482566,0.0,4382.163985995696,241.0,COMPLETE
1144,65.27402681489595,2026-06-17 09:46:54.650852,2026-06-17 09:52:44.941947,0 days 00:05:50.291095,5.0,0.03,1.4,2.0,0.05,1.0,1.7000000000000002,-41.95360943424255,-41.95360943424255,507.33199160274023,2233.0803124109048,2656.41566518753,65.27402681489595,0.0,4382.163985995696,252.0,COMPLETE
1145,65.27402681489595,2026-06-17 09:47:09.942865,2026-06-17 09:53:00.545575,0 days 00:05:50.602710,5.0,0.03,1.4,2.0,0.05,1.0,1.7000000000000002,-41.95360943424255,-41.95360943424255,507.33199160274023,2233.0803124109048,2656.41566518753,65.27402681489595,0.0,4382.163985995696,252.0,COMPLETE
1146,64.59092979061512,2026-06-17 09:47:22.051530,2026-06-17 09:53:12.992713,0 days 00:05:50.941183,5.0,0.03,1.5,2.0,0.05,1.0,1.7000000000000002,-41.95360943424255,-41.95360943424255,465.61608498641874,2207.394788395965,2640.3852825861486,64.59092979061512,0.0,4382.163985995696,249.0,COMPLETE
1147,65.27402681489595,2026-06-17 09:48:54.474893,2026-06-17 09:54:46.798533,0 days 00:05:52.323640,5.0,0.03,1.4,2.0,0.05,1.0,1.7000000000000002,-41.95360943424255,-41.95360943424255,507.33199160274023,2233.0803124109048,2656.41566518753,65.27402681489595,0.0,4382.163985995696,252.0,COMPLETE
1148,64.59092979061512,2026-06-17 09:49:19.388646,2026-06-17 09:55:11.477554,0 days 00:05:52.088908,5.0,0.03,1.5,2.0,0.05,1.0,1.7000000000000002,-41.95360943424255,-41.95360943424255,465.61608498641874,2207.394788395965,2640.3852825861486,64.59092979061512,0.0,4382.163985995696,249.0,COMPLETE
1149,64.59092979061512,2026-06-17 09:49:44.401233,2026-06-17 09:55:37.305208,0 days 00:05:52.903975,5.0,0.03,1.5,2.0,0.05,1.0,1.7000000000000002,-41.95360943424255,-41.95360943424255,465.61608498641874,2207.394788395965,2640.3852825861486,64.59092979061512,0.0,4382.163985995696,249.0,COMPLETE
1150,64.59092979061512,2026-06-17 09:50:03.771120,2026-06-17 09:55:52.533768,0 days 00:05:48.762648,5.0,0.03,1.5,2.0,0.05,1.0,1.7000000000000002,-41.95360943424255,-41.95360943424255,465.61608498641874,2207.394788395965,2640.3852825861486,64.59092979061512,0.0,4382.163985995696,249.0,COMPLETE
1151,64.59092979061512,2026-06-17 09:50:07.732139,2026-06-17 09:56:00.202387,0 days 00:05:52.470248,5.0,0.03,1.5,2.0,0.05,1.0,1.7000000000000002,-41.95360943424255,-41.95360943424255,465.61608498641874,2207.394788395965,2640.3852825861486,64.59092979061512,0.0,4382.163985995696,249.0,COMPLETE
1152,64.59092979061512,2026-06-17 09:50:42.612940,2026-06-17 09:56:31.746475,0 days 00:05:49.133535,5.0,0.03,1.5,2.0,0.05,1.0,1.7000000000000002,-41.95360943424255,-41.95360943424255,465.61608498641874,2207.394788395965,2640.3852825861486,64.59092979061512,0.0,4382.163985995696,249.0,COMPLETE
1153,64.59092979061512,2026-06-17 09:50:57.844724,2026-06-17 09:56:50.589460,0 days 00:05:52.744736,5.0,0.03,1.5,2.0,0.05,1.0,1.7000000000000002,-41.95360943424255,-41.95360943424255,465.61608498641874,2207.394788395965,2640.3852825861486,64.59092979061512,0.0,4382.163985995696,249.0,COMPLETE
1154,64.59092979061512,2026-06-17 09:51:04.923347,2026-06-17 09:56:57.657542,0 days 00:05:52.734195,5.0,0.03,1.5,2.0,0.05,1.0,1.7000000000000002,-41.95360943424255,-41.95360943424255,465.61608498641874,2207.394788395965,2640.3852825861486,64.59092979061512,0.0,4382.163985995696,249.0,COMPLETE
1155,64.59092979061512,2026-06-17 09:51:27.172743,2026-06-17 09:57:16.446628,0 days 00:05:49.273885,5.0,0.03,1.5,2.0,0.05,1.0,1.7000000000000002,-41.95360943424255,-41.95360943424255,465.61608498641874,2207.394788395965,2640.3852825861486,64.59092979061512,0.0,4382.163985995696,249.0,COMPLETE
1156,64.59092979061512,2026-06-17 09:52:45.033308,2026-06-17 09:58:34.838741,0 days 00:05:49.805433,5.0,0.03,1.5,2.0,0.05,1.0,1.7000000000000002,-41.95360943424255,-41.95360943424255,465.61608498641874,2207.394788395965,2640.3852825861486,64.59092979061512,0.0,4382.163985995696,249.0,COMPLETE
1157,64.59092979061512,2026-06-17 09:53:00.634839,2026-06-17 09:58:50.964746,0 days 00:05:50.329907,5.0,0.03,1.5,2.0,0.05,1.0,1.7000000000000002,-41.95360943424255,-41.95360943424255,465.61608498641874,2207.394788395965,2640.3852825861486,64.59092979061512,0.0,4382.163985995696,249.0,COMPLETE
1158,64.59092979061512,2026-06-17 09:53:13.082041,2026-06-17 09:59:02.575558,0 days 00:05:49.493517,5.0,0.03,1.5,2.0,0.05,1.0,1.7000000000000002,-41.95360943424255,-41.95360943424255,465.61608498641874,2207.394788395965,2640.3852825861486,64.59092979061512,0.0,4382.163985995696,249.0,COMPLETE
1159,64.59092979061512,2026-06-17 09:54:46.888102,2026-06-17 10:00:38.423167,0 days 00:05:51.535065,5.0,0.03,1.5,2.0,0.05,1.0,1.7000000000000002,-41.95360943424255,-41.95360943424255,465.61608498641874,2207.394788395965,2640.3852825861486,64.59092979061512,0.0,4382.163985995696,249.0,COMPLETE
1160,64.59092979061512,2026-06-17 09:55:11.565802,2026-06-17 10:01:02.989314,0 days 00:05:51.423512,5.0,0.03,1.5,2.0,0.05,1.0,1.7000000000000002,-41.95360943424255,-41.95360943424255,465.61608498641874,2207.394788395965,2640.3852825861486,64.59092979061512,0.0,4382.163985995696,249.0,COMPLETE
1161,64.59092979061512,2026-06-17 09:55:37.396841,2026-06-17 10:01:29.235718,0 days 00:05:51.838877,5.0,0.03,1.5,2.0,0.05,1.0,1.7000000000000002,-41.95360943424255,-41.95360943424255,465.61608498641874,2207.394788395965,2640.3852825861486,64.59092979061512,0.0,4382.163985995696,249.0,COMPLETE
1162,64.59092979061512,2026-06-17 09:55:52.625759,2026-06-17 10:01:40.935577,0 days 00:05:48.309818,5.0,0.03,1.5,2.0,0.05,1.0,1.7000000000000002,-41.95360943424255,-41.95360943424255,465.61608498641874,2207.394788395965,2640.3852825861486,64.59092979061512,0.0,4382.163985995696,249.0,COMPLETE
1163,64.59092979061512,2026-06-17 09:56:00.280688,2026-06-17 10:01:52.288416,0 days 00:05:52.007728,5.0,0.03,1.5,2.0,0.05,1.0,1.7000000000000002,-41.95360943424255,-41.95360943424255,465.61608498641874,2207.394788395965,2640.3852825861486,64.59092979061512,0.0,4382.163985995696,249.0,COMPLETE
1164,62.4812178315564,2026-06-17 09:56:31.825118,2026-06-17 10:02:21.139585,0 days 00:05:49.314467,5.0,0.03,1.5,2.0,0.05,1.0,1.9,-41.95360943424255,-41.95360943424255,465.61608498641874,2029.3922030514002,2719.353727983191,62.4812178315564,0.0,4283.129846048172,249.0,COMPLETE
1165,62.4812178315564,2026-06-17 09:56:50.666815,2026-06-17 10:02:42.963519,0 days 00:05:52.296704,5.0,0.03,1.5,2.0,0.05,1.0,1.9,-41.95360943424255,-41.95360943424255,465.61608498641874,2029.3922030514002,2719.353727983191,62.4812178315564,0.0,4283.129846048172,249.0,COMPLETE
1166,55.47493843271033,2026-06-17 09:56:57.736700,2026-06-17 10:02:50.576204,0 days 00:05:52.839504,5.0,0.03,1.4,1.9,0.05,1.0,1.9,-41.95360943424255,-41.95360943424255,427.5369470280338,2030.066690399911,2680.6001026762956,55.47493843271033,0.0,4283.129846048172,255.0,COMPLETE
1167,55.47493843271033,2026-06-17 09:57:16.543544,2026-06-17 10:03:05.555160,0 days 00:05:49.011616,5.0,0.03,1.4,1.9,0.05,1.0,1.9,-41.95360943424255,-41.95360943424255,427.5369470280338,2030.066690399911,2680.6001026762956,55.47493843271033,0.0,4283.129846048172,255.0,COMPLETE
1168,55.47493843271033,2026-06-17 09:58:34.919295,2026-06-17 10:04:24.937461,0 days 00:05:50.018166,5.0,0.03,1.4,1.9,0.05,1.0,1.9,-41.95360943424255,-41.95360943424255,427.5369470280338,2030.066690399911,2680.6001026762956,55.47493843271033,0.0,4283.129846048172,255.0,COMPLETE
1169,55.47493843271033,2026-06-17 09:58:51.043298,2026-06-17 10:04:41.596333,0 days 00:05:50.553035,5.0,0.03,1.4,1.9,0.05,1.0,1.9,-41.95360943424255,-41.95360943424255,427.5369470280338,2030.066690399911,2680.6001026762956,55.47493843271033,0.0,4283.129846048172,255.0,COMPLETE
1170,55.47493843271033,2026-06-17 09:59:02.658843,2026-06-17 10:04:52.912320,0 days 00:05:50.253477,5.0,0.03,1.4,1.9,0.05,1.0,1.9,-41.95360943424255,-41.95360943424255,427.5369470280338,2030.066690399911,2680.6001026762956,55.47493843271033,0.0,4283.129846048172,255.0,COMPLETE
1171,55.47493843271033,2026-06-17 10:00:38.498772,2026-06-17 10:06:30.465540,0 days 00:05:51.966768,5.0,0.03,1.4,1.9,0.05,1.0,1.9,-41.95360943424255,-41.95360943424255,427.5369470280338,2030.066690399911,2680.6001026762956,55.47493843271033,0.0,4283.129846048172,255.0,COMPLETE
1172,55.47493843271033,2026-06-17 10:01:03.070086,2026-06-17 10:06:55.035956,0 days 00:05:51.965870,5.0,0.03,1.4,1.9,0.05,1.0,1.9,-41.95360943424255,-41.95360943424255,427.5369470280338,2030.066690399911,2680.6001026762956,55.47493843271033,0.0,4283.129846048172,255.0,COMPLETE
1173,55.47493843271033,2026-06-17 10:01:29.309518,2026-06-17 10:07:21.874727,0 days 00:05:52.565209,5.0,0.03,1.4,1.9,0.05,1.0,1.9,-41.95360943424255,-41.95360943424255,427.5369470280338,2030.066690399911,2680.6001026762956,55.47493843271033,0.0,4283.129846048172,255.0,COMPLETE
1174,46.030694042495256,2026-06-17 10:01:41.010412,2026-06-17 10:07:29.284458,0 days 00:05:48.274046,3.5,0.03,1.4,1.9,0.05,1.0,1.9,-41.95360943424255,-41.95360943424255,427.99723198438386,1774.2965668383029,2186.3564990007094,46.030694042495256,0.0,3532.6558338546283,255.0,COMPLETE
1175,55.47493843271033,2026-06-17 10:01:52.371067,2026-06-17 10:07:45.401940,0 days 00:05:53.030873,5.0,0.03,1.4,1.9,0.05,1.0,1.9,-41.95360943424255,-41.95360943424255,427.5369470280338,2030.066690399911,2680.6001026762956,55.47493843271033,0.0,4283.129846048172,255.0,COMPLETE
1176,55.47493843271033,2026-06-17 10:02:21.215769,2026-06-17 10:08:10.547161,0 days 00:05:49.331392,5.0,0.03,1.4,1.9,0.05,1.0,1.9,-41.95360943424255,-41.95360943424255,427.5369470280338,2030.066690399911,2680.6001026762956,55.47493843271033,0.0,4283.129846048172,255.0,COMPLETE
1177,57.149396682214665,2026-06-17 10:02:43.042457,2026-06-17 10:08:35.924438,0 days 00:05:52.881981,5.0,0.03,1.4,1.9,0.05,1.0,1.8,-41.95360943424255,-41.95360943424255,427.5369470280338,2118.246773780199,2674.8972069394854,57.149396682214665,0.0,4365.607033691652,255.0,COMPLETE
1178,57.149396682214665,2026-06-17 10:02:50.653734,2026-06-17 10:08:43.442944,0 days 00:05:52.789210,5.0,0.03,1.4,1.9,0.05,1.0,1.8,-41.95360943424255,-41.95360943424255,427.5369470280338,2118.246773780199,2674.8972069394854,57.149396682214665,0.0,4365.607033691652,255.0,COMPLETE
1179,57.149396682214665,2026-06-17 10:03:05.630506,2026-06-17 10:08:55.556265,0 days 00:05:49.925759,5.0,0.03,1.4,1.9,0.05,1.0,1.8,-41.95360943424255,-41.95360943424255,427.5369470280338,2118.246773780199,2674.8972069394854,57.149396682214665,0.0,4365.607033691652,255.0,COMPLETE
1180,57.149396682214665,2026-06-17 10:04:25.026292,2026-06-17 10:10:15.338433,0 days 00:05:50.312141,5.0,0.03,1.4,1.9,0.05,1.0,1.8,-41.95360943424255,-41.95360943424255,427.5369470280338,2118.246773780199,2674.8972069394854,57.149396682214665,0.0,4365.607033691652,255.0,COMPLETE
1181,57.149396682214665,2026-06-17 10:04:41.674600,2026-06-17 10:10:32.431876,0 days 00:05:50.757276,5.0,0.03,1.4,1.9,0.05,1.0,1.8,-41.95360943424255,-41.95360943424255,427.5369470280338,2118.246773780199,2674.8972069394854,57.149396682214665,0.0,4365.607033691652,255.0,COMPLETE
1182,57.149396682214665,2026-06-17 10:04:52.993647,2026-06-17 10:10:43.800070,0 days 00:05:50.806423,5.0,0.03,1.4,1.9,0.05,1.0,1.8,-41.95360943424255,-41.95360943424255,427.5369470280338,2118.246773780199,2674.8972069394854,57.149396682214665,0.0,4365.607033691652,255.0,COMPLETE
1183,64.74813708115997,2026-06-17 10:06:30.543979,2026-06-17 10:12:22.270415,0 days 00:05:51.726436,5.0,0.03,1.4,2.0,0.05,1.0,1.8,-41.95360943424255,-41.95360943424255,507.33199160274023,2143.2578104466284,2729.6812148477625,64.74813708115997,0.0,4365.607033691652,252.0,COMPLETE
1184,64.74813708115997,2026-06-17 10:06:55.110879,2026-06-17 10:12:46.925802,0 days 00:05:51.814923,5.0,0.03,1.4,2.0,0.05,1.0,1.8,-41.95360943424255,-41.95360943424255,507.33199160274023,2143.2578104466284,2729.6812148477625,64.74813708115997,0.0,4365.607033691652,252.0,COMPLETE
1185,64.74813708115997,2026-06-17 10:07:21.949941,2026-06-17 10:13:13.463754,0 days 00:05:51.513813,5.0,0.03,1.4,2.0,0.05,1.0,1.8,-41.95360943424255,-41.95360943424255,507.33199160274023,2143.2578104466284,2729.6812148477625,64.74813708115997,0.0,4365.607033691652,252.0,COMPLETE
1186,64.74813708115997,2026-06-17 10:07:29.364610,2026-06-17 10:13:17.440552,0 days 00:05:48.075942,5.0,0.03,1.4,2.0,0.05,1.0,1.8,-41.95360943424255,-41.95360943424255,507.33199160274023,2143.2578104466284,2729.6812148477625,64.74813708115997,0.0,4365.607033691652,252.0,COMPLETE
1187,64.74813708115997,2026-06-17 10:07:45.478464,2026-06-17 10:13:37.273389,0 days 00:05:51.794925,5.0,0.03,1.4,2.0,0.05,1.0,1.8,-41.95360943424255,-41.95360943424255,507.33199160274023,2143.2578104466284,2729.6812148477625,64.74813708115997,0.0,4365.607033691652,252.0,COMPLETE
1188,64.74813708115997,2026-06-17 10:08:10.626266,2026-06-17 10:13:59.606581,0 days 00:05:48.980315,5.0,0.03,1.4,2.0,0.05,1.0,1.8,-41.95360943424255,-41.95360943424255,507.33199160274023,2143.2578104466284,2729.6812148477625,64.74813708115997,0.0,4365.607033691652,252.0,COMPLETE
1189,64.74813708115997,2026-06-17 10:08:36.009912,2026-06-17 10:14:28.868416,0 days 00:05:52.858504,5.0,0.03,1.4,2.0,0.05,1.0,1.8,-41.95360943424255,-41.95360943424255,507.33199160274023,2143.2578104466284,2729.6812148477625,64.74813708115997,0.0,4365.607033691652,252.0,COMPLETE
1190,64.74813708115997,2026-06-17 10:08:43.523540,2026-06-17 10:14:36.049241,0 days 00:05:52.525701,5.0,0.03,1.4,2.0,0.05,1.0,1.8,-41.95360943424255,-41.95360943424255,507.33199160274023,2143.2578104466284,2729.6812148477625,64.74813708115997,0.0,4365.607033691652,252.0,COMPLETE
1191,64.74813708115997,2026-06-17 10:08:55.635509,2026-06-17 10:14:44.570241,0 days 00:05:48.934732,5.0,0.03,1.4,2.0,0.05,1.0,1.8,-41.95360943424255,-41.95360943424255,507.33199160274023,2143.2578104466284,2729.6812148477625,64.74813708115997,0.0,4365.607033691652,252.0,COMPLETE
1192,64.74813708115997,2026-06-17 10:10:15.419263,2026-06-17 10:16:05.596003,0 days 00:05:50.176740,5.0,0.03,1.4,2.0,0.05,1.0,1.8,-41.95360943424255,-41.95360943424255,507.33199160274023,2143.2578104466284,2729.6812148477625,64.74813708115997,0.0,4365.607033691652,252.0,COMPLETE
1193,64.74813708115997,2026-06-17 10:10:32.509212,2026-06-17 10:16:22.329021,0 days 00:05:49.819809,5.0,0.03,1.4,2.0,0.05,1.0,1.8,-41.95360943424255,-41.95360943424255,507.33199160274023,2143.2578104466284,2729.6812148477625,64.74813708115997,0.0,4365.607033691652,252.0,COMPLETE
1194,64.74813708115997,2026-06-17 10:10:43.876894,2026-06-17 10:16:33.844356,0 days 00:05:49.967462,5.0,0.03,1.4,2.0,0.05,1.0,1.8,-41.95360943424255,-41.95360943424255,507.33199160274023,2143.2578104466284,2729.6812148477625,64.74813708115997,0.0,4365.607033691652,252.0,COMPLETE
1195,64.74813708115997,2026-06-17 10:12:22.345262,2026-06-17 10:18:13.407601,0 days 00:05:51.062339,5.0,0.03,1.4,2.0,0.05,1.0,1.8,-41.95360943424255,-41.95360943424255,507.33199160274023,2143.2578104466284,2729.6812148477625,64.74813708115997,0.0,4365.607033691652,252.0,COMPLETE
1196,64.74813708115997,2026-06-17 10:12:47.005114,2026-06-17 10:18:38.107069,0 days 00:05:51.101955,5.0,0.03,1.4,2.0,0.05,1.0,1.8,-41.95360943424255,-41.95360943424255,507.33199160274023,2143.2578104466284,2729.6812148477625,64.74813708115997,0.0,4365.607033691652,252.0,COMPLETE
1197,64.74813708115997,2026-06-17 10:13:13.561491,2026-06-17 10:19:05.458837,0 days 00:05:51.897346,5.0,0.03,1.4,2.0,0.05,1.0,1.8,-41.95360943424255,-41.95360943424255,507.33199160274023,2143.2578104466284,2729.6812148477625,64.74813708115997,0.0,4365.607033691652,252.0,COMPLETE
1198,64.74813708115997,2026-06-17 10:13:17.515893,2026-06-17 10:19:05.012150,0 days 00:05:47.496257,5.0,0.03,1.4,2.0,0.05,1.0,1.8,-41.95360943424255,-41.95360943424255,507.33199160274023,2143.2578104466284,2729.6812148477625,64.74813708115997,0.0,4365.607033691652,252.0,COMPLETE
1199,64.74813708115997,2026-06-17 10:13:37.351572,2026-06-17 10:19:29.186383,0 days 00:05:51.834811,5.0,0.03,1.4,2.0,0.05,1.0,1.8,-41.95360943424255,-41.95360943424255,507.33199160274023,2143.2578104466284,2729.6812148477625,64.74813708115997,0.0,4365.607033691652,252.0,COMPLETE
1200,64.74813708115997,2026-06-17 10:13:59.681094,2026-06-17 10:19:48.986736,0 days 00:05:49.305642,5.0,0.03,1.4,2.0,0.05,1.0,1.8,-41.95360943424255,-41.95360943424255,507.33199160274023,2143.2578104466284,2729.6812148477625,64.74813708115997,0.0,4365.607033691652,252.0,COMPLETE
1201,64.74813708115997,2026-06-17 10:14:28.945515,2026-06-17 10:20:21.745812,0 days 00:05:52.800297,5.0,0.03,1.4,2.0,0.05,1.0,1.8,-41.95360943424255,-41.95360943424255,507.33199160274023,2143.2578104466284,2729.6812148477625,64.74813708115997,0.0,4365.607033691652,252.0,COMPLETE
1202,64.74813708115997,2026-06-17 10:14:36.125811,2026-06-17 10:20:28.708148,0 days 00:05:52.582337,5.0,0.03,1.4,2.0,0.05,1.0,1.8,-41.95360943424255,-41.95360943424255,507.33199160274023,2143.2578104466284,2729.6812148477625,64.74813708115997,0.0,4365.607033691652,252.0,COMPLETE
1203,64.74813708115997,2026-06-17 10:14:44.648366,2026-06-17 10:20:33.786595,0 days 00:05:49.138229,5.0,0.03,1.4,2.0,0.05,1.0,1.8,-41.95360943424255,-41.95360943424255,507.33199160274023,2143.2578104466284,2729.6812148477625,64.74813708115997,0.0,4365.607033691652,252.0,COMPLETE
1204,64.74813708115997,2026-06-17 10:16:05.674083,2026-06-17 10:21:55.824541,0 days 00:05:50.150458,5.0,0.03,1.4,2.0,0.05,1.0,1.8,-41.95360943424255,-41.95360943424255,507.33199160274023,2143.2578104466284,2729.6812148477625,64.74813708115997,0.0,4365.607033691652,252.0,COMPLETE
1205,47.608301941625406,2026-06-17 10:16:22.405382,2026-06-17 10:22:12.899540,0 days 00:05:50.494158,5.0,0.03,1.4,1.8,0.05,1.0,1.9,-41.95360943424255,-41.95360943424255,117.71252990583497,2058.3628090046677,2342.47956694934,47.608301941625406,0.0,4283.129846048172,254.0,COMPLETE
1206,63.165321672642385,2026-06-17 10:16:33.921934,2026-06-17 10:22:24.506705,0 days 00:05:50.584771,5.0,0.03,1.4,2.0,0.05,1.0,1.9,-41.95360943424255,-41.95360943424255,507.33199160274023,2055.077727066341,2735.3841105845727,63.165321672642385,0.0,4283.129846048172,252.0,COMPLETE
1207,63.165321672642385,2026-06-17 10:18:13.484046,2026-06-17 10:24:05.701654,0 days 00:05:52.217608,5.0,0.03,1.4,2.0,0.05,1.0,1.9,-41.95360943424255,-41.95360943424255,507.33199160274023,2055.077727066341,2735.3841105845727,63.165321672642385,0.0,4283.129846048172,252.0,COMPLETE
1208,63.165321672642385,2026-06-17 10:18:38.185799,2026-06-17 10:24:29.848677,0 days 00:05:51.662878,5.0,0.03,1.4,2.0,0.05,1.0,1.9,-41.95360943424255,-41.95360943424255,507.33199160274023,2055.077727066341,2735.3841105845727,63.165321672642385,0.0,4283.129846048172,252.0,COMPLETE
1209,63.165321672642385,2026-06-17 10:19:05.085639,2026-06-17 10:24:53.858828,0 days 00:05:48.773189,5.0,0.03,1.4,2.0,0.05,1.0,1.9,-41.95360943424255,-41.95360943424255,507.33199160274023,2055.077727066341,2735.3841105845727,63.165321672642385,0.0,4283.129846048172,252.0,COMPLETE
1210,60.79501395335292,2026-06-17 10:19:05.587196,2026-06-17 10:24:58.123073,0 days 00:05:52.535877,4.5,0.03,1.4,2.0,0.05,1.0,1.9,-41.95360943424255,-41.95360943424255,507.33199160274023,1992.0266188005055,2601.0594483453433,60.79501395335292,0.0,4085.754075543109,252.0,COMPLETE
1211,-1230.0,2026-06-17 10:19:29.262459,2026-06-17 10:25:19.456327,0 days 00:05:50.193868,0.5,0.03,1.4,2.0,0.05,1.0,1.9,-21.433360526344817,-21.433360526344817,126.82130288604534,74.65418125994397,62.45159856885942,-1230.0,0.0,10.28447694275809,27.0,COMPLETE
1212,47.608301941625406,2026-06-17 10:19:49.068629,2026-06-17 10:25:37.797080,0 days 00:05:48.728451,5.0,0.03,1.4,1.8,0.05,1.0,1.9,-41.95360943424255,-41.95360943424255,117.71252990583497,2058.3628090046677,2342.47956694934,47.608301941625406,0.0,4283.129846048172,254.0,COMPLETE
1213,60.79501395335292,2026-06-17 10:20:21.827836,2026-06-17 10:26:14.689383,0 days 00:05:52.861547,4.5,0.03,1.4,2.0,0.05,1.0,1.9,-41.95360943424255,-41.95360943424255,507.33199160274023,1992.0266188005055,2601.0594483453433,60.79501395335292,0.0,4085.754075543109,252.0,COMPLETE
1214,60.79501395335292,2026-06-17 10:20:28.783290,2026-06-17 10:26:21.701445,0 days 00:05:52.918155,4.5,0.03,1.4,2.0,0.05,1.0,1.9,-41.95360943424255,-41.95360943424255,507.33199160274023,1992.0266188005055,2601.0594483453433,60.79501395335292,0.0,4085.754075543109,252.0,COMPLETE
1215,45.23416491692064,2026-06-17 10:20:33.863792,2026-06-17 10:26:22.679210,0 days 00:05:48.815418,4.5,0.03,1.4,1.8,0.05,1.0,1.9,-41.95360943424255,-41.95360943424255,117.71252990583497,1995.3117007388325,2208.1549047101107,45.23416491692064,0.0,4085.754075543109,254.0,COMPLETE
1216,45.23416491692064,2026-06-17 10:21:55.901033,2026-06-17 10:27:46.183346,0 days 00:05:50.282313,4.5,0.03,1.4,1.8,0.05,1.0,1.9,-41.95360943424255,-41.95360943424255,117.71252990583497,1995.3117007388325,2208.1549047101107,45.23416491692064,0.0,4085.754075543109,254.0,COMPLETE
1217,60.79501395335292,2026-06-17 10:22:12.974287,2026-06-17 10:28:02.685061,0 days 00:05:49.710774,4.5,0.03,1.4,2.0,0.05,1.0,1.9,-41.95360943424255,-41.95360943424255,507.33199160274023,1992.0266188005055,2601.0594483453433,60.79501395335292,0.0,4085.754075543109,252.0,COMPLETE
1218,63.165321672642385,2026-06-17 10:22:24.583591,2026-06-17 10:28:14.638814,0 days 00:05:50.055223,5.0,0.03,1.4,2.0,0.05,1.0,1.9,-41.95360943424255,-41.95360943424255,507.33199160274023,2055.077727066341,2735.3841105845727,63.165321672642385,0.0,4283.129846048172,252.0,COMPLETE
1219,45.23416491692064,2026-06-17 10:24:05.780892,2026-06-17 10:29:56.945568,0 days 00:05:51.164676,4.5,0.03,1.4,1.8,0.05,1.0,1.9,-41.95360943424255,-41.95360943424255,117.71252990583497,1995.3117007388325,2208.1549047101107,45.23416491692064,0.0,4085.754075543109,254.0,COMPLETE
1220,60.79501395335292,2026-06-17 10:24:29.929612,2026-06-17 10:30:21.208735,0 days 00:05:51.279123,4.5,0.03,1.4,2.0,0.05,1.0,1.9,-41.95360943424255,-41.95360943424255,507.33199160274023,1992.0266188005055,2601.0594483453433,60.79501395335292,0.0,4085.754075543109,252.0,COMPLETE
1221,51.1172404608654,2026-06-17 10:24:53.937374,2026-06-17 10:30:41.278717,0 days 00:05:47.341343,4.0,0.03,1.4,1.9,0.05,1.0,1.8,-41.95360943424255,-41.95360943424255,427.5369470280338,1946.4670634349984,2367.1502107856504,51.1172404608654,0.0,3886.0803271926197,255.0,COMPLETE
1222,46.54348402863193,2026-06-17 10:24:58.203390,2026-06-17 10:30:49.733530,0 days 00:05:51.530140,4.5,0.03,1.4,1.8,0.05,1.0,1.8,-41.95360943424255,-41.95360943424255,117.71252990583497,2071.7988322422957,2197.4935294577404,46.54348402863193,0.0,4151.5798317942035,254.0,COMPLETE
1223,54.541906275690756,2026-06-17 10:25:19.550167,2026-06-17 10:31:11.246596,0 days 00:05:51.696429,4.5,0.03,1.4,1.9,0.05,1.0,1.8,-41.95360943424255,-41.95360943424255,427.5369470280338,2043.5027136375395,2535.6140651846945,54.541906275690756,0.0,4151.5798317942035,255.0,COMPLETE
1224,54.541906275690756,2026-06-17 10:25:37.876553,2026-06-17 10:31:26.374279,0 days 00:05:48.497726,4.5,0.03,1.4,1.9,0.05,1.0,1.8,-41.95360943424255,-41.95360943424255,427.5369470280338,2043.5027136375395,2535.6140651846945,54.541906275690756,0.0,4151.5798317942035,255.0,COMPLETE
1225,38.88861263623009,2026-06-17 10:26:14.765090,2026-06-17 10:32:07.209949,0 days 00:05:52.444859,4.5,0.03,1.4,1.7000000000000002,0.05,1.0,1.8,-41.95360943424255,-41.95360943424255,79.80988419645325,1935.5512304050264,2295.8384855856275,38.88861263623009,0.0,4151.5798317942035,250.0,COMPLETE
1226,57.149396682214665,2026-06-17 10:26:21.781082,2026-06-17 10:32:13.878978,0 days 00:05:52.097896,5.0,0.03,1.4,1.9,0.05,1.0,1.8,-41.95360943424255,-41.95360943424255,427.5369470280338,2118.246773780199,2674.8972069394854,57.149396682214665,0.0,4365.607033691652,255.0,COMPLETE
1227,57.149396682214665,2026-06-17 10:26:22.842589,2026-06-17 10:32:11.349333,0 days 00:05:48.506744,5.0,0.03,1.4,1.9,0.05,1.0,1.8,-41.95360943424255,-41.95360943424255,427.5369470280338,2118.246773780199,2674.8972069394854,57.149396682214665,0.0,4365.607033691652,255.0,COMPLETE
1228,57.149396682214665,2026-06-17 10:27:46.260920,2026-06-17 10:33:35.732161,0 days 00:05:49.471241,5.0,0.03,1.4,1.9,0.05,1.0,1.8,-41.95360943424255,-41.95360943424255,427.5369470280338,2118.246773780199,2674.8972069394854,57.149396682214665,0.0,4365.607033691652,255.0,COMPLETE
1229,57.149396682214665,2026-06-17 10:28:02.762860,2026-06-17 10:33:52.612235,0 days 00:05:49.849375,5.0,0.03,1.4,1.9,0.05,1.0,1.8,-41.95360943424255,-41.95360943424255,427.5369470280338,2118.246773780199,2674.8972069394854,57.149396682214665,0.0,4365.607033691652,255.0,COMPLETE
1230,52.46023335663932,2026-06-17 10:28:14.717534,2026-06-17 10:34:04.967115,0 days 00:05:50.249581,5.0,0.03,1.4,1.9,0.05,1.0,2.0,-41.95360943424255,-41.95360943424255,427.5369470280338,1939.9935687264356,2604.8023189514856,52.46023335663932,0.0,4117.2589406498855,255.0,COMPLETE
1231,57.149396682214665,2026-06-17 10:29:57.024505,2026-06-17 10:35:48.768366,0 days 00:05:51.743861,5.0,0.03,1.4,1.9,0.05,1.0,1.8,-41.95360943424255,-41.95360943424255,427.5369470280338,2118.246773780199,2674.8972069394854,57.149396682214665,0.0,4365.607033691652,255.0,COMPLETE
1232,57.149396682214665,2026-06-17 10:30:21.287930,2026-06-17 10:36:12.532308,0 days 00:05:51.244378,5.0,0.03,1.4,1.9,0.05,1.0,1.8,-41.95360943424255,-41.95360943424255,427.5369470280338,2118.246773780199,2674.8972069394854,57.149396682214665,0.0,4365.607033691652,255.0,COMPLETE
1233,57.149396682214665,2026-06-17 10:30:41.352772,2026-06-17 10:36:30.040972,0 days 00:05:48.688200,5.0,0.03,1.4,1.9,0.05,1.0,1.8,-41.95360943424255,-41.95360943424255,427.5369470280338,2118.246773780199,2674.8972069394854,57.149396682214665,0.0,4365.607033691652,255.0,COMPLETE
1234,57.149396682214665,2026-06-17 10:30:49.811414,2026-06-17 10:36:41.863693,0 days 00:05:52.052279,5.0,0.03,1.4,1.9,0.05,1.0,1.8,-41.95360943424255,-41.95360943424255,427.5369470280338,2118.246773780199,2674.8972069394854,57.149396682214665,0.0,4365.607033691652,255.0,COMPLETE
1235,36.12916047619965,2026-06-17 10:31:11.323928,2026-06-17 10:37:03.954938,0 days 00:05:52.631010,5.0,0.03,1.7000000000000002,1.9,0.05,1.0,1.8,-41.95360943424255,-41.95360943424255,-236.73223744988522,1646.1172750221708,2482.7575212195948,36.12916047619965,0.0,4365.607033691652,241.0,COMPLETE
1236,57.149396682214665,2026-06-17 10:31:26.450092,2026-06-17 10:37:15.728498,0 days 00:05:49.278406,5.0,0.03,1.4,1.9,0.05,1.0,1.8,-41.95360943424255,-41.95360943424255,427.5369470280338,2118.246773780199,2674.8972069394854,57.149396682214665,0.0,4365.607033691652,255.0,COMPLETE
1237,52.46023335663932,2026-06-17 10:32:07.286928,2026-06-17 10:38:00.157521,0 days 00:05:52.870593,5.0,0.03,1.4,1.9,0.05,1.0,2.0,-41.95360943424255,-41.95360943424255,427.5369470280338,1939.9935687264356,2604.8023189514856,52.46023335663932,0.0,4117.2589406498855,255.0,COMPLETE
1238,57.149396682214665,2026-06-17 10:32:11.423591,2026-06-17 10:38:00.779435,0 days 00:05:49.355844,5.0,0.03,1.4,1.9,0.05,1.0,1.8,-41.95360943424255,-41.95360943424255,427.5369470280338,2118.246773780199,2674.8972069394854,57.149396682214665,0.0,4365.607033691652,255.0,COMPLETE
1239,64.06444730401383,2026-06-17 10:32:14.047419,2026-06-17 10:38:06.712921,0 days 00:05:52.665502,5.0,0.03,1.5,2.0,0.05,1.0,1.8,-41.95360943424255,-41.95360943424255,465.61608498641874,2117.5722864316886,2713.650832246381,64.06444730401383,0.0,4365.607033691652,249.0,COMPLETE
1240,64.06444730401383,2026-06-17 10:33:35.892658,2026-06-17 10:39:27.599896,0 days 00:05:51.707238,5.0,0.03,1.5,2.0,0.05,1.0,1.8,-41.95360943424255,-41.95360943424255,465.61608498641874,2117.5722864316886,2713.650832246381,64.06444730401383,0.0,4365.607033691652,249.0,COMPLETE
1241,64.74813708115997,2026-06-17 10:33:52.685984,2026-06-17 10:39:43.491537,0 days 00:05:50.805553,5.0,0.03,1.4,2.0,0.05,1.0,1.8,-41.95360943424255,-41.95360943424255,507.33199160274023,2143.2578104466284,2729.6812148477625,64.74813708115997,0.0,4365.607033691652,252.0,COMPLETE
1242,64.06444730401383,2026-06-17 10:34:05.045380,2026-06-17 10:39:55.924139,0 days 00:05:50.878759,5.0,0.03,1.5,2.0,0.05,1.0,1.8,-41.95360943424255,-41.95360943424255,465.61608498641874,2117.5722864316886,2713.650832246381,64.06444730401383,0.0,4365.607033691652,249.0,COMPLETE
1243,64.06444730401383,2026-06-17 10:35:48.852072,2026-06-17 10:41:40.372865,0 days 00:05:51.520793,5.0,0.03,1.5,2.0,0.05,1.0,1.8,-41.95360943424255,-41.95360943424255,465.61608498641874,2117.5722864316886,2713.650832246381,64.06444730401383,0.0,4365.607033691652,249.0,COMPLETE
1244,64.06444730401383,2026-06-17 10:36:12.608875,2026-06-17 10:42:04.086102,0 days 00:05:51.477227,5.0,0.03,1.5,2.0,0.05,1.0,1.8,-41.95360943424255,-41.95360943424255,465.61608498641874,2117.5722864316886,2713.650832246381,64.06444730401383,0.0,4365.607033691652,249.0,COMPLETE
1245,64.06444730401383,2026-06-17 10:36:30.119304,2026-06-17 10:42:18.271774,0 days 00:05:48.152470,5.0,0.03,1.5,2.0,0.05,1.0,1.8,-41.95360943424255,-41.95360943424255,465.61608498641874,2117.5722864316886,2713.650832246381,64.06444730401383,0.0,4365.607033691652,249.0,COMPLETE
1246,51.59995338090319,2026-06-17 10:36:41.945011,2026-06-17 10:42:34.706884,0 days 00:05:52.761873,5.0,0.03,1.7000000000000002,2.0,0.05,1.0,1.8,-41.95360943424255,-41.95360943424255,171.3825402115096,1772.9304248410745,2764.059149062086,51.59995338090319,0.0,4365.607033691652,240.0,COMPLETE
1247,64.06444730401383,2026-06-17 10:37:04.033985,2026-06-17 10:42:56.936882,0 days 00:05:52.902897,5.0,0.03,1.5,2.0,0.05,1.0,1.8,-41.95360943424255,-41.95360943424255,465.61608498641874,2117.5722864316886,2713.650832246381,64.06444730401383,0.0,4365.607033691652,249.0,COMPLETE
1248,64.06444730401383,2026-06-17 10:37:15.807677,2026-06-17 10:43:04.804641,0 days 00:05:48.996964,5.0,0.03,1.5,2.0,0.05,1.0,1.8,-41.95360943424255,-41.95360943424255,465.61608498641874,2117.5722864316886,2713.650832246381,64.06444730401383,0.0,4365.607033691652,249.0,COMPLETE
1249,64.06444730401383,2026-06-17 10:38:00.235928,2026-06-17 10:43:53.654315,0 days 00:05:53.418387,5.0,0.03,1.5,2.0,0.05,1.0,1.8,-41.95360943424255,-41.95360943424255,465.61608498641874,2117.5722864316886,2713.650832246381,64.06444730401383,0.0,4365.607033691652,249.0,COMPLETE
1250,64.06444730401383,2026-06-17 10:38:00.891182,2026-06-17 10:43:50.380715,0 days 00:05:49.489533,5.0,0.03,1.5,2.0,0.05,1.0,1.8,-41.95360943424255,-41.95360943424255,465.61608498641874,2117.5722864316886,2713.650832246381,64.06444730401383,0.0,4365.607033691652,249.0,COMPLETE
1251,64.06444730401383,2026-06-17 10:38:06.792788,2026-06-17 10:44:00.379049,0 days 00:05:53.586261,5.0,0.03,1.5,2.0,0.05,1.0,1.8,-41.95360943424255,-41.95360943424255,465.61608498641874,2117.5722864316886,2713.650832246381,64.06444730401383,0.0,4365.607033691652,249.0,COMPLETE
1252,64.06444730401383,2026-06-17 10:39:27.678848,2026-06-17 10:45:17.383420,0 days 00:05:49.704572,5.0,0.03,1.5,2.0,0.05,1.0,1.8,-41.95360943424255,-41.95360943424255,465.61608498641874,2117.5722864316886,2713.650832246381,64.06444730401383,0.0,4365.607033691652,249.0,COMPLETE
1253,64.06444730401383,2026-06-17 10:39:43.566996,2026-06-17 10:45:34.103720,0 days 00:05:50.536724,5.0,0.03,1.5,2.0,0.05,1.0,1.8,-41.95360943424255,-41.95360943424255,465.61608498641874,2117.5722864316886,2713.650832246381,64.06444730401383,0.0,4365.607033691652,249.0,COMPLETE
1254,64.06444730401383,2026-06-17 10:39:56.000952,2026-06-17 10:45:46.331967,0 days 00:05:50.331015,5.0,0.03,1.5,2.0,0.05,1.0,1.8,-41.95360943424255,-41.95360943424255,465.61608498641874,2117.5722864316886,2713.650832246381,64.06444730401383,0.0,4365.607033691652,249.0,COMPLETE
1255,64.74813708115997,2026-06-17 10:41:40.455654,2026-06-17 10:47:31.913023,0 days 00:05:51.457369,5.0,0.03,1.4,2.0,0.05,1.0,1.8,-41.95360943424255,-41.95360943424255,507.33199160274023,2143.2578104466284,2729.6812148477625,64.74813708115997,0.0,4365.607033691652,252.0,COMPLETE
1256,64.74813708115997,2026-06-17 10:42:04.164800,2026-06-17 10:47:55.601537,0 days 00:05:51.436737,5.0,0.03,1.4,2.0,0.05,1.0,1.8,-41.95360943424255,-41.95360943424255,507.33199160274023,2143.2578104466284,2729.6812148477625,64.74813708115997,0.0,4365.607033691652,252.0,COMPLETE
1257,64.74813708115997,2026-06-17 10:42:18.349851,2026-06-17 10:48:06.632048,0 days 00:05:48.282197,5.0,0.03,1.4,2.0,0.05,1.0,1.8,-41.95360943424255,-41.95360943424255,507.33199160274023,2143.2578104466284,2729.6812148477625,64.74813708115997,0.0,4365.607033691652,252.0,COMPLETE
1258,-1170.0,2026-06-17 10:42:34.785942,2026-06-17 10:48:25.414535,0 days 00:05:50.628593,1.0,0.03,1.4,2.0,0.05,1.0,1.8,-42.866721052689634,-42.866721052689634,253.6426057720907,153.79502599570736,131.55745615863242,-1170.0,0.0,31.7098763822492,33.0,COMPLETE
1259,64.74813708115997,2026-06-17 10:42:57.011498,2026-06-17 10:48:49.348754,0 days 00:05:52.337256,5.0,0.03,1.4,2.0,0.05,1.0,1.8,-41.95360943424255,-41.95360943424255,507.33199160274023,2143.2578104466284,2729.6812148477625,64.74813708115997,0.0,4365.607033691652,252.0,COMPLETE
1260,-1170.0,2026-06-17 10:43:04.884319,2026-06-17 10:48:51.285119,0 days 00:05:46.400800,1.0,0.03,1.4,2.0,0.05,1.0,1.9,-42.866721052689634,-42.866721052689634,253.6426057720907,153.79502599570736,131.55745615863242,-1170.0,0.0,31.7098763822492,33.0,COMPLETE
1261,63.165321672642385,2026-06-17 10:43:50.455872,2026-06-17 10:49:38.705775,0 days 00:05:48.249903,5.0,0.03,1.4,2.0,0.05,1.0,1.9,-41.95360943424255,-41.95360943424255,507.33199160274023,2055.077727066341,2735.3841105845727,63.165321672642385,0.0,4283.129846048172,252.0,COMPLETE
1262,63.165321672642385,2026-06-17 10:43:53.732291,2026-06-17 10:49:46.620078,0 days 00:05:52.887787,5.0,0.03,1.4,2.0,0.05,1.0,1.9,-41.95360943424255,-41.95360943424255,507.33199160274023,2055.077727066341,2735.3841105845727,63.165321672642385,0.0,4283.129846048172,252.0,COMPLETE
1263,52.241633659430946,2026-06-17 10:44:00.457397,2026-06-17 10:49:53.795791,0 days 00:05:53.338394,5.0,0.03,0.7,2.0,0.05,1.0,1.9,-41.95360943424255,-41.95360943424255,29.263961112008623,1892.8432514106596,2419.550555749523,52.241633659430946,0.0,4283.129846048172,253.0,COMPLETE
1264,63.165321672642385,2026-06-17 10:45:17.458585,2026-06-17 10:51:07.540167,0 days 00:05:50.081582,5.0,0.03,1.4,2.0,0.05,1.0,1.9,-41.95360943424255,-41.95360943424255,507.33199160274023,2055.077727066341,2735.3841105845727,63.165321672642385,0.0,4283.129846048172,252.0,COMPLETE
1265,47.58355243790404,2026-06-17 10:45:34.269945,2026-06-17 10:51:24.674510,0 days 00:05:50.404565,5.0,0.03,1.9000000000000001,2.0,0.05,1.0,1.9,-41.95360943424255,-41.95360943424255,26.215079987646376,1807.9206426915478,2501.4242833442727,47.58355243790404,0.0,4283.129846048172,238.0,COMPLETE
1266,63.165321672642385,2026-06-17 10:45:46.410512,2026-06-17 10:51:36.894176,0 days 00:05:50.483664,5.0,0.03,1.4,2.0,0.05,1.0,1.9,-41.95360943424255,-41.95360943424255,507.33199160274023,2055.077727066341,2735.3841105845727,63.165321672642385,0.0,4283.129846048172,252.0,COMPLETE
1267,-1170.0,2026-06-17 10:47:31.990647,2026-06-17 10:53:22.417900,0 days 00:05:50.427253,1.0,0.03,1.4,2.0,0.05,1.0,1.9,-42.866721052689634,-42.866721052689634,253.6426057720907,153.79502599570736,131.55745615863242,-1170.0,0.0,31.7098763822492,33.0,COMPLETE
1268,63.165321672642385,2026-06-17 10:47:55.679266,2026-06-17 10:53:47.496918,0 days 00:05:51.817652,5.0,0.03,1.4,2.0,0.05,1.0,1.9,-41.95360943424255,-41.95360943424255,507.33199160274023,2055.077727066341,2735.3841105845727,63.165321672642385,0.0,4283.129846048172,252.0,COMPLETE
1269,63.165321672642385,2026-06-17 10:48:06.711181,2026-06-17 10:53:55.079872,0 days 00:05:48.368691,5.0,0.03,1.4,2.0,0.05,1.0,1.9,-41.95360943424255,-41.95360943424255,507.33199160274023,2055.077727066341,2735.3841105845727,63.165321672642385,0.0,4283.129846048172,252.0,COMPLETE
1270,63.165321672642385,2026-06-17 10:48:25.487770,2026-06-17 10:54:17.256984,0 days 00:05:51.769214,5.0,0.03,1.4,2.0,0.05,1.0,1.9,-41.95360943424255,-41.95360943424255,507.33199160274023,2055.077727066341,2735.3841105845727,63.165321672642385,0.0,4283.129846048172,252.0,COMPLETE
1271,47.58355243790404,2026-06-17 10:48:49.421893,2026-06-17 10:54:42.014185,0 days 00:05:52.592292,5.0,0.03,1.9000000000000001,2.0,0.05,1.0,1.9,-41.95360943424255,-41.95360943424255,26.215079987646376,1807.9206426915478,2501.4242833442727,47.58355243790404,0.0,4283.129846048172,238.0,COMPLETE
1272,63.165321672642385,2026-06-17 10:48:51.357555,2026-06-17 10:54:40.712783,0 days 00:05:49.355228,5.0,0.03,1.4,2.0,0.05,1.0,1.9,-41.95360943424255,-41.95360943424255,507.33199160274023,2055.077727066341,2735.3841105845727,63.165321672642385,0.0,4283.129846048172,252.0,COMPLETE
1273,57.77238165642857,2026-06-17 10:49:38.780954,2026-06-17 10:55:27.717877,0 days 00:05:48.936923,5.0,0.03,1.4,1.9,0.05,1.0,1.7000000000000002,-41.95360943424255,-41.95360943424255,427.5369470280338,2208.0692757444763,2601.631657279253,57.77238165642857,0.0,4382.163985995696,255.0,COMPLETE
1274,55.47493843271033,2026-06-17 10:49:46.691810,2026-06-17 10:55:39.743773,0 days 00:05:53.051963,5.0,0.03,1.4,1.9,0.05,1.0,1.9,-41.95360943424255,-41.95360943424255,427.5369470280338,2030.066690399911,2680.6001026762956,55.47493843271033,0.0,4283.129846048172,255.0,COMPLETE
1275,50.27783403636329,2026-06-17 10:49:53.868634,2026-06-17 10:55:46.891745,0 days 00:05:53.023111,5.0,0.03,1.9000000000000001,1.9,0.05,1.0,1.7000000000000002,-41.95360943424255,-41.95360943424255,59.77175165098565,2015.383618040495,2426.552119606186,50.27783403636329,0.0,4382.163985995696,239.0,COMPLETE
1276,57.77238165642857,2026-06-17 10:51:07.613770,2026-06-17 10:56:58.098314,0 days 00:05:50.484544,5.0,0.03,1.4,1.9,0.05,1.0,1.7000000000000002,-41.95360943424255,-41.95360943424255,427.5369470280338,2208.0692757444763,2601.631657279253,57.77238165642857,0.0,4382.163985995696,255.0,COMPLETE
1277,57.77238165642857,2026-06-17 10:51:24.747717,2026-06-17 10:57:15.105727,0 days 00:05:50.358010,5.0,0.03,1.4,1.9,0.05,1.0,1.7000000000000002,-41.95360943424255,-41.95360943424255,427.5369470280338,2208.0692757444763,2601.631657279253,57.77238165642857,0.0,4382.163985995696,255.0,COMPLETE
1278,57.77238165642857,2026-06-17 10:51:36.966845,2026-06-17 10:57:26.535566,0 days 00:05:49.568721,5.0,0.03,1.4,1.9,0.05,1.0,1.7000000000000002,-41.95360943424255,-41.95360943424255,427.5369470280338,2208.0692757444763,2601.631657279253,57.77238165642857,0.0,4382.163985995696,255.0,COMPLETE
1279,57.77238165642857,2026-06-17 10:53:22.488431,2026-06-17 10:59:13.968097,0 days 00:05:51.479666,5.0,0.03,1.4,1.9,0.05,1.0,1.7000000000000002,-41.95360943424255,-41.95360943424255,427.5369470280338,2208.0692757444763,2601.631657279253,57.77238165642857,0.0,4382.163985995696,255.0,COMPLETE
1280,-1180.0,2026-06-17 10:53:47.568185,2026-06-17 10:59:37.132990,0 days 00:05:49.564805,5.0,0.03,1.4,1.9,0.05,1.0,2.6,-41.95360943424255,-41.95360943424255,427.5369470280338,202.63854073951916,242.5477054151915,-1180.0,0.0,17.649299126676908,32.0,COMPLETE
1281,57.77238165642857,2026-06-17 10:53:55.157066,2026-06-17 10:59:43.905701,0 days 00:05:48.748635,5.0,0.03,1.4,1.9,0.05,1.0,1.7000000000000002,-41.95360943424255,-41.95360943424255,427.5369470280338,2208.0692757444763,2601.631657279253,57.77238165642857,0.0,4382.163985995696,255.0,COMPLETE
1282,57.77238165642857,2026-06-17 10:54:17.325948,2026-06-17 11:00:09.745209,0 days 00:05:52.419261,5.0,0.03,1.4,1.9,0.05,1.0,1.7000000000000002,-41.95360943424255,-41.95360943424255,427.5369470280338,2208.0692757444763,2601.631657279253,57.77238165642857,0.0,4382.163985995696,255.0,COMPLETE
1283,57.77238165642857,2026-06-17 10:54:40.786586,2026-06-17 11:00:29.810885,0 days 00:05:49.024299,5.0,0.03,1.4,1.9,0.05,1.0,1.7000000000000002,-41.95360943424255,-41.95360943424255,427.5369470280338,2208.0692757444763,2601.631657279253,57.77238165642857,0.0,4382.163985995696,255.0,COMPLETE
1284,57.77238165642857,2026-06-17 10:54:42.088943,2026-06-17 11:00:33.844969,0 days 00:05:51.756026,5.0,0.03,1.4,1.9,0.05,1.0,1.7000000000000002,-41.95360943424255,-41.95360943424255,427.5369470280338,2208.0692757444763,2601.631657279253,57.77238165642857,0.0,4382.163985995696,255.0,COMPLETE
1285,37.538948569128166,2026-06-17 10:55:27.798938,2026-06-17 11:01:17.317621,0 days 00:05:49.518683,2.5,0.03,1.4,1.9,0.05,1.0,1.7000000000000002,-41.95360943424255,-41.95360943424255,415.03503098618376,1499.0172226328073,1604.7239152438283,37.538948569128166,0.0,2688.7061068904513,255.0,COMPLETE
1286,57.77238165642857,2026-06-17 10:55:39.816445,2026-06-17 11:01:32.612368,0 days 00:05:52.795923,5.0,0.03,1.4,1.9,0.05,1.0,1.7000000000000002,-41.95360943424255,-41.95360943424255,427.5369470280338,2208.0692757444763,2601.631657279253,57.77238165642857,0.0,4382.163985995696,255.0,COMPLETE
1287,57.77238165642857,2026-06-17 10:55:46.963429,2026-06-17 11:01:39.706889,0 days 00:05:52.743460,5.0,0.03,1.4,1.9,0.05,1.0,1.7000000000000002,-41.95360943424255,-41.95360943424255,427.5369470280338,2208.0692757444763,2601.631657279253,57.77238165642857,0.0,4382.163985995696,255.0,COMPLETE
1288,37.538948569128166,2026-06-17 10:56:58.172628,2026-06-17 11:02:48.882365,0 days 00:05:50.709737,2.5,0.03,1.4,1.9,0.05,1.0,1.7000000000000002,-41.95360943424255,-41.95360943424255,415.03503098618376,1499.0172226328073,1604.7239152438283,37.538948569128166,0.0,2688.7061068904513,255.0,COMPLETE
1289,57.77238165642857,2026-06-17 10:57:15.174603,2026-06-17 11:03:06.155209,0 days 00:05:50.980606,5.0,0.03,1.4,1.9,0.05,1.0,1.7000000000000002,-41.95360943424255,-41.95360943424255,427.5369470280338,2208.0692757444763,2601.631657279253,57.77238165642857,0.0,4382.163985995696,255.0,COMPLETE
1290,65.27402681489595,2026-06-17 10:57:26.610260,2026-06-17 11:03:17.440222,0 days 00:05:50.829962,5.0,0.03,1.4,2.0,0.05,1.0,1.7000000000000002,-41.95360943424255,-41.95360943424255,507.33199160274023,2233.0803124109048,2656.41566518753,65.27402681489595,0.0,4382.163985995696,252.0,COMPLETE
1291,64.74813708115997,2026-06-17 10:59:14.042277,2026-06-17 11:05:05.748641,0 days 00:05:51.706364,5.0,0.03,1.4,2.0,0.05,1.0,1.8,-41.95360943424255,-41.95360943424255,507.33199160274023,2143.2578104466284,2729.6812148477625,64.74813708115997,0.0,4365.607033691652,252.0,COMPLETE
1292,64.74813708115997,2026-06-17 10:59:37.206219,2026-06-17 11:05:29.283981,0 days 00:05:52.077762,5.0,0.03,1.4,2.0,0.05,1.0,1.8,-41.95360943424255,-41.95360943424255,507.33199160274023,2143.2578104466284,2729.6812148477625,64.74813708115997,0.0,4365.607033691652,252.0,COMPLETE
1293,44.42942364452086,2026-06-17 10:59:43.979741,2026-06-17 11:05:32.888210,0 days 00:05:48.908469,2.5,0.03,1.4,2.0,0.05,1.0,1.8,-41.95360943424255,-41.95360943424255,505.2876614980414,1507.3047275677159,1731.78654175408,44.42942364452086,0.0,2733.803607823756,252.0,COMPLETE
1294,64.74813708115997,2026-06-17 11:00:09.819988,2026-06-17 11:06:02.600533,0 days 00:05:52.780545,5.0,0.03,1.4,2.0,0.05,1.0,1.8,-41.95360943424255,-41.95360943424255,507.33199160274023,2143.2578104466284,2729.6812148477625,64.74813708115997,0.0,4365.607033691652,252.0,COMPLETE
1295,64.74813708115997,2026-06-17 11:00:29.884100,2026-06-17 11:06:20.055482,0 days 00:05:50.171382,5.0,0.03,1.4,2.0,0.05,1.0,1.8,-41.95360943424255,-41.95360943424255,507.33199160274023,2143.2578104466284,2729.6812148477625,64.74813708115997,0.0,4365.607033691652,252.0,COMPLETE
1296,64.74813708115997,2026-06-17 11:00:33.916747,2026-06-17 11:06:27.384053,0 days 00:05:53.467306,5.0,0.03,1.4,2.0,0.05,1.0,1.8,-41.95360943424255,-41.95360943424255,507.33199160274023,2143.2578104466284,2729.6812148477625,64.74813708115997,0.0,4365.607033691652,252.0,COMPLETE
1297,64.74813708115997,2026-06-17 11:01:17.394999,2026-06-17 11:07:06.621483,0 days 00:05:49.226484,5.0,0.03,1.4,2.0,0.05,1.0,1.8,-41.95360943424255,-41.95360943424255,507.33199160274023,2143.2578104466284,2729.6812148477625,64.74813708115997,0.0,4365.607033691652,252.0,COMPLETE
1298,64.06444730401383,2026-06-17 11:01:32.684412,2026-06-17 11:07:25.803234,0 days 00:05:53.118822,5.0,0.03,1.5,2.0,0.05,1.0,1.8,-41.95360943424255,-41.95360943424255,465.61608498641874,2117.5722864316886,2713.650832246381,64.06444730401383,0.0,4365.607033691652,249.0,COMPLETE
1299,-1250.0,2026-06-17 11:01:39.780333,2026-06-17 11:07:31.563349,0 days 00:05:51.783016,5.0,0.03,1.5,2.0,0.05,1.0,2.8,-41.95360943424255,-41.95360943424255,465.61608498641874,198.06671783375913,265.49320961566036,-1250.0,0.0,-2.0561575369992227,25.0,COMPLETE
1300,64.06444730401383,2026-06-17 11:02:48.955461,2026-06-17 11:08:40.361323,0 days 00:05:51.405862,5.0,0.03,1.5,2.0,0.05,1.0,1.8,-41.95360943424255,-41.95360943424255,465.61608498641874,2117.5722864316886,2713.650832246381,64.06444730401383,0.0,4365.607033691652,249.0,COMPLETE
1301,64.06444730401383,2026-06-17 11:03:06.223517,2026-06-17 11:08:57.325898,0 days 00:05:51.102381,5.0,0.03,1.5,2.0,0.05,1.0,1.8,-41.95360943424255,-41.95360943424255,465.61608498641874,2117.5722864316886,2713.650832246381,64.06444730401383,0.0,4365.607033691652,249.0,COMPLETE
1302,64.06444730401383,2026-06-17 11:03:17.503411,2026-06-17 11:09:08.056849,0 days 00:05:50.553438,5.0,0.03,1.5,2.0,0.05,1.0,1.8,-41.95360943424255,-41.95360943424255,465.61608498641874,2117.5722864316886,2713.650832246381,64.06444730401383,0.0,4365.607033691652,249.0,COMPLETE
1303,64.06444730401383,2026-06-17 11:05:05.821024,2026-06-17 11:10:58.225293,0 days 00:05:52.404269,5.0,0.03,1.5,2.0,0.05,1.0,1.8,-41.95360943424255,-41.95360943424255,465.61608498641874,2117.5722864316886,2713.650832246381,64.06444730401383,0.0,4365.607033691652,249.0,COMPLETE
1304,64.06444730401383,2026-06-17 11:05:29.359530,2026-06-17 11:11:21.215572,0 days 00:05:51.856042,5.0,0.03,1.5,2.0,0.05,1.0,1.8,-41.95360943424255,-41.95360943424255,465.61608498641874,2117.5722864316886,2713.650832246381,64.06444730401383,0.0,4365.607033691652,249.0,COMPLETE
1305,64.59092979061512,2026-06-17 11:05:32.959023,2026-06-17 11:11:21.442651,0 days 00:05:48.483628,5.0,0.03,1.5,2.0,0.05,1.0,1.7000000000000002,-41.95360943424255,-41.95360943424255,465.61608498641874,2207.394788395965,2640.3852825861486,64.59092979061512,0.0,4382.163985995696,249.0,COMPLETE
1306,54.47935465176359,2026-06-17 11:06:02.682979,2026-06-17 11:11:54.907624,0 days 00:05:52.224645,3.5,0.03,1.5,2.0,0.05,1.0,1.7000000000000002,-41.95360943424255,-41.95360943424255,465.61608498641874,1885.658041766101,2109.112670227118,54.47935465176359,0.0,3529.1546270068015,249.0,COMPLETE
1307,64.59092979061512,2026-06-17 11:06:20.128847,2026-06-17 11:12:09.402603,0 days 00:05:49.273756,5.0,0.03,1.5,2.0,0.05,1.0,1.7000000000000002,-41.95360943424255,-41.95360943424255,465.61608498641874,2207.394788395965,2640.3852825861486,64.59092979061512,0.0,4382.163985995696,249.0,COMPLETE
1308,64.59092979061512,2026-06-17 11:06:27.455580,2026-06-17 11:12:19.608543,0 days 00:05:52.152963,5.0,0.03,1.5,2.0,0.05,1.0,1.7000000000000002,-41.95360943424255,-41.95360943424255,465.61608498641874,2207.394788395965,2640.3852825861486,64.59092979061512,0.0,4382.163985995696,249.0,COMPLETE
1309,64.59092979061512,2026-06-17 11:07:06.691618,2026-06-17 11:12:56.559790,0 days 00:05:49.868172,5.0,0.03,1.5,2.0,0.05,1.0,1.7000000000000002,-41.95360943424255,-41.95360943424255,465.61608498641874,2207.394788395965,2640.3852825861486,64.59092979061512,0.0,4382.163985995696,249.0,COMPLETE
1310,64.59092979061512,2026-06-17 11:07:25.874930,2026-06-17 11:13:18.698233,0 days 00:05:52.823303,5.0,0.03,1.5,2.0,0.05,1.0,1.7000000000000002,-41.95360943424255,-41.95360943424255,465.61608498641874,2207.394788395965,2640.3852825861486,64.59092979061512,0.0,4382.163985995696,249.0,COMPLETE
1311,64.59092979061512,2026-06-17 11:07:31.633672,2026-06-17 11:13:25.179611,0 days 00:05:53.545939,5.0,0.03,1.5,2.0,0.05,1.0,1.7000000000000002,-41.95360943424255,-41.95360943424255,465.61608498641874,2207.394788395965,2640.3852825861486,64.59092979061512,0.0,4382.163985995696,249.0,COMPLETE
1312,64.59092979061512,2026-06-17 11:08:40.434465,2026-06-17 11:14:31.494006,0 days 00:05:51.059541,5.0,0.03,1.5,2.0,0.05,1.0,1.7000000000000002,-41.95360943424255,-41.95360943424255,465.61608498641874,2207.394788395965,2640.3852825861486,64.59092979061512,0.0,4382.163985995696,249.0,COMPLETE
1313,64.59092979061512,2026-06-17 11:08:57.401311,2026-06-17 11:14:48.756304,0 days 00:05:51.354993,5.0,0.03,1.5,2.0,0.05,1.0,1.7000000000000002,-41.95360943424255,-41.95360943424255,465.61608498641874,2207.394788395965,2640.3852825861486,64.59092979061512,0.0,4382.163985995696,249.0,COMPLETE
1314,65.27402681489595,2026-06-17 11:09:08.136239,2026-06-17 11:14:58.181453,0 days 00:05:50.045214,5.0,0.03,1.4,2.0,0.05,1.0,1.7000000000000002,-41.95360943424255,-41.95360943424255,507.33199160274023,2233.0803124109048,2656.41566518753,65.27402681489595,0.0,4382.163985995696,252.0,COMPLETE
1315,60.23724881680519,2026-06-17 11:10:58.300088,2026-06-17 11:16:50.150337,0 days 00:05:51.850249,5.0,0.03,1.4,2.0,0.05,1.0,2.0,-41.95360943424255,-41.95360943424255,507.33199160274023,1965.004605392865,2659.5863268597627,60.23724881680519,0.0,4117.2589406498855,252.0,COMPLETE
1316,64.605166955541,2026-06-17 11:11:21.289792,2026-06-17 11:17:13.793727,0 days 00:05:52.503935,5.0,0.03,1.4,2.1,0.05,1.0,1.7000000000000002,-41.95360943424255,-41.95360943424255,466.3623034543605,2227.4610236487847,2621.0652658012705,64.605166955541,0.0,4382.163985995696,250.0,COMPLETE
1317,64.605166955541,2026-06-17 11:11:21.522827,2026-06-17 11:17:09.783202,0 days 00:05:48.260375,5.0,0.03,1.4,2.1,0.05,1.0,1.7000000000000002,-41.95360943424255,-41.95360943424255,466.3623034543605,2227.4610236487847,2621.0652658012705,64.605166955541,0.0,4382.163985995696,250.0,COMPLETE
1318,64.605166955541,2026-06-17 11:11:54.980372,2026-06-17 11:17:47.372810,0 days 00:05:52.392438,5.0,0.02,1.4,2.1,0.05,1.0,1.7000000000000002,-41.95360943424255,-41.95360943424255,466.3623034543605,2227.4610236487847,2621.0652658012705,64.605166955541,0.0,4382.163985995696,250.0,COMPLETE
1319,64.605166955541,2026-06-17 11:12:09.481042,2026-06-17 11:17:59.236434,0 days 00:05:49.755392,5.0,0.03,1.4,2.1,0.05,1.0,1.7000000000000002,-41.95360943424255,-41.95360943424255,466.3623034543605,2227.4610236487847,2621.0652658012705,64.605166955541,0.0,4382.163985995696,250.0,COMPLETE
1320,64.605166955541,2026-06-17 11:12:19.680276,2026-06-17 11:18:11.861524,0 days 00:05:52.181248,5.0,0.03,1.4,2.1,0.05,1.0,1.7000000000000002,-41.95360943424255,-41.95360943424255,466.3623034543605,2227.4610236487847,2621.0652658012705,64.605166955541,0.0,4382.163985995696,250.0,COMPLETE
1321,64.605166955541,2026-06-17 11:12:56.631655,2026-06-17 11:18:46.316579,0 days 00:05:49.684924,5.0,0.03,1.4,2.1,0.05,1.0,1.7000000000000002,-41.95360943424255,-41.95360943424255,466.3623034543605,2227.4610236487847,2621.0652658012705,64.605166955541,0.0,4382.163985995696,250.0,COMPLETE
1322,59.567440580445556,2026-06-17 11:13:18.769355,2026-06-17 11:19:11.502872,0 days 00:05:52.733517,5.0,0.03,1.4,2.1,0.05,1.0,2.0,-41.95360943424255,-41.95360943424255,466.3623034543605,1959.3853166307445,2624.235927473504,59.567440580445556,0.0,4117.2589406498855,250.0,COMPLETE
1323,42.06454440769035,2026-06-17 11:13:25.253731,2026-06-17 11:19:17.968713,0 days 00:05:52.714982,5.0,0.03,1.4,1.7000000000000002,0.05,1.0,1.7000000000000002,-41.95360943424255,-41.95360943424255,79.80988419645325,2100.1177925119623,2361.856077680186,42.06454440769035,0.0,4382.163985995696,250.0,COMPLETE
1324,64.605166955541,2026-06-17 11:14:31.564851,2026-06-17 11:20:22.189423,0 days 00:05:50.624572,5.0,0.03,1.4,2.1,0.05,1.0,1.7000000000000002,-41.95360943424255,-41.95360943424255,466.3623034543605,2227.4610236487847,2621.0652658012705,64.605166955541,0.0,4382.163985995696,250.0,COMPLETE
1325,53.91964294994464,2026-06-17 11:14:48.829958,2026-06-17 11:20:40.787418,0 days 00:05:51.957460,5.0,0.03,0.5,2.1,0.05,1.0,1.8,-41.95360943424255,-41.95360943424255,25.490319299442397,1977.0594079618868,2414.037945029206,53.91964294994464,0.0,4365.607033691652,253.0,COMPLETE
1326,64.605166955541,2026-06-17 11:14:58.253177,2026-06-17 11:20:49.142731,0 days 00:05:50.889554,5.0,0.03,1.4,2.1,0.05,1.0,1.7000000000000002,-41.95360943424255,-41.95360943424255,466.3623034543605,2227.4610236487847,2621.0652658012705,64.605166955541,0.0,4382.163985995696,250.0,COMPLETE
1327,64.605166955541,2026-06-17 11:16:50.222830,2026-06-17 11:22:42.318186,0 days 00:05:52.095356,5.0,0.02,1.4,2.1,0.05,1.0,1.7000000000000002,-41.95360943424255,-41.95360943424255,466.3623034543605,2227.4610236487847,2621.0652658012705,64.605166955541,0.0,4382.163985995696,250.0,COMPLETE
1328,64.605166955541,2026-06-17 11:17:09.852183,2026-06-17 11:22:58.751268,0 days 00:05:48.899085,5.0,0.03,1.4,2.1,0.05,1.0,1.7000000000000002,-41.95360943424255,-41.95360943424255,466.3623034543605,2227.4610236487847,2621.0652658012705,64.605166955541,0.0,4382.163985995696,250.0,COMPLETE
1329,64.605166955541,2026-06-17 11:17:13.869511,2026-06-17 11:23:05.951134,0 days 00:05:52.081623,5.0,0.03,1.4,2.1,0.05,1.0,1.7000000000000002,-41.95360943424255,-41.95360943424255,466.3623034543605,2227.4610236487847,2621.0652658012705,64.605166955541,0.0,4382.163985995696,250.0,COMPLETE
1330,64.605166955541,2026-06-17 11:17:47.446450,2026-06-17 11:23:40.510748,0 days 00:05:53.064298,5.0,0.03,1.4,2.1,0.05,1.0,1.7000000000000002,-41.95360943424255,-41.95360943424255,466.3623034543605,2227.4610236487847,2621.0652658012705,64.605166955541,0.0,4382.163985995696,250.0,COMPLETE
1331,54.12967116688873,2026-06-17 11:17:59.308934,2026-06-17 11:23:49.866660,0 days 00:05:50.557726,5.0,0.03,0.6,1.8,0.05,1.0,1.7000000000000002,-41.95360943424255,-41.95360943424255,38.07149805275188,2080.097106987144,2340.138377061303,54.12967116688873,0.0,4382.163985995696,253.0,COMPLETE
1332,57.77238165642857,2026-06-17 11:18:11.932203,2026-06-17 11:24:04.785566,0 days 00:05:52.853363,5.0,0.03,1.4,1.9,0.05,1.0,1.7000000000000002,-41.95360943424255,-41.95360943424255,427.5369470280338,2208.0692757444763,2601.631657279253,57.77238165642857,0.0,4382.163985995696,255.0,COMPLETE
1333,44.370881842603076,2026-06-17 11:18:46.389300,2026-06-17 11:24:36.596534,0 days 00:05:50.207234,5.0,0.03,1.4,1.3,0.05,1.0,1.7000000000000002,-41.95360943424255,-41.95360943424255,-31.403307702431285,2052.1616941744746,2298.5989841187893,44.370881842603076,0.0,4382.163985995696,251.0,COMPLETE
1334,57.77238165642857,2026-06-17 11:19:11.578479,2026-06-17 11:25:04.774721,0 days 00:05:53.196242,5.0,0.03,1.4,1.9,0.05,1.0,1.7000000000000002,-41.95360943424255,-41.95360943424255,427.5369470280338,2208.0692757444763,2601.631657279253,57.77238165642857,0.0,4382.163985995696,255.0,COMPLETE
1335,57.77238165642857,2026-06-17 11:19:18.039630,2026-06-17 11:25:11.470435,0 days 00:05:53.430805,5.0,0.03,1.4,1.9,0.05,1.0,1.7000000000000002,-41.95360943424255,-41.95360943424255,427.5369470280338,2208.0692757444763,2601.631657279253,57.77238165642857,0.0,4382.163985995696,255.0,COMPLETE
1336,44.93180236991004,2026-06-17 11:20:22.269719,2026-06-17 11:26:12.715435,0 days 00:05:50.445716,5.0,0.03,1.4,1.4,0.05,1.0,1.7000000000000002,-41.95360943424255,-41.95360943424255,8.15726167634147,2096.059350054153,2294.2618976178837,44.93180236991004,0.0,4382.163985995696,253.0,COMPLETE
1337,54.99857920081229,2026-06-17 11:20:40.859956,2026-06-17 11:26:32.414095,0 days 00:05:51.554139,4.5,0.03,1.4,1.9,0.05,1.0,1.7000000000000002,-41.95360943424255,-41.95360943424255,427.5369470280338,2124.0037296343553,2463.1752393717184,54.99857920081229,0.0,4159.642021978043,255.0,COMPLETE
1338,51.071909068393595,2026-06-17 11:20:49.212957,2026-06-17 11:26:39.787814,0 days 00:05:50.574857,4.5,0.06,0.6,1.9,0.05,1.0,1.8,-41.95360943424255,-41.95360943424255,33.43652078891181,1910.6626108303105,2274.353741752802,51.071909068393595,0.0,4151.5798317942035,253.0,COMPLETE
1339,54.541906275690756,2026-06-17 11:22:42.396875,2026-06-17 11:28:34.320000,0 days 00:05:51.923125,4.5,0.03,1.4,1.9,0.05,1.0,1.8,-41.95360943424255,-41.95360943424255,427.5369470280338,2043.5027136375395,2535.6140651846945,54.541906275690756,0.0,4151.5798317942035,255.0,COMPLETE
1340,54.541906275690756,2026-06-17 11:22:58.822849,2026-06-17 11:28:46.702716,0 days 00:05:47.879867,4.5,0.03,1.4,1.9,0.05,1.0,1.8,-41.95360943424255,-41.95360943424255,427.5369470280338,2043.5027136375395,2535.6140651846945,54.541906275690756,0.0,4151.5798317942035,255.0,COMPLETE
1341,54.541906275690756,2026-06-17 11:23:06.023367,2026-06-17 11:28:57.766103,0 days 00:05:51.742736,4.5,0.03,1.4,1.9,0.05,1.0,1.8,-41.95360943424255,-41.95360943424255,427.5369470280338,2043.5027136375395,2535.6140651846945,54.541906275690756,0.0,4151.5798317942035,255.0,COMPLETE
1342,46.54348402863193,2026-06-17 11:23:40.583052,2026-06-17 11:29:33.560204,0 days 00:05:52.977152,4.5,0.03,1.4,1.8,0.05,1.0,1.8,-41.95360943424255,-41.95360943424255,117.71252990583497,2071.7988322422957,2197.4935294577404,46.54348402863193,0.0,4151.5798317942035,254.0,COMPLETE
1343,19.182060969128646,2026-06-17 11:23:49.942125,2026-06-17 11:29:38.732922,0 days 00:05:48.790797,5.0,0.03,1.4,1.9,0.05,2.0,1.8,-41.95360943424255,-41.95360943424255,427.5369470280338,1478.8008290909622,946.325564598287,19.182060969128646,0.0,1997.589446661215,118.0,COMPLETE
1344,54.541906275690756,2026-06-17 11:24:04.857921,2026-06-17 11:29:57.086144,0 days 00:05:52.228223,4.5,0.03,1.4,1.9,0.05,1.0,1.8,-41.95360943424255,-41.95360943424255,427.5369470280338,2043.5027136375395,2535.6140651846945,54.541906275690756,0.0,4151.5798317942035,255.0,COMPLETE
1345,54.541906275690756,2026-06-17 11:24:36.669235,2026-06-17 11:30:26.188029,0 days 00:05:49.518794,4.5,0.03,1.4,1.9,0.05,1.0,1.8,-41.95360943424255,-41.95360943424255,427.5369470280338,2043.5027136375395,2535.6140651846945,54.541906275690756,0.0,4151.5798317942035,255.0,COMPLETE
1346,62.102540977048896,2026-06-17 11:25:04.847317,2026-06-17 11:30:57.795921,0 days 00:05:52.948604,4.5,0.03,1.4,2.0,0.05,1.0,1.8,-41.95360943424255,-41.95360943424255,507.33199160274023,2068.513750303969,2590.398073092973,62.102540977048896,0.0,4151.5798317942035,252.0,COMPLETE
1347,27.752921212910355,2026-06-17 11:25:11.537979,2026-06-17 11:31:03.817025,0 days 00:05:52.279046,4.5,0.03,1.4,2.0,0.05,2.0,1.8,-41.95360943424255,-41.95360943424255,507.33199160274023,1452.4710282099759,989.6055816215054,27.752921212910355,0.0,1934.7446182287404,115.0,COMPLETE
1348,62.102540977048896,2026-06-17 11:26:12.787070,2026-06-17 11:32:03.240954,0 days 00:05:50.453884,4.5,0.03,1.4,2.0,0.05,1.0,1.8,-41.95360943424255,-41.95360943424255,507.33199160274023,2068.513750303969,2590.398073092973,62.102540977048896,0.0,4151.5798317942035,252.0,COMPLETE
1349,64.74813708115997,2026-06-17 11:26:32.486089,2026-06-17 11:32:23.424445,0 days 00:05:50.938356,5.0,0.06,1.4,2.0,0.05,1.0,1.8,-41.95360943424255,-41.95360943424255,507.33199160274023,2143.2578104466284,2729.6812148477625,64.74813708115997,0.0,4365.607033691652,252.0,COMPLETE
1350,64.74813708115997,2026-06-17 11:26:39.859585,2026-06-17 11:32:30.660351,0 days 00:05:50.800766,5.0,0.03,1.4,2.0,0.05,1.0,1.8,-41.95360943424255,-41.95360943424255,507.33199160274023,2143.2578104466284,2729.6812148477625,64.74813708115997,0.0,4365.607033691652,252.0,COMPLETE
1351,64.74813708115997,2026-06-17 11:28:34.388094,2026-06-17 11:34:26.265871,0 days 00:05:51.877777,5.0,0.03,1.4,2.0,0.05,1.0,1.8,-41.95360943424255,-41.95360943424255,507.33199160274023,2143.2578104466284,2729.6812148477625,64.74813708115997,0.0,4365.607033691652,252.0,COMPLETE
1352,64.74813708115997,2026-06-17 11:28:46.774177,2026-06-17 11:34:35.310493,0 days 00:05:48.536316,5.0,0.03,1.4,2.0,0.05,1.0,1.8,-41.95360943424255,-41.95360943424255,507.33199160274023,2143.2578104466284,2729.6812148477625,64.74813708115997,0.0,4365.607033691652,252.0,COMPLETE
1353,64.74813708115997,2026-06-17 11:28:57.841676,2026-06-17 11:34:49.871938,0 days 00:05:52.030262,5.0,0.03,1.4,2.0,0.05,1.0,1.8,-41.95360943424255,-41.95360943424255,507.33199160274023,2143.2578104466284,2729.6812148477625,64.74813708115997,0.0,4365.607033691652,252.0,COMPLETE
1354,64.74813708115997,2026-06-17 11:29:33.632144,2026-06-17 11:35:26.507956,0 days 00:05:52.875812,5.0,0.03,1.4,2.0,0.05,1.0,1.8,-41.95360943424255,-41.95360943424255,507.33199160274023,2143.2578104466284,2729.6812148477625,64.74813708115997,0.0,4365.607033691652,252.0,COMPLETE
1355,64.74813708115997,2026-06-17 11:29:38.806921,2026-06-17 11:35:28.894401,0 days 00:05:50.087480,5.0,0.03,1.4,2.0,0.05,1.0,1.8,-41.95360943424255,-41.95360943424255,507.33199160274023,2143.2578104466284,2729.6812148477625,64.74813708115997,0.0,4365.607033691652,252.0,COMPLETE
1356,64.74813708115997,2026-06-17 11:29:57.156683,2026-06-17 11:35:50.019681,0 days 00:05:52.862998,5.0,0.03,1.4,2.0,0.05,1.0,1.8,-41.95360943424255,-41.95360943424255,507.33199160274023,2143.2578104466284,2729.6812148477625,64.74813708115997,0.0,4365.607033691652,252.0,COMPLETE
1357,64.74813708115997,2026-06-17 11:30:26.258954,2026-06-17 11:36:16.054088,0 days 00:05:49.795134,5.0,0.03,1.4,2.0,0.05,1.0,1.8,-41.95360943424255,-41.95360943424255,507.33199160274023,2143.2578104466284,2729.6812148477625,64.74813708115997,0.0,4365.607033691652,252.0,COMPLETE
1358,64.74813708115997,2026-06-17 11:30:57.869987,2026-06-17 11:36:51.009623,0 days 00:05:53.139636,5.0,0.03,1.4,2.0,0.05,1.0,1.8,-41.95360943424255,-41.95360943424255,507.33199160274023,2143.2578104466284,2729.6812148477625,64.74813708115997,0.0,4365.607033691652,252.0,COMPLETE
1359,64.74813708115997,2026-06-17 11:31:03.891461,2026-06-17 11:36:57.117734,0 days 00:05:53.226273,5.0,0.03,1.4,2.0,0.05,1.0,1.8,-41.95360943424255,-41.95360943424255,507.33199160274023,2143.2578104466284,2729.6812148477625,64.74813708115997,0.0,4365.607033691652,252.0,COMPLETE
1360,64.74813708115997,2026-06-17 11:32:03.318411,2026-06-17 11:37:54.621617,0 days 00:05:51.303206,5.0,0.03,1.4,2.0,0.05,1.0,1.8,-41.95360943424255,-41.95360943424255,507.33199160274023,2143.2578104466284,2729.6812148477625,64.74813708115997,0.0,4365.607033691652,252.0,COMPLETE
1361,64.06444730401383,2026-06-17 11:32:23.496827,2026-06-17 11:38:14.658249,0 days 00:05:51.161422,5.0,0.03,1.5,2.0,0.05,1.0,1.8,-41.95360943424255,-41.95360943424255,465.61608498641874,2117.5722864316886,2713.650832246381,64.06444730401383,0.0,4365.607033691652,249.0,COMPLETE
1362,64.74813708115997,2026-06-17 11:32:30.731984,2026-06-17 11:38:21.631025,0 days 00:05:50.899041,5.0,0.03,1.4,2.0,0.05,1.0,1.8,-41.95360943424255,-41.95360943424255,507.33199160274023,2143.2578104466284,2729.6812148477625,64.74813708115997,0.0,4365.607033691652,252.0,COMPLETE
1363,64.59092979061512,2026-06-17 11:34:26.342137,2026-06-17 11:40:18.881324,0 days 00:05:52.539187,5.0,0.03,1.5,2.0,0.05,1.0,1.7000000000000002,-41.95360943424255,-41.95360943424255,465.61608498641874,2207.394788395965,2640.3852825861486,64.59092979061512,0.0,4382.163985995696,249.0,COMPLETE
1364,65.27402681489595,2026-06-17 11:34:35.383868,2026-06-17 11:40:24.133034,0 days 00:05:48.749166,5.0,0.03,1.4,2.0,0.05,1.0,1.7000000000000002,-41.95360943424255,-41.95360943424255,507.33199160274023,2233.0803124109048,2656.41566518753,65.27402681489595,0.0,4382.163985995696,252.0,COMPLETE
1365,64.59092979061512,2026-06-17 11:34:49.947691,2026-06-17 11:40:42.181279,0 days 00:05:52.233588,5.0,0.03,1.5,2.0,0.05,1.0,1.7000000000000002,-41.95360943424255,-41.95360943424255,465.61608498641874,2207.394788395965,2640.3852825861486,64.59092979061512,0.0,4382.163985995696,249.0,COMPLETE
1366,62.4812178315564,2026-06-17 11:35:26.583605,2026-06-17 11:41:19.010129,0 days 00:05:52.426524,5.0,0.03,1.5,2.0,0.05,1.0,1.9,-41.95360943424255,-41.95360943424255,465.61608498641874,2029.3922030514002,2719.353727983191,62.4812178315564,0.0,4283.129846048172,249.0,COMPLETE
1367,64.59092979061512,2026-06-17 11:35:28.966665,2026-06-17 11:41:18.398797,0 days 00:05:49.432132,5.0,0.03,1.5,2.0,0.05,1.0,1.7000000000000002,-41.95360943424255,-41.95360943424255,465.61608498641874,2207.394788395965,2640.3852825861486,64.59092979061512,0.0,4382.163985995696,249.0,COMPLETE
1368,62.4812178315564,2026-06-17 11:35:50.092186,2026-06-17 11:41:42.953590,0 days 00:05:52.861404,5.0,0.03,1.5,2.0,0.05,1.0,1.9,-41.95360943424255,-41.95360943424255,465.61608498641874,2029.3922030514002,2719.353727983191,62.4812178315564,0.0,4283.129846048172,249.0,COMPLETE
1369,-1330.0,2026-06-17 11:36:16.131753,2026-06-17 11:42:03.292183,0 days 00:05:47.160430,5.0,0.03,1.6,2.0,0.05,1.0,2.9000000000000004,-41.95360943424255,-41.95360943424255,-238.39191566247695,-273.6638584114044,31.35651002143924,-1330.0,0.0,-3.915432727488259,17.0,COMPLETE
1370,64.59092979061512,2026-06-17 11:36:51.083039,2026-06-17 11:42:44.336692,0 days 00:05:53.253653,5.0,0.03,1.5,2.0,0.05,1.0,1.7000000000000002,-41.95360943424255,-41.95360943424255,465.61608498641874,2207.394788395965,2640.3852825861486,64.59092979061512,0.0,4382.163985995696,249.0,COMPLETE
1371,-1250.0,2026-06-17 11:36:57.191506,2026-06-17 11:42:48.130281,0 days 00:05:50.938775,5.0,0.03,1.5,2.0,0.05,1.0,2.9000000000000004,-41.95360943424255,-41.95360943424255,465.61608498641874,196.20744264327007,265.49320961566036,-1250.0,0.0,-3.915432727488259,25.0,COMPLETE
1372,64.59092979061512,2026-06-17 11:37:54.693404,2026-06-17 11:43:45.585044,0 days 00:05:50.891640,5.0,0.03,1.5,2.0,0.05,1.0,1.7000000000000002,-41.95360943424255,-41.95360943424255,465.61608498641874,2207.394788395965,2640.3852825861486,64.59092979061512,0.0,4382.163985995696,249.0,COMPLETE
1373,45.8220206363091,2026-06-17 11:38:14.730131,2026-06-17 11:44:05.941564,0 days 00:05:51.211433,5.0,0.03,1.5,2.1,0.05,1.0,1.7000000000000002,-41.95360943424255,-41.95360943424255,-158.33116695671467,1738.9560948008384,2484.8767242381423,45.8220206363091,0.0,4382.163985995696,241.0,COMPLETE
1374,45.8220206363091,2026-06-17 11:38:21.704891,2026-06-17 11:44:12.621170,0 days 00:05:50.916279,5.0,0.03,1.5,2.1,0.05,1.0,1.7000000000000002,-41.95360943424255,-41.95360943424255,-158.33116695671467,1738.9560948008384,2484.8767242381423,45.8220206363091,0.0,4382.163985995696,241.0,COMPLETE
1375,65.79077552672315,2026-06-17 11:40:18.953097,2026-06-17 11:46:10.734720,0 days 00:05:51.781623,5.0,0.03,1.5,1.9,0.05,1.0,1.7000000000000002,-41.95360943424255,-41.95360943424255,539.1881011267953,2248.63662289825,2672.7154642242403,65.79077552672315,0.0,4382.163985995696,251.0,COMPLETE
1376,65.79077552672315,2026-06-17 11:40:24.208973,2026-06-17 11:46:12.210833,0 days 00:05:48.001860,5.0,0.03,1.5,1.9,0.05,1.0,1.7000000000000002,-41.95360943424255,-41.95360943424255,539.1881011267953,2248.63662289825,2672.7154642242403,65.79077552672315,0.0,4382.163985995696,251.0,COMPLETE
1377,48.54749861598335,2026-06-17 11:40:42.257628,2026-06-17 11:46:34.320764,0 days 00:05:52.063136,5.0,0.03,1.3,1.9,0.05,1.0,1.7000000000000002,-41.95360943424255,-41.95360943424255,41.029695018772834,2187.3871345297503,2235.8065464847177,48.54749861598335,0.0,4382.163985995696,257.0,COMPLETE
1378,48.54749861598335,2026-06-17 11:41:18.467790,2026-06-17 11:47:08.516286,0 days 00:05:50.048496,5.0,0.03,1.3,1.9,0.05,1.0,1.7000000000000002,-41.95360943424255,-41.95360943424255,41.029695018772834,2187.3871345297503,2235.8065464847177,48.54749861598335,0.0,4382.163985995696,257.0,COMPLETE
1379,57.07921781469431,2026-06-17 11:41:19.085106,2026-06-17 11:47:11.331888,0 days 00:05:52.246782,5.0,0.03,1.3,2.1,0.05,1.0,1.7000000000000002,-41.95360943424255,-41.95360943424255,368.61604804903675,2186.09660180009,2564.6834322446425,57.07921781469431,0.0,4382.163985995696,253.0,COMPLETE
1380,57.07921781469431,2026-06-17 11:41:43.022866,2026-06-17 11:47:36.016462,0 days 00:05:52.993596,5.0,0.03,1.3,2.1,0.05,1.0,1.7000000000000002,-41.95360943424255,-41.95360943424255,368.61604804903675,2186.09660180009,2564.6834322446425,57.07921781469431,0.0,4382.163985995696,253.0,COMPLETE
1381,57.07921781469431,2026-06-17 11:42:03.365717,2026-06-17 11:47:52.592129,0 days 00:05:49.226412,5.0,0.03,1.3,2.1,0.05,1.0,1.7000000000000002,-41.95360943424255,-41.95360943424255,368.61604804903675,2186.09660180009,2564.6834322446425,57.07921781469431,0.0,4382.163985995696,253.0,COMPLETE
1382,27.66028545963711,2026-06-17 11:42:44.409080,2026-06-17 11:48:36.311228,0 days 00:05:51.902148,5.0,0.03,1.3,2.1,0.05,1.8,1.7000000000000002,-41.95360943424255,-41.95360943424255,368.61604804903675,1664.6013429250952,1252.1797458931026,27.66028545963711,0.0,2548.1650407691623,145.0,COMPLETE
1383,57.07921781469431,2026-06-17 11:42:48.202147,2026-06-17 11:48:40.990572,0 days 00:05:52.788425,5.0,0.03,1.3,2.1,0.05,1.0,1.7000000000000002,-41.95360943424255,-41.95360943424255,368.61604804903675,2186.09660180009,2564.6834322446425,57.07921781469431,0.0,4382.163985995696,253.0,COMPLETE
1384,57.07921781469431,2026-06-17 11:43:45.672764,2026-06-17 11:49:36.462575,0 days 00:05:50.789811,5.0,0.03,1.3,2.1,0.05,1.0,1.7000000000000002,-41.95360943424255,-41.95360943424255,368.61604804903675,2186.09660180009,2564.6834322446425,57.07921781469431,0.0,4382.163985995696,253.0,COMPLETE
1385,57.07921781469431,2026-06-17 11:44:06.014992,2026-06-17 11:49:57.849666,0 days 00:05:51.834674,5.0,0.03,1.3,2.1,0.05,1.0,1.7000000000000002,-41.95360943424255,-41.95360943424255,368.61604804903675,2186.09660180009,2564.6834322446425,57.07921781469431,0.0,4382.163985995696,253.0,COMPLETE
1386,48.54749861598335,2026-06-17 11:44:12.693404,2026-06-17 11:50:03.757886,0 days 00:05:51.064482,5.0,0.03,1.3,1.9,0.05,1.0,1.7000000000000002,-41.95360943424255,-41.95360943424255,41.029695018772834,2187.3871345297503,2235.8065464847177,48.54749861598335,0.0,4382.163985995696,257.0,COMPLETE
1387,65.79077552672315,2026-06-17 11:46:10.814091,2026-06-17 11:52:03.517420,0 days 00:05:52.703329,5.0,0.03,1.5,1.9,0.05,1.0,1.7000000000000002,-41.95360943424255,-41.95360943424255,539.1881011267953,2248.63662289825,2672.7154642242403,65.79077552672315,0.0,4382.163985995696,251.0,COMPLETE
1388,58.23037518344668,2026-06-17 11:46:12.299829,2026-06-17 11:52:01.821578,0 days 00:05:49.521749,5.0,0.03,1.5,1.8,0.05,1.0,1.7000000000000002,-41.95360943424255,-41.95360943424255,465.73061379100477,2223.093599193216,2624.801000593484,58.23037518344668,0.0,4382.163985995696,255.0,COMPLETE
1389,65.01540319357422,2026-06-17 11:46:34.402970,2026-06-17 11:52:27.073314,0 days 00:05:52.670344,5.0,0.03,1.6,1.9,0.01,1.0,1.7000000000000002,-41.95360943424255,-41.95360943424255,491.83204285204596,2212.258294218826,2661.7377346289145,65.01540319357422,0.0,4382.163985995696,248.0,COMPLETE
1390,58.23037518344668,2026-06-17 11:47:08.599784,2026-06-17 11:52:59.005329,0 days 00:05:50.405545,5.0,0.03,1.5,1.8,0.05,1.0,1.7000000000000002,-41.95360943424255,-41.95360943424255,465.73061379100477,2223.093599193216,2624.801000593484,58.23037518344668,0.0,4382.163985995696,255.0,COMPLETE
1391,58.23037518344668,2026-06-17 11:47:11.423578,2026-06-17 11:53:05.102480,0 days 00:05:53.678902,5.0,0.03,1.5,1.8,0.05,1.0,1.7000000000000002,-41.95360943424255,-41.95360943424255,465.73061379100477,2223.093599193216,2624.801000593484,58.23037518344668,0.0,4382.163985995696,255.0,COMPLETE
1392,58.23037518344668,2026-06-17 11:47:36.105983,2026-06-17 11:53:30.261688,0 days 00:05:54.155705,5.0,0.03,1.5,1.8,0.05,1.0,1.7000000000000002,-41.95360943424255,-41.95360943424255,465.73061379100477,2223.093599193216,2624.801000593484,58.23037518344668,0.0,4382.163985995696,255.0,COMPLETE
1393,66.77824150720708,2026-06-17 11:47:52.676053,2026-06-17 11:53:43.181906,0 days 00:05:50.505853,5.0,0.03,1.6,1.8,0.05,1.0,1.7000000000000002,-41.95360943424255,-41.95360943424255,600.6258624711003,2275.7737115523046,2707.01613691449,66.77824150720708,0.0,4382.163985995696,251.0,COMPLETE
1394,58.23037518344668,2026-06-17 11:48:36.397867,2026-06-17 11:54:30.135572,0 days 00:05:53.737705,5.0,0.03,1.5,1.8,0.05,1.0,1.7000000000000002,-41.95360943424255,-41.95360943424255,465.73061379100477,2223.093599193216,2624.801000593484,58.23037518344668,0.0,4382.163985995696,255.0,COMPLETE
1395,65.79077552672315,2026-06-17 11:48:41.095450,2026-06-17 11:54:35.123652,0 days 00:05:54.028202,5.0,0.03,1.5,1.9,0.05,1.0,1.7000000000000002,-41.95360943424255,-41.95360943424255,539.1881011267953,2248.63662289825,2672.7154642242403,65.79077552672315,0.0,4382.163985995696,251.0,COMPLETE
1396,66.77824150720708,2026-06-17 11:49:36.545913,2026-06-17 11:55:27.836988,0 days 00:05:51.291075,5.0,0.03,1.6,1.8,0.05,1.0,1.7000000000000002,-41.95360943424255,-41.95360943424255,600.6258624711003,2275.7737115523046,2707.01613691449,66.77824150720708,0.0,4382.163985995696,251.0,COMPLETE
1397,65.79077552672315,2026-06-17 11:49:57.933472,2026-06-17 11:55:49.226033,0 days 00:05:51.292561,5.0,0.03,1.5,1.9,0.05,1.0,1.7000000000000002,-41.95360943424255,-41.95360943424255,539.1881011267953,2248.63662289825,2672.7154642242403,65.79077552672315,0.0,4382.163985995696,251.0,COMPLETE
1398,65.79077552672315,2026-06-17 11:50:03.853662,2026-06-17 11:55:55.071469,0 days 00:05:51.217807,5.0,0.03,1.5,1.9,0.05,1.0,1.7000000000000002,-41.95360943424255,-41.95360943424255,539.1881011267953,2248.63662289825,2672.7154642242403,65.79077552672315,0.0,4382.163985995696,251.0,COMPLETE
1399,66.77824150720708,2026-06-17 11:52:01.889617,2026-06-17 11:57:50.326711,0 days 00:05:48.437094,5.0,0.03,1.6,1.8,0.05,1.0,1.7000000000000002,-41.95360943424255,-41.95360943424255,600.6258624711003,2275.7737115523046,2707.01613691449,66.77824150720708,0.0,4382.163985995696,251.0,COMPLETE
1400,58.23037518344668,2026-06-17 11:52:03.589895,2026-06-17 11:57:55.156459,0 days 00:05:51.566564,5.0,0.03,1.5,1.8,0.05,1.0,1.7000000000000002,-41.95360943424255,-41.95360943424255,465.73061379100477,2223.093599193216,2624.801000593484,58.23037518344668,0.0,4382.163985995696,255.0,COMPLETE
1401,66.77824150720708,2026-06-17 11:52:27.146196,2026-06-17 11:58:18.947052,0 days 00:05:51.800856,5.0,0.03,1.6,1.8,0.05,1.0,1.7000000000000002,-41.95360943424255,-41.95360943424255,600.6258624711003,2275.7737115523046,2707.01613691449,66.77824150720708,0.0,4382.163985995696,251.0,COMPLETE
1402,66.77824150720708,2026-06-17 11:52:59.076955,2026-06-17 11:58:48.411514,0 days 00:05:49.334559,5.0,0.03,1.6,1.8,0.03,1.0,1.7000000000000002,-41.95360943424255,-41.95360943424255,600.6258624711003,2275.7737115523046,2707.01613691449,66.77824150720708,0.0,4382.163985995696,251.0,COMPLETE
1403,65.01540319357422,2026-06-17 11:53:05.177026,2026-06-17 11:58:57.965303,0 days 00:05:52.788277,5.0,0.03,1.6,1.9,0.04,1.0,1.7000000000000002,-41.95360943424255,-41.95360943424255,491.83204285204596,2212.258294218826,2661.7377346289145,65.01540319357422,0.0,4382.163985995696,248.0,COMPLETE
1404,61.27154781712336,2026-06-17 11:53:30.333304,2026-06-17 11:59:22.736594,0 days 00:05:52.403290,4.0,0.03,1.6,1.8,0.01,1.0,1.7000000000000002,-41.95360943424255,-41.95360943424255,600.6258624711003,2081.818340191816,2393.608105902256,61.27154781712336,0.0,3874.800583622974,251.0,COMPLETE
1405,36.75642049026157,2026-06-17 11:53:43.267373,2026-06-17 11:59:32.624658,0 days 00:05:49.357285,5.0,0.03,1.7000000000000002,1.9,0.02,1.0,1.7000000000000002,-41.95360943424255,-41.95360943424255,-236.73223744988522,1735.9397769864477,2409.4919715593624,36.75642049026157,0.0,4382.163985995696,241.0,COMPLETE
1406,67.54923750026857,2026-06-17 11:54:30.220403,2026-06-17 12:00:23.830388,0 days 00:05:53.609985,5.0,0.03,1.7000000000000002,1.7000000000000002,0.01,1.0,1.7000000000000002,-41.95360943424255,-41.95360943424255,648.3024236685495,2295.666970298596,2734.799439365648,67.54923750026857,0.0,4382.163985995696,251.0,COMPLETE
1407,66.77824150720708,2026-06-17 11:54:35.211692,2026-06-17 12:00:29.557514,0 days 00:05:54.345822,5.0,0.03,1.6,1.8,0.03,1.0,1.7000000000000002,-41.95360943424255,-41.95360943424255,600.6258624711003,2275.7737115523046,2707.01613691449,66.77824150720708,0.0,4382.163985995696,251.0,COMPLETE
1408,58.23037518344668,2026-06-17 11:55:27.920611,2026-06-17 12:01:19.833269,0 days 00:05:51.912658,5.0,0.03,1.5,1.8,0.05,1.0,1.7000000000000002,-41.95360943424255,-41.95360943424255,465.73061379100477,2223.093599193216,2624.801000593484,58.23037518344668,0.0,4382.163985995696,255.0,COMPLETE
1409,66.77824150720708,2026-06-17 11:55:49.311529,2026-06-17 12:01:42.136483,0 days 00:05:52.824954,5.0,0.03,1.6,1.8,0.01,1.0,1.7000000000000002,-41.95360943424255,-41.95360943424255,600.6258624711003,2275.7737115523046,2707.01613691449,66.77824150720708,0.0,4382.163985995696,251.0,COMPLETE
1410,66.77824150720708,2026-06-17 11:55:55.156451,2026-06-17 12:01:47.492581,0 days 00:05:52.336130,5.0,0.03,1.6,1.8,0.05,1.0,1.7000000000000002,-41.95360943424255,-41.95360943424255,600.6258624711003,2275.7737115523046,2707.01613691449,66.77824150720708,0.0,4382.163985995696,251.0,COMPLETE
1411,58.79060628390747,2026-06-17 11:57:50.411962,2026-06-17 12:03:41.131396,0 days 00:05:50.719434,5.0,0.03,1.6,1.7000000000000002,0.01,1.0,1.7000000000000002,-41.95360943424255,-41.95360943424255,511.82346612263575,2239.8884172200073,2654.099034898323,58.79060628390747,0.0,4382.163985995696,254.0,COMPLETE
1412,58.79060628390747,2026-06-17 11:57:55.238645,2026-06-17 12:03:48.783646,0 days 00:05:53.545001,5.0,0.03,1.6,1.7000000000000002,0.01,1.0,1.7000000000000002,-41.95360943424255,-41.95360943424255,511.82346612263575,2239.8884172200073,2654.099034898323,58.79060628390747,0.0,4382.163985995696,254.0,COMPLETE
1413,66.77824150720708,2026-06-17 11:58:19.041900,2026-06-17 12:04:12.757732,0 days 00:05:53.715832,5.0,0.03,1.6,1.8,0.03,1.0,1.7000000000000002,-41.95360943424255,-41.95360943424255,600.6258624711003,2275.7737115523046,2707.01613691449,66.77824150720708,0.0,4382.163985995696,251.0,COMPLETE
1414,58.79060628390747,2026-06-17 11:58:48.491839,2026-06-17 12:04:39.997819,0 days 00:05:51.505980,5.0,0.03,1.6,1.7000000000000002,0.01,1.0,1.7000000000000002,-41.95360943424255,-41.95360943424255,511.82346612263575,2239.8884172200073,2654.099034898323,58.79060628390747,0.0,4382.163985995696,254.0,COMPLETE
1415,58.79060628390747,2026-06-17 11:58:58.050879,2026-06-17 12:04:52.671205,0 days 00:05:54.620326,5.0,0.03,1.6,1.7000000000000002,0.01,1.0,1.7000000000000002,-41.95360943424255,-41.95360943424255,511.82346612263575,2239.8884172200073,2654.099034898323,58.79060628390747,0.0,4382.163985995696,254.0,COMPLETE
1416,58.79060628390747,2026-06-17 11:59:22.820102,2026-06-17 12:05:17.804287,0 days 00:05:54.984185,5.0,0.03,1.6,1.7000000000000002,0.02,1.0,1.7000000000000002,-41.95360943424255,-41.95360943424255,511.82346612263575,2239.8884172200073,2654.099034898323,58.79060628390747,0.0,4382.163985995696,254.0,COMPLETE
1417,58.79060628390747,2026-06-17 11:59:32.698831,2026-06-17 12:05:24.493885,0 days 00:05:51.795054,5.0,0.03,1.6,1.7000000000000002,0.02,1.0,1.7000000000000002,-41.95360943424255,-41.95360943424255,511.82346612263575,2239.8884172200073,2654.099034898323,58.79060628390747,0.0,4382.163985995696,254.0,COMPLETE
1418,58.79060628390747,2026-06-17 12:00:23.922363,2026-06-17 12:06:18.262165,0 days 00:05:54.339802,5.0,0.03,1.6,1.7000000000000002,0.01,1.0,1.7000000000000002,-41.95360943424255,-41.95360943424255,511.82346612263575,2239.8884172200073,2654.099034898323,58.79060628390747,0.0,4382.163985995696,254.0,COMPLETE
1419,58.79060628390747,2026-06-17 12:00:29.665209,2026-06-17 12:06:24.260109,0 days 00:05:54.594900,5.0,0.03,1.6,1.7000000000000002,0.01,1.0,1.7000000000000002,-41.95360943424255,-41.95360943424255,511.82346612263575,2239.8884172200073,2654.099034898323,58.79060628390747,0.0,4382.163985995696,254.0,COMPLETE
1420,58.79060628390747,2026-06-17 12:01:19.930369,2026-06-17 12:07:11.365415,0 days 00:05:51.435046,5.0,0.03,1.6,1.7000000000000002,0.01,1.0,1.7000000000000002,-41.95360943424255,-41.95360943424255,511.82346612263575,2239.8884172200073,2654.099034898323,58.79060628390747,0.0,4382.163985995696,254.0,COMPLETE
1421,67.54923750026857,2026-06-17 12:01:42.225553,2026-06-17 12:07:33.432859,0 days 00:05:51.207306,5.0,0.03,1.7000000000000002,1.7000000000000002,0.01,1.0,1.7000000000000002,-41.95360943424255,-41.95360943424255,648.3024236685495,2295.666970298596,2734.799439365648,67.54923750026857,0.0,4382.163985995696,251.0,COMPLETE
1422,67.54923750026857,2026-06-17 12:01:47.582170,2026-06-17 12:07:39.066639,0 days 00:05:51.484469,5.0,0.03,1.7000000000000002,1.7000000000000002,0.01,1.0,1.7000000000000002,-41.95360943424255,-41.95360943424255,648.3024236685495,2295.666970298596,2734.799439365648,67.54923750026857,0.0,4382.163985995696,251.0,COMPLETE
1423,67.54923750026857,2026-06-17 12:03:41.217938,2026-06-17 12:09:30.963624,0 days 00:05:49.745686,5.0,0.03,1.7000000000000002,1.7000000000000002,0.01,1.0,1.7000000000000002,-41.95360943424255,-41.95360943424255,648.3024236685495,2295.666970298596,2734.799439365648,67.54923750026857,0.0,4382.163985995696,251.0,COMPLETE
1424,67.54923750026857,2026-06-17 12:03:48.865934,2026-06-17 12:09:41.157744,0 days 00:05:52.291810,5.0,0.03,1.7000000000000002,1.7000000000000002,0.01,1.0,1.7000000000000002,-41.95360943424255,-41.95360943424255,648.3024236685495,2295.666970298596,2734.799439365648,67.54923750026857,0.0,4382.163985995696,251.0,COMPLETE
1425,67.54923750026857,2026-06-17 12:04:12.843249,2026-06-17 12:10:05.695419,0 days 00:05:52.852170,5.0,0.03,1.7000000000000002,1.7000000000000002,0.03,1.0,1.7000000000000002,-41.95360943424255,-41.95360943424255,648.3024236685495,2295.666970298596,2734.799439365648,67.54923750026857,0.0,4382.163985995696,251.0,COMPLETE
1426,67.54923750026857,2026-06-17 12:04:40.084238,2026-06-17 12:10:30.395045,0 days 00:05:50.310807,5.0,0.03,1.7000000000000002,1.7000000000000002,0.03,1.0,1.7000000000000002,-41.95360943424255,-41.95360943424255,648.3024236685495,2295.666970298596,2734.799439365648,67.54923750026857,0.0,4382.163985995696,251.0,COMPLETE
1427,58.79060628390747,2026-06-17 12:04:52.755051,2026-06-17 12:10:46.519877,0 days 00:05:53.764826,5.0,0.03,1.6,1.7000000000000002,0.03,1.0,1.7000000000000002,-41.95360943424255,-41.95360943424255,511.82346612263575,2239.8884172200073,2654.099034898323,58.79060628390747,0.0,4382.163985995696,254.0,COMPLETE
1428,67.54923750026857,2026-06-17 12:05:17.891442,2026-06-17 12:11:11.282607,0 days 00:05:53.391165,5.0,0.03,1.7000000000000002,1.7000000000000002,0.03,1.0,1.7000000000000002,-41.95360943424255,-41.95360943424255,648.3024236685495,2295.666970298596,2734.799439365648,67.54923750026857,0.0,4382.163985995696,251.0,COMPLETE
1429,57.44260513668787,2026-06-17 12:05:24.595787,2026-06-17 12:11:14.587161,0 days 00:05:49.991374,5.0,0.03,1.7000000000000002,1.6,0.03,1.0,1.7000000000000002,-41.95360943424255,-41.95360943424255,484.67514809143313,2258.786918804551,2608.052215282578,57.44260513668787,0.0,4382.163985995696,254.0,COMPLETE
1430,57.44260513668787,2026-06-17 12:06:18.341659,2026-06-17 12:12:11.436595,0 days 00:05:53.094936,5.0,0.03,1.7000000000000002,1.6,0.04,1.0,1.7000000000000002,-41.95360943424255,-41.95360943424255,484.67514809143313,2258.786918804551,2608.052215282578,57.44260513668787,0.0,4382.163985995696,254.0,COMPLETE
1431,57.44260513668787,2026-06-17 12:06:24.331959,2026-06-17 12:12:17.876281,0 days 00:05:53.544322,5.0,0.03,1.7000000000000002,1.6,0.01,1.0,1.7000000000000002,-41.95360943424255,-41.95360943424255,484.67514809143313,2258.786918804551,2608.052215282578,57.44260513668787,0.0,4382.163985995696,254.0,COMPLETE
1432,64.69109318315346,2026-06-17 12:07:11.438937,2026-06-17 12:13:01.688344,0 days 00:05:50.249407,5.0,0.03,1.7000000000000002,1.8,0.02,1.0,1.7000000000000002,-41.95360943424255,-41.95360943424255,472.1257887484009,2168.8199800275293,2685.469794716567,64.69109318315346,0.0,4382.163985995696,247.0,COMPLETE
1433,64.69109318315346,2026-06-17 12:07:33.512746,2026-06-17 12:13:24.214598,0 days 00:05:50.701852,5.0,0.01,1.7000000000000002,1.8,0.03,1.0,1.7000000000000002,-41.95360943424255,-41.95360943424255,472.1257887484009,2168.8199800275293,2685.469794716567,64.69109318315346,0.0,4382.163985995696,247.0,COMPLETE
1434,-1140.0,2026-06-17 12:07:39.139895,2026-06-17 12:13:27.735517,0 days 00:05:48.595622,1.5,0.03,1.7000000000000002,1.7000000000000002,0.03,1.0,1.7000000000000002,-41.95360943424255,-41.95360943424255,405.7945920237214,230.93140176364525,211.3994369593393,-1140.0,0.0,36.53624669926318,36.0,COMPLETE
1435,67.54923750026857,2026-06-17 12:09:31.032931,2026-06-17 12:15:19.967240,0 days 00:05:48.934309,5.0,0.03,1.7000000000000002,1.7000000000000002,0.03,1.0,1.7000000000000002,-41.95360943424255,-41.95360943424255,648.3024236685495,2295.666970298596,2734.799439365648,67.54923750026857,0.0,4382.163985995696,251.0,COMPLETE
1436,57.44260513668787,2026-06-17 12:09:41.227969,2026-06-17 12:15:33.295671,0 days 00:05:52.067702,5.0,0.03,1.7000000000000002,1.6,0.01,1.0,1.7000000000000002,-41.95360943424255,-41.95360943424255,484.67514809143313,2258.786918804551,2608.052215282578,57.44260513668787,0.0,4382.163985995696,254.0,COMPLETE
1437,57.44260513668787,2026-06-17 12:10:05.770520,2026-06-17 12:15:58.129363,0 days 00:05:52.358843,5.0,0.03,1.7000000000000002,1.6,0.03,1.0,1.7000000000000002,-41.95360943424255,-41.95360943424255,484.67514809143313,2258.786918804551,2608.052215282578,57.44260513668787,0.0,4382.163985995696,254.0,COMPLETE
1438,57.44260513668787,2026-06-17 12:10:30.465926,2026-06-17 12:16:20.493734,0 days 00:05:50.027808,5.0,0.02,1.7000000000000002,1.6,0.03,1.0,1.7000000000000002,-41.95360943424255,-41.95360943424255,484.67514809143313,2258.786918804551,2608.052215282578,57.44260513668787,0.0,4382.163985995696,254.0,COMPLETE
1439,57.44260513668787,2026-06-17 12:10:46.591797,2026-06-17 12:16:39.113029,0 days 00:05:52.521232,5.0,0.03,1.7000000000000002,1.6,0.03,1.0,1.7000000000000002,-41.95360943424255,-41.95360943424255,484.67514809143313,2258.786918804551,2608.052215282578,57.44260513668787,0.0,4382.163985995696,254.0,COMPLETE
1440,57.44260513668787,2026-06-17 12:11:11.354101,2026-06-17 12:17:04.036533,0 days 00:05:52.682432,5.0,0.03,1.7000000000000002,1.6,0.03,1.0,1.7000000000000002,-41.95360943424255,-41.95360943424255,484.67514809143313,2258.786918804551,2608.052215282578,57.44260513668787,0.0,4382.163985995696,254.0,COMPLETE
1441,57.44260513668787,2026-06-17 12:11:14.660365,2026-06-17 12:17:04.449659,0 days 00:05:49.789294,5.0,0.02,1.7000000000000002,1.6,0.03,1.0,1.7000000000000002,-41.95360943424255,-41.95360943424255,484.67514809143313,2258.786918804551,2608.052215282578,57.44260513668787,0.0,4382.163985995696,254.0,COMPLETE
1442,57.44260513668787,2026-06-17 12:12:11.508173,2026-06-17 12:18:04.152897,0 days 00:05:52.644724,5.0,0.02,1.7000000000000002,1.6,0.03,1.0,1.7000000000000002,-41.95360943424255,-41.95360943424255,484.67514809143313,2258.786918804551,2608.052215282578,57.44260513668787,0.0,4382.163985995696,254.0,COMPLETE
1443,68.23722054188788,2026-06-17 12:12:17.948350,2026-06-17 12:18:10.614625,0 days 00:05:52.666275,5.0,0.03,1.8,1.6,0.03,1.0,1.7000000000000002,-41.95360943424255,-41.95360943424255,691.0209848280988,2318.052330537285,2755.1326402865097,68.23722054188788,0.0,4382.163985995696,251.0,COMPLETE
1444,57.44260513668787,2026-06-17 12:13:01.764804,2026-06-17 12:18:52.759737,0 days 00:05:50.994933,5.0,0.03,1.7000000000000002,1.6,0.03,1.0,1.7000000000000002,-41.95360943424255,-41.95360943424255,484.67514809143313,2258.786918804551,2608.052215282578,57.44260513668787,0.0,4382.163985995696,254.0,COMPLETE
1445,65.33968156863418,2026-06-17 12:13:24.287810,2026-06-17 12:19:15.439834,0 days 00:05:51.152024,5.0,0.02,1.8,1.7000000000000002,0.03,1.0,1.7000000000000002,-41.95360943424255,-41.95360943424255,512.2444020110445,2182.422598383548,2711.9857896231915,65.33968156863418,0.0,4382.163985995696,247.0,COMPLETE
1446,68.23722054188788,2026-06-17 12:13:27.807375,2026-06-17 12:19:18.776918,0 days 00:05:50.969543,5.0,0.02,1.8,1.6,0.03,1.0,1.7000000000000002,-41.95360943424255,-41.95360943424255,691.0209848280988,2318.052330537285,2755.1326402865097,68.23722054188788,0.0,4382.163985995696,251.0,COMPLETE
1447,68.23722054188788,2026-06-17 12:15:20.045422,2026-06-17 12:21:09.714670,0 days 00:05:49.669248,5.0,0.03,1.8,1.6,0.03,1.0,1.7000000000000002,-41.95360943424255,-41.95360943424255,691.0209848280988,2318.052330537285,2755.1326402865097,68.23722054188788,0.0,4382.163985995696,251.0,COMPLETE
1448,65.94710781921582,2026-06-17 12:15:33.368911,2026-06-17 12:21:25.430700,0 days 00:05:52.061789,4.5,0.02,1.8,1.6,0.03,1.0,1.7000000000000002,-41.95360943424255,-41.95360943424255,691.0209848280988,2233.986784427164,2616.6762223789756,65.94710781921582,0.0,4159.642021978043,251.0,COMPLETE
1449,63.04807324504907,2026-06-17 12:15:58.207176,2026-06-17 12:21:50.486347,0 days 00:05:52.279171,4.5,0.03,1.8,1.7000000000000002,0.03,1.0,1.7000000000000002,-41.95360943424255,-41.95360943424255,512.2444020110445,2098.3570522734267,2573.5293717156574,63.04807324504907,0.0,4159.642021978043,247.0,COMPLETE
1450,63.04807324504907,2026-06-17 12:16:20.566788,2026-06-17 12:22:10.602446,0 days 00:05:50.035658,4.5,0.03,1.8,1.7000000000000002,0.03,1.0,1.7000000000000002,-41.95360943424255,-41.95360943424255,512.2444020110445,2098.3570522734267,2573.5293717156574,63.04807324504907,0.0,4159.642021978043,247.0,COMPLETE
1451,65.2591818232073,2026-06-17 12:16:39.183166,2026-06-17 12:22:32.293396,0 days 00:05:53.110230,4.5,0.03,1.7000000000000002,1.7000000000000002,0.03,1.0,1.7000000000000002,-41.95360943424255,-41.95360943424255,648.3024236685495,2211.601424188475,2596.343021458115,65.2591818232073,0.0,4159.642021978043,251.0,COMPLETE
1452,63.04807324504907,2026-06-17 12:17:04.108398,2026-06-17 12:22:57.316454,0 days 00:05:53.208056,4.5,0.03,1.8,1.7000000000000002,0.03,1.0,1.7000000000000002,-41.95360943424255,-41.95360943424255,512.2444020110445,2098.3570522734267,2573.5293717156574,63.04807324504907,0.0,4159.642021978043,247.0,COMPLETE
1453,63.04807324504907,2026-06-17 12:17:04.544689,2026-06-17 12:22:54.511988,0 days 00:05:49.967299,4.5,0.03,1.8,1.7000000000000002,0.03,1.0,1.7000000000000002,-41.95360943424255,-41.95360943424255,512.2444020110445,2098.3570522734267,2573.5293717156574,63.04807324504907,0.0,4159.642021978043,247.0,COMPLETE
1454,63.04807324504907,2026-06-17 12:18:04.227351,2026-06-17 12:23:58.132479,0 days 00:05:53.905128,4.5,0.03,1.8,1.7000000000000002,0.01,1.0,1.7000000000000002,-41.95360943424255,-41.95360943424255,512.2444020110445,2098.3570522734267,2573.5293717156574,63.04807324504907,0.0,4159.642021978043,247.0,COMPLETE
1455,63.04807324504907,2026-06-17 12:18:10.699839,2026-06-17 12:24:04.500979,0 days 00:05:53.801140,4.5,0.03,1.8,1.7000000000000002,0.03,1.0,1.7000000000000002,-41.95360943424255,-41.95360943424255,512.2444020110445,2098.3570522734267,2573.5293717156574,63.04807324504907,0.0,4159.642021978043,247.0,COMPLETE
1456,63.04807324504907,2026-06-17 12:18:52.847491,2026-06-17 12:24:43.477995,0 days 00:05:50.630504,4.5,0.03,1.8,1.7000000000000002,0.03,1.0,1.7000000000000002,-41.95360943424255,-41.95360943424255,512.2444020110445,2098.3570522734267,2573.5293717156574,63.04807324504907,0.0,4159.642021978043,247.0,COMPLETE
1457,41.48085749104313,2026-06-17 12:19:15.523910,2026-06-17 12:25:06.936337,0 days 00:05:51.412427,4.5,0.03,1.8,1.5,0.01,1.0,1.7000000000000002,-41.95360943424255,-41.95360943424255,108.02179870648044,2195.003959503531,2072.659861180989,41.48085749104313,0.0,4159.642021978043,251.0,COMPLETE
1458,41.48085749104313,2026-06-17 12:19:18.865022,2026-06-17 12:25:09.398948,0 days 00:05:50.533926,4.5,0.01,1.8,1.5,0.03,1.0,1.7000000000000002,-41.95360943424255,-41.95360943424255,108.02179870648044,2195.003959503531,2072.659861180989,41.48085749104313,0.0,4159.642021978043,251.0,COMPLETE
1459,63.04807324504907,2026-06-17 12:21:09.796478,2026-06-17 12:26:57.920083,0 days 00:05:48.123605,4.5,0.01,1.8,1.7000000000000002,0.03,1.0,1.7000000000000002,-41.95360943424255,-41.95360943424255,512.2444020110445,2098.3570522734267,2573.5293717156574,63.04807324504907,0.0,4159.642021978043,247.0,COMPLETE
1460,63.04807324504907,2026-06-17 12:21:25.515307,2026-06-17 12:27:17.016326,0 days 00:05:51.501019,4.5,0.02,1.8,1.7000000000000002,0.03,1.0,1.7000000000000002,-41.95360943424255,-41.95360943424255,512.2444020110445,2098.3570522734267,2573.5293717156574,63.04807324504907,0.0,4159.642021978043,247.0,COMPLETE
1461,59.71721960153846,2026-06-17 12:21:50.571462,2026-06-17 12:27:42.262521,0 days 00:05:51.691059,4.0,0.02,1.8,1.7000000000000002,0.03,1.0,1.7000000000000002,-41.95360943424255,-41.95360943424255,512.9641615757903,1988.134081151752,2399.6306640470093,59.71721960153846,0.0,3874.800583622974,247.0,COMPLETE
1462,35.792355528267834,2026-06-17 12:22:10.688837,2026-06-17 12:28:00.106786,0 days 00:05:49.417949,3.5,0.03,1.8,1.5,0.03,1.0,1.7000000000000002,-41.95360943424255,-41.95360943424255,91.24692055279729,1929.9098351970079,1690.4917123625903,35.792355528267834,0.0,3529.1546270068015,251.0,COMPLETE
1463,38.80379086308662,2026-06-17 12:22:32.379987,2026-06-17 12:28:25.382329,0 days 00:05:53.002342,4.0,0.02,1.8,1.5,0.03,1.0,1.7000000000000002,-41.95360943424255,-41.95360943424255,95.80445410972362,2072.1633956187047,1898.4416421139904,38.80379086308662,0.0,3874.800583622974,251.0,COMPLETE
1464,38.80379086308662,2026-06-17 12:22:54.593357,2026-06-17 12:28:44.238854,0 days 00:05:49.645497,4.0,0.02,1.8,1.5,0.03,1.0,1.7000000000000002,-41.95360943424255,-41.95360943424255,95.80445410972362,2072.1633956187047,1898.4416421139904,38.80379086308662,0.0,3874.800583622974,251.0,COMPLETE
1465,38.28263022171229,2026-06-17 12:22:57.400351,2026-06-17 12:28:48.918074,0 days 00:05:51.517723,4.5,0.02,1.8,1.7000000000000002,0.03,1.7000000000000002,1.7000000000000002,-41.95360943424255,-41.95360943424255,512.2444020110445,1705.2287219098573,1394.9532024151158,38.28263022171229,0.0,2587.937522313931,148.0,COMPLETE
1466,38.80379086308662,2026-06-17 12:23:58.216636,2026-06-17 12:29:50.941928,0 days 00:05:52.725292,4.0,0.02,1.8,1.5,0.03,1.0,1.7000000000000002,-41.95360943424255,-41.95360943424255,95.80445410972362,2072.1633956187047,1898.4416421139904,38.80379086308662,0.0,3874.800583622974,251.0,COMPLETE
1467,41.48085749104313,2026-06-17 12:24:04.574759,2026-06-17 12:29:57.481460,0 days 00:05:52.906701,4.5,0.02,1.8,1.5,0.03,1.0,1.7000000000000002,-41.95360943424255,-41.95360943424255,108.02179870648044,2195.003959503531,2072.659861180989,41.48085749104313,0.0,4159.642021978043,251.0,COMPLETE
1468,22.605033209054984,2026-06-17 12:24:43.558530,2026-06-17 12:30:33.760185,0 days 00:05:50.201655,4.5,0.02,1.8,1.5,0.03,1.7000000000000002,1.7000000000000002,-41.95360943424255,-41.95360943424255,108.02179870648044,1801.875629139961,894.0836918804479,22.605033209054984,0.0,2587.937522313931,152.0,COMPLETE
1469,38.80379086308662,2026-06-17 12:25:07.005815,2026-06-17 12:30:58.100444,0 days 00:05:51.094629,4.0,0.02,1.8,1.5,0.03,1.0,1.7000000000000002,-41.95360943424255,-41.95360943424255,95.80445410972362,2072.1633956187047,1898.4416421139904,38.80379086308662,0.0,3874.800583622974,251.0,COMPLETE
1470,31.847808549287038,2026-06-17 12:25:09.472693,2026-06-17 12:31:00.004194,0 days 00:05:50.531501,4.5,0.02,1.7000000000000002,1.5,0.03,1.0,1.7000000000000002,-41.95360943424255,-41.95360943424255,72.72274610438595,2030.6253699258264,2201.7393981565997,31.847808549287038,0.0,4159.642021978043,248.0,COMPLETE
1471,31.847808549287038,2026-06-17 12:26:57.994768,2026-06-17 12:32:46.401208,0 days 00:05:48.406440,4.5,0.02,1.7000000000000002,1.5,0.03,1.0,1.7000000000000002,-41.95360943424255,-41.95360943424255,72.72274610438595,2030.6253699258264,2201.7393981565997,31.847808549287038,0.0,4159.642021978043,248.0,COMPLETE
1472,31.847808549287038,2026-06-17 12:27:17.090567,2026-06-17 12:33:08.270277,0 days 00:05:51.179710,4.5,0.02,1.7000000000000002,1.5,0.03,1.0,1.7000000000000002,-41.95360943424255,-41.95360943424255,72.72274610438595,2030.6253699258264,2201.7393981565997,31.847808549287038,0.0,4159.642021978043,248.0,COMPLETE
1473,19.53623191545993,2026-06-17 12:27:42.336936,2026-06-17 12:33:33.822032,0 days 00:05:51.485096,4.5,0.02,1.7000000000000002,1.5,0.01,1.5,1.7000000000000002,-41.95360943424255,-41.95360943424255,72.72274610438595,1819.33435711124,1249.1018419869226,19.53623191545993,0.0,2995.7134529937794,174.0,COMPLETE
1474,55.14886021737838,2026-06-17 12:28:00.179803,2026-06-17 12:33:50.295204,0 days 00:05:50.115401,4.5,0.03,1.7000000000000002,1.6,0.01,1.0,1.7000000000000002,-41.95360943424255,-41.95360943424255,484.67514809143313,2174.7213726944306,2469.5957973750433,55.14886021737838,0.0,4159.642021978043,254.0,COMPLETE
1475,55.14886021737838,2026-06-17 12:28:25.455999,2026-06-17 12:34:18.451986,0 days 00:05:52.995987,4.5,0.01,1.7000000000000002,1.6,0.01,1.0,1.7000000000000002,-41.95360943424255,-41.95360943424255,484.67514809143313,2174.7213726944306,2469.5957973750433,55.14886021737838,0.0,4159.642021978043,254.0,COMPLETE
1476,51.572987423543196,2026-06-17 12:28:44.311926,2026-06-17 12:34:33.918418,0 days 00:05:49.606492,4.0,0.02,1.7000000000000002,1.6,0.01,1.0,1.7000000000000002,-41.95360943424255,-41.95360943424255,482.7810400666804,2057.77564277622,2299.8059809134315,51.572987423543196,0.0,3874.800583622974,254.0,COMPLETE
1477,55.14886021737838,2026-06-17 12:28:48.990085,2026-06-17 12:34:41.306649,0 days 00:05:52.316564,4.5,0.01,1.7000000000000002,1.6,0.01,1.0,1.7000000000000002,-41.95360943424255,-41.95360943424255,484.67514809143313,2174.7213726944306,2469.5957973750433,55.14886021737838,0.0,4159.642021978043,254.0,COMPLETE
1478,51.572987423543196,2026-06-17 12:29:51.016039,2026-06-17 12:35:44.768816,0 days 00:05:53.752777,4.0,0.02,1.7000000000000002,1.6,0.01,1.0,1.7000000000000002,-41.95360943424255,-41.95360943424255,482.7810400666804,2057.77564277622,2299.8059809134315,51.572987423543196,0.0,3874.800583622974,254.0,COMPLETE
1479,47.46387685052764,2026-06-17 12:29:57.563067,2026-06-17 12:35:51.590161,0 days 00:05:54.027094,3.5,0.02,1.7000000000000002,1.6,0.01,1.0,1.7000000000000002,-41.95360943424255,-41.95360943424255,482.9830490914657,1916.9186813183555,2095.21899477991,47.46387685052764,0.0,3529.1546270068015,254.0,COMPLETE
1480,47.46387685052764,2026-06-17 12:30:33.922225,2026-06-17 12:36:24.524236,0 days 00:05:50.602011,3.5,0.02,1.7000000000000002,1.6,0.01,1.0,1.7000000000000002,-41.95360943424255,-41.95360943424255,482.9830490914657,1916.9186813183555,2095.21899477991,47.46387685052764,0.0,3529.1546270068015,254.0,COMPLETE
1481,64.67300385494559,2026-06-17 12:30:58.172517,2026-06-17 12:36:49.699462,0 days 00:05:51.526945,4.5,0.02,1.9000000000000001,1.6,0.01,1.0,1.7000000000000002,-41.95360943424255,-41.95360943424255,612.4907160224312,2179.695869838111,2592.4368681623605,64.67300385494559,0.0,4159.642021978043,248.0,COMPLETE
1482,55.14886021737838,2026-06-17 12:31:00.077869,2026-06-17 12:36:50.772083,0 days 00:05:50.694214,4.5,0.02,1.7000000000000002,1.6,0.01,1.0,1.7000000000000002,-41.95360943424255,-41.95360943424255,484.67514809143313,2174.7213726944306,2469.5957973750433,55.14886021737838,0.0,4159.642021978043,254.0,COMPLETE
1483,55.14886021737838,2026-06-17 12:32:46.471055,2026-06-17 12:38:35.826164,0 days 00:05:49.355109,4.5,0.03,1.7000000000000002,1.6,0.01,1.0,1.7000000000000002,-41.95360943424255,-41.95360943424255,484.67514809143313,2174.7213726944306,2469.5957973750433,55.14886021737838,0.0,4159.642021978043,254.0,COMPLETE
1484,29.146348597849595,2026-06-17 12:33:08.336075,2026-06-17 12:39:01.136809,0 days 00:05:52.800734,4.0,0.02,1.6,1.6,0.01,1.0,1.7000000000000002,-41.95360943424255,-41.95360943424255,45.933201541887065,1903.668943216967,2017.0648419478923,29.146348597849595,0.0,3874.800583622974,248.0,COMPLETE
1485,31.73267622345665,2026-06-17 12:33:33.893100,2026-06-17 12:39:26.235095,0 days 00:05:52.341995,4.5,0.02,1.6,1.6,0.01,1.0,1.7000000000000002,-41.95360943424255,-41.95360943424255,52.98910620972929,2020.6146731351764,2192.0164550525924,31.73267622345665,0.0,4159.642021978043,248.0,COMPLETE
1486,31.73267622345665,2026-06-17 12:33:50.367465,2026-06-17 12:39:41.076087,0 days 00:05:50.708622,4.5,0.02,1.6,1.6,0.01,1.0,1.7000000000000002,-41.95360943424255,-41.95360943424255,52.98910620972929,2020.6146731351764,2192.0164550525924,31.73267622345665,0.0,4159.642021978043,248.0,COMPLETE
1487,66.77824150720708,2026-06-17 12:34:18.524259,2026-06-17 12:40:11.835735,0 days 00:05:53.311476,5.0,0.02,1.6,1.8,0.01,1.0,1.7000000000000002,-41.95360943424255,-41.95360943424255,600.6258624711003,2275.7737115523046,2707.01613691449,66.77824150720708,0.0,4382.163985995696,251.0,COMPLETE
1488,64.48792624436433,2026-06-17 12:34:33.991753,2026-06-17 12:40:24.358550,0 days 00:05:50.366797,4.5,0.02,1.6,1.8,0.01,1.0,1.7000000000000002,-41.95360943424255,-41.95360943424255,600.6258624711003,2191.7081654421845,2568.559719006956,64.48792624436433,0.0,4159.642021978043,251.0,COMPLETE
1489,66.77824150720708,2026-06-17 12:34:41.470095,2026-06-17 12:40:34.564580,0 days 00:05:53.094485,5.0,0.02,1.6,1.8,0.01,1.0,1.7000000000000002,-41.95360943424255,-41.95360943424255,600.6258624711003,2275.7737115523046,2707.01613691449,66.77824150720708,0.0,4382.163985995696,251.0,COMPLETE
1490,61.27154781712336,2026-06-17 12:35:44.840024,2026-06-17 12:41:37.734456,0 days 00:05:52.894432,4.0,0.02,1.6,1.8,0.01,1.0,1.7000000000000002,-41.95360943424255,-41.95360943424255,600.6258624711003,2081.818340191816,2393.608105902256,61.27154781712336,0.0,3874.800583622974,251.0,COMPLETE
1491,61.27154781712336,2026-06-17 12:35:51.662192,2026-06-17 12:41:44.729923,0 days 00:05:53.067731,4.0,0.02,1.6,1.8,0.01,1.0,1.7000000000000002,-41.95360943424255,-41.95360943424255,600.6258624711003,2081.818340191816,2393.608105902256,61.27154781712336,0.0,3874.800583622974,251.0,COMPLETE
1492,61.27154781712336,2026-06-17 12:36:24.598859,2026-06-17 12:42:15.485995,0 days 00:05:50.887136,4.0,0.03,1.6,1.8,0.03,1.0,1.7000000000000002,-41.95360943424255,-41.95360943424255,600.6258624711003,2081.818340191816,2393.608105902256,61.27154781712336,0.0,3874.800583622974,251.0,COMPLETE
1493,66.77824150720708,2026-06-17 12:36:49.771434,2026-06-17 12:42:41.784636,0 days 00:05:52.013202,5.0,0.02,1.6,1.8,0.03,1.0,1.7000000000000002,-41.95360943424255,-41.95360943424255,600.6258624711003,2275.7737115523046,2707.01613691449,66.77824150720708,0.0,4382.163985995696,251.0,COMPLETE
1494,61.27154781712336,2026-06-17 12:36:50.843384,2026-06-17 12:42:41.677729,0 days 00:05:50.834345,4.0,0.02,1.6,1.8,0.03,1.0,1.7000000000000002,-41.95360943424255,-41.95360943424255,600.6258624711003,2081.818340191816,2393.608105902256,61.27154781712336,0.0,3874.800583622974,251.0,COMPLETE
1495,66.77824150720708,2026-06-17 12:38:35.899137,2026-06-17 12:44:24.753148,0 days 00:05:48.854011,5.0,0.02,1.6,1.8,0.03,1.0,1.7000000000000002,-41.95360943424255,-41.95360943424255,600.6258624711003,2275.7737115523046,2707.01613691449,66.77824150720708,0.0,4382.163985995696,251.0,COMPLETE
1496,66.77824150720708,2026-06-17 12:39:01.207398,2026-06-17 12:44:52.796090,0 days 00:05:51.588692,5.0,0.02,1.6,1.8,0.03,1.0,1.7000000000000002,-41.95360943424255,-41.95360943424255,600.6258624711003,2275.7737115523046,2707.01613691449,66.77824150720708,0.0,4382.163985995696,251.0,COMPLETE
1497,66.77824150720708,2026-06-17 12:39:26.309547,2026-06-17 12:45:18.559212,0 days 00:05:52.249665,5.0,0.02,1.6,1.8,0.03,1.0,1.7000000000000002,-41.95360943424255,-41.95360943424255,600.6258624711003,2275.7737115523046,2707.01613691449,66.77824150720708,0.0,4382.163985995696,251.0,COMPLETE
1498,66.77824150720708,2026-06-17 12:39:41.148149,2026-06-17 12:45:30.825235,0 days 00:05:49.677086,5.0,0.02,1.6,1.8,0.03,1.0,1.7000000000000002,-41.95360943424255,-41.95360943424255,600.6258624711003,2275.7737115523046,2707.01613691449,66.77824150720708,0.0,4382.163985995696,251.0,COMPLETE
1499,66.77824150720708,2026-06-17 12:40:11.911123,2026-06-17 12:46:04.383953,0 days 00:05:52.472830,5.0,0.02,1.6,1.8,0.03,1.0,1.7000000000000002,-41.95360943424255,-41.95360943424255,600.6258624711003,2275.7737115523046,2707.01613691449,66.77824150720708,0.0,4382.163985995696,251.0,COMPLETE
1500,66.77824150720708,2026-06-17 12:40:24.439114,2026-06-17 12:46:14.175944,0 days 00:05:49.736830,5.0,0.02,1.6,1.8,0.03,1.0,1.7000000000000002,-41.95360943424255,-41.95360943424255,600.6258624711003,2275.7737115523046,2707.01613691449,66.77824150720708,0.0,4382.163985995696,251.0,COMPLETE
1501,66.77824150720708,2026-06-17 12:40:34.634010,2026-06-17 12:46:27.518514,0 days 00:05:52.884504,5.0,0.02,1.6,1.8,0.03,1.0,1.7000000000000002,-41.95360943424255,-41.95360943424255,600.6258624711003,2275.7737115523046,2707.01613691449,66.77824150720708,0.0,4382.163985995696,251.0,COMPLETE
1502,66.77824150720708,2026-06-17 12:41:37.808031,2026-06-17 12:47:31.239252,0 days 00:05:53.431221,5.0,0.02,1.6,1.8,0.03,1.0,1.7000000000000002,-41.95360943424255,-41.95360943424255,600.6258624711003,2275.7737115523046,2707.01613691449,66.77824150720708,0.0,4382.163985995696,251.0,COMPLETE
1503,66.77824150720708,2026-06-17 12:41:44.803668,2026-06-17 12:47:37.867655,0 days 00:05:53.063987,5.0,0.02,1.6,1.8,0.03,1.0,1.7000000000000002,-41.95360943424255,-41.95360943424255,600.6258624711003,2275.7737115523046,2707.01613691449,66.77824150720708,0.0,4382.163985995696,251.0,COMPLETE
1504,58.79060628390747,2026-06-17 12:42:15.561407,2026-06-17 12:48:06.471942,0 days 00:05:50.910535,5.0,0.02,1.6,1.7000000000000002,0.03,1.0,1.7000000000000002,-41.95360943424255,-41.95360943424255,511.82346612263575,2239.8884172200073,2654.099034898323,58.79060628390747,0.0,4382.163985995696,254.0,COMPLETE
1505,58.79060628390747,2026-06-17 12:42:41.848720,2026-06-17 12:48:33.651454,0 days 00:05:51.802734,5.0,0.02,1.6,1.7000000000000002,0.03,1.0,1.7000000000000002,-41.95360943424255,-41.95360943424255,511.82346612263575,2239.8884172200073,2654.099034898323,58.79060628390747,0.0,4382.163985995696,254.0,COMPLETE
1506,58.79060628390747,2026-06-17 12:42:41.873177,2026-06-17 12:48:33.626356,0 days 00:05:51.753179,5.0,0.02,1.6,1.7000000000000002,0.03,1.0,1.7000000000000002,-41.95360943424255,-41.95360943424255,511.82346612263575,2239.8884172200073,2654.099034898323,58.79060628390747,0.0,4382.163985995696,254.0,COMPLETE
1507,66.77824150720708,2026-06-17 12:44:24.832845,2026-06-17 12:50:13.526578,0 days 00:05:48.693733,5.0,0.02,1.6,1.8,0.03,1.0,1.7000000000000002,-41.95360943424255,-41.95360943424255,600.6258624711003,2275.7737115523046,2707.01613691449,66.77824150720708,0.0,4382.163985995696,251.0,COMPLETE
1508,58.79060628390747,2026-06-17 12:44:52.876776,2026-06-17 12:50:44.609003,0 days 00:05:51.732227,5.0,0.02,1.6,1.7000000000000002,0.03,1.0,1.7000000000000002,-41.95360943424255,-41.95360943424255,511.82346612263575,2239.8884172200073,2654.099034898323,58.79060628390747,0.0,4382.163985995696,254.0,COMPLETE
1509,58.79060628390747,2026-06-17 12:45:18.631286,2026-06-17 12:51:11.175255,0 days 00:05:52.543969,5.0,0.02,1.6,1.7000000000000002,0.03,1.0,1.7000000000000002,-41.95360943424255,-41.95360943424255,511.82346612263575,2239.8884172200073,2654.099034898323,58.79060628390747,0.0,4382.163985995696,254.0,COMPLETE
1510,58.79060628390747,2026-06-17 12:45:30.894127,2026-06-17 12:51:21.100868,0 days 00:05:50.206741,5.0,0.02,1.6,1.7000000000000002,0.03,1.0,1.7000000000000002,-41.95360943424255,-41.95360943424255,511.82346612263575,2239.8884172200073,2654.099034898323,58.79060628390747,0.0,4382.163985995696,254.0,COMPLETE
1511,-1180.0,2026-06-17 12:46:04.456346,2026-06-17 12:51:55.922407,0 days 00:05:51.466061,5.0,0.02,1.6,1.7000000000000002,0.01,1.0,2.2,-41.95360943424255,-41.95360943424255,511.82346612263575,238.6537434284229,295.0150830342621,-1180.0,0.0,21.84536034004926,32.0,COMPLETE
1512,58.79060628390747,2026-06-17 12:46:14.248557,2026-06-17 12:52:04.325479,0 days 00:05:50.076922,5.0,0.02,1.6,1.7000000000000002,0.01,1.0,1.7000000000000002,-41.95360943424255,-41.95360943424255,511.82346612263575,2239.8884172200073,2654.099034898323,58.79060628390747,0.0,4382.163985995696,254.0,COMPLETE
1513,58.79060628390747,2026-06-17 12:46:27.591714,2026-06-17 12:52:21.253963,0 days 00:05:53.662249,5.0,0.02,1.6,1.7000000000000002,0.01,1.0,1.7000000000000002,-41.95360943424255,-41.95360943424255,511.82346612263575,2239.8884172200073,2654.099034898323,58.79060628390747,0.0,4382.163985995696,254.0,COMPLETE
1514,67.54923750026857,2026-06-17 12:47:31.400270,2026-06-17 12:53:25.329037,0 days 00:05:53.928767,5.0,0.02,1.7000000000000002,1.7000000000000002,0.01,1.0,1.7000000000000002,-41.95360943424255,-41.95360943424255,648.3024236685495,2295.666970298596,2734.799439365648,67.54923750026857,0.0,4382.163985995696,251.0,COMPLETE
1515,67.54923750026857,2026-06-17 12:47:37.940634,2026-06-17 12:53:32.095885,0 days 00:05:54.155251,5.0,0.02,1.7000000000000002,1.7000000000000002,0.01,1.0,1.7000000000000002,-41.95360943424255,-41.95360943424255,648.3024236685495,2295.666970298596,2734.799439365648,67.54923750026857,0.0,4382.163985995696,251.0,COMPLETE
1516,67.54923750026857,2026-06-17 12:48:06.547008,2026-06-17 12:53:58.261742,0 days 00:05:51.714734,5.0,0.02,1.7000000000000002,1.7000000000000002,0.01,1.0,1.7000000000000002,-41.95360943424255,-41.95360943424255,648.3024236685495,2295.666970298596,2734.799439365648,67.54923750026857,0.0,4382.163985995696,251.0,COMPLETE
1517,67.54923750026857,2026-06-17 12:48:33.714073,2026-06-17 12:54:25.774911,0 days 00:05:52.060838,5.0,0.02,1.7000000000000002,1.7000000000000002,0.01,1.0,1.7000000000000002,-41.95360943424255,-41.95360943424255,648.3024236685495,2295.666970298596,2734.799439365648,67.54923750026857,0.0,4382.163985995696,251.0,COMPLETE
1518,35.08213011743712,2026-06-17 12:48:33.735207,2026-06-17 12:54:24.713102,0 days 00:05:50.977895,5.0,0.02,1.7000000000000002,1.7000000000000002,0.01,1.9,1.7000000000000002,-41.95360943424255,-41.95360943424255,648.3024236685495,1681.2226666251433,1265.6918006674327,35.08213011743712,0.0,2298.612043624027,134.0,COMPLETE
1519,67.54923750026857,2026-06-17 12:50:13.597541,2026-06-17 12:56:02.935612,0 days 00:05:49.338071,5.0,0.02,1.7000000000000002,1.7000000000000002,0.01,1.0,1.7000000000000002,-41.95360943424255,-41.95360943424255,648.3024236685495,2295.666970298596,2734.799439365648,67.54923750026857,0.0,4382.163985995696,251.0,COMPLETE
1520,67.54923750026857,2026-06-17 12:50:44.683816,2026-06-17 12:56:36.041324,0 days 00:05:51.357508,5.0,0.02,1.7000000000000002,1.7000000000000002,0.01,1.0,1.7000000000000002,-41.95360943424255,-41.95360943424255,648.3024236685495,2295.666970298596,2734.799439365648,67.54923750026857,0.0,4382.163985995696,251.0,COMPLETE
1521,67.54923750026857,2026-06-17 12:51:11.249698,2026-06-17 12:57:03.337181,0 days 00:05:52.087483,5.0,0.02,1.7000000000000002,1.7000000000000002,0.01,1.0,1.7000000000000002,-41.95360943424255,-41.95360943424255,648.3024236685495,2295.666970298596,2734.799439365648,67.54923750026857,0.0,4382.163985995696,251.0,COMPLETE
1522,67.54923750026857,2026-06-17 12:51:21.174542,2026-06-17 12:57:11.162123,0 days 00:05:49.987581,5.0,0.02,1.7000000000000002,1.7000000000000002,0.01,1.0,1.7000000000000002,-41.95360943424255,-41.95360943424255,648.3024236685495,2295.666970298596,2734.799439365648,67.54923750026857,0.0,4382.163985995696,251.0,COMPLETE
1523,67.54923750026857,2026-06-17 12:51:55.994712,2026-06-17 12:57:48.051855,0 days 00:05:52.057143,5.0,0.02,1.7000000000000002,1.7000000000000002,0.01,1.0,1.7000000000000002,-41.95360943424255,-41.95360943424255,648.3024236685495,2295.666970298596,2734.799439365648,67.54923750026857,0.0,4382.163985995696,251.0,COMPLETE
1524,64.69109318315346,2026-06-17 12:52:04.424379,2026-06-17 12:57:53.794709,0 days 00:05:49.370330,5.0,0.02,1.7000000000000002,1.8,0.01,1.0,1.7000000000000002,-41.95360943424255,-41.95360943424255,472.1257887484009,2168.8199800275293,2685.469794716567,64.69109318315346,0.0,4382.163985995696,247.0,COMPLETE
1525,64.69109318315346,2026-06-17 12:52:21.327737,2026-06-17 12:58:14.036554,0 days 00:05:52.708817,5.0,0.02,1.7000000000000002,1.8,0.01,1.0,1.7000000000000002,-41.95360943424255,-41.95360943424255,472.1257887484009,2168.8199800275293,2685.469794716567,64.69109318315346,0.0,4382.163985995696,247.0,COMPLETE
1526,67.54923750026857,2026-06-17 12:53:25.399415,2026-06-17 12:59:18.388457,0 days 00:05:52.989042,5.0,0.02,1.7000000000000002,1.7000000000000002,0.01,1.0,1.7000000000000002,-41.95360943424255,-41.95360943424255,648.3024236685495,2295.666970298596,2734.799439365648,67.54923750026857,0.0,4382.163985995696,251.0,COMPLETE
1527,67.54923750026857,2026-06-17 12:53:32.168883,2026-06-17 12:59:25.351416,0 days 00:05:53.182533,5.0,0.02,1.7000000000000002,1.7000000000000002,0.01,1.0,1.7000000000000002,-41.95360943424255,-41.95360943424255,648.3024236685495,2295.666970298596,2734.799439365648,67.54923750026857,0.0,4382.163985995696,251.0,COMPLETE
1528,67.54923750026857,2026-06-17 12:53:58.337137,2026-06-17 12:59:49.249957,0 days 00:05:50.912820,5.0,0.02,1.7000000000000002,1.7000000000000002,0.01,1.0,1.7000000000000002,-41.95360943424255,-41.95360943424255,648.3024236685495,2295.666970298596,2734.799439365648,67.54923750026857,0.0,4382.163985995696,251.0,COMPLETE
1529,39.75111889632765,2026-06-17 12:54:24.778262,2026-06-17 13:00:14.843349,0 days 00:05:50.065087,5.0,0.02,1.7000000000000002,1.7000000000000002,0.01,1.0,2.4000000000000004,-41.95360943424255,-41.95360943424255,648.3024236685495,1679.2660528845713,1654.9723799914382,39.75111889632765,0.0,2685.936009207461,185.0,COMPLETE
1530,67.54923750026857,2026-06-17 12:54:25.845321,2026-06-17 13:00:17.249281,0 days 00:05:51.403960,5.0,0.02,1.7000000000000002,1.7000000000000002,0.01,1.0,1.7000000000000002,-41.95360943424255,-41.95360943424255,648.3024236685495,2295.666970298596,2734.799439365648,67.54923750026857,0.0,4382.163985995696,251.0,COMPLETE
1531,66.85343177901964,2026-06-17 12:56:03.009421,2026-06-17 13:01:52.500729,0 days 00:05:49.491308,5.0,0.02,1.7000000000000002,1.7000000000000002,0.01,1.0,1.6,-41.95360943424255,-41.95360943424255,648.3024236685495,2214.312386046941,2748.927703868487,66.85343177901964,0.0,4314.937666246876,252.0,COMPLETE
1532,66.85343177901964,2026-06-17 12:56:36.119125,2026-06-17 13:02:28.179424,0 days 00:05:52.060299,5.0,0.02,1.7000000000000002,1.7000000000000002,0.01,1.0,1.6,-41.95360943424255,-41.95360943424255,648.3024236685495,2214.312386046941,2748.927703868487,66.85343177901964,0.0,4314.937666246876,252.0,COMPLETE
1533,66.85343177901964,2026-06-17 12:57:03.409899,2026-06-17 13:02:55.376036,0 days 00:05:51.966137,5.0,0.02,1.7000000000000002,1.7000000000000002,0.01,1.0,1.6,-41.95360943424255,-41.95360943424255,648.3024236685495,2214.312386046941,2748.927703868487,66.85343177901964,0.0,4314.937666246876,252.0,COMPLETE
1534,42.33010486678011,2026-06-17 12:57:11.232871,2026-06-17 13:03:01.031672,0 days 00:05:49.798801,5.0,0.02,1.7000000000000002,1.7000000000000002,0.01,1.8,1.6,-41.95360943424255,-41.95360943424255,648.3024236685495,1846.6616680515913,1530.9892674166501,42.33010486678011,0.0,2729.348511799693,153.0,COMPLETE
1535,66.85343177901964,2026-06-17 12:57:48.127557,2026-06-17 13:03:41.403176,0 days 00:05:53.275619,5.0,0.02,1.7000000000000002,1.7000000000000002,0.01,1.0,1.6,-41.95360943424255,-41.95360943424255,648.3024236685495,2214.312386046941,2748.927703868487,66.85343177901964,0.0,4314.937666246876,252.0,COMPLETE
1536,66.85343177901964,2026-06-17 12:57:53.868572,2026-06-17 13:03:43.880790,0 days 00:05:50.012218,5.0,0.02,1.7000000000000002,1.7000000000000002,0.01,1.0,1.6,-41.95360943424255,-41.95360943424255,648.3024236685495,2214.312386046941,2748.927703868487,66.85343177901964,0.0,4314.937666246876,252.0,COMPLETE
1537,66.85343177901964,2026-06-17 12:58:14.110890,2026-06-17 13:04:07.407850,0 days 00:05:53.296960,5.0,0.02,1.7000000000000002,1.7000000000000002,0.01,1.0,1.6,-41.95360943424255,-41.95360943424255,648.3024236685495,2214.312386046941,2748.927703868487,66.85343177901964,0.0,4314.937666246876,252.0,COMPLETE
1538,66.85343177901964,2026-06-17 12:59:18.461105,2026-06-17 13:05:12.131371,0 days 00:05:53.670266,5.0,0.02,1.7000000000000002,1.7000000000000002,0.01,1.0,1.6,-41.95360943424255,-41.95360943424255,648.3024236685495,2214.312386046941,2748.927703868487,66.85343177901964,0.0,4314.937666246876,252.0,COMPLETE
1539,66.85343177901964,2026-06-17 12:59:25.425434,2026-06-17 13:05:19.056486,0 days 00:05:53.631052,5.0,0.02,1.7000000000000002,1.7000000000000002,0.01,1.0,1.6,-41.95360943424255,-41.95360943424255,648.3024236685495,2214.312386046941,2748.927703868487,66.85343177901964,0.0,4314.937666246876,252.0,COMPLETE
1540,66.85343177901964,2026-06-17 12:59:49.329776,2026-06-17 13:05:40.287562,0 days 00:05:50.957786,5.0,0.02,1.7000000000000002,1.7000000000000002,0.01,1.0,1.6,-41.95360943424255,-41.95360943424255,648.3024236685495,2214.312386046941,2748.927703868487,66.85343177901964,0.0,4314.937666246876,252.0,COMPLETE
1541,66.85343177901964,2026-06-17 13:00:14.915563,2026-06-17 13:06:06.693847,0 days 00:05:51.778284,5.0,0.02,1.7000000000000002,1.7000000000000002,0.01,1.0,1.6,-41.95360943424255,-41.95360943424255,648.3024236685495,2214.312386046941,2748.927703868487,66.85343177901964,0.0,4314.937666246876,252.0,COMPLETE
1542,56.57567487744123,2026-06-17 13:00:17.321549,2026-06-17 13:06:09.414048,0 days 00:05:52.092499,5.0,0.02,1.7000000000000002,1.7000000000000002,0.01,1.4,1.6,-41.95360943424255,-41.95360943424255,648.3024236685495,2279.453336327379,1988.49029328534,56.57567487744123,0.0,3619.641205944169,203.0,COMPLETE
1543,-1240.0,2026-06-17 13:01:52.576092,2026-06-17 13:07:40.002459,0 days 00:05:47.426367,0.5,0.02,1.7000000000000002,1.7000000000000002,0.01,1.0,1.6,-21.433360526344817,-21.433360526344817,135.26486400790714,78.40999147467556,67.13934947598963,-1240.0,0.0,10.28447694275809,26.0,COMPLETE
1544,66.85343177901964,2026-06-17 13:02:28.253217,2026-06-17 13:08:20.549674,0 days 00:05:52.296457,5.0,0.02,1.7000000000000002,1.7000000000000002,0.01,1.0,1.6,-41.95360943424255,-41.95360943424255,648.3024236685495,2214.312386046941,2748.927703868487,66.85343177901964,0.0,4314.937666246876,252.0,COMPLETE
1545,66.85343177901964,2026-06-17 13:02:55.447778,2026-06-17 13:08:47.878244,0 days 00:05:52.430466,5.0,0.02,1.7000000000000002,1.7000000000000002,0.01,1.0,1.6,-41.95360943424255,-41.95360943424255,648.3024236685495,2214.312386046941,2748.927703868487,66.85343177901964,0.0,4314.937666246876,252.0,COMPLETE
1546,66.85343177901964,2026-06-17 13:03:01.105582,2026-06-17 13:08:51.342933,0 days 00:05:50.237351,5.0,0.02,1.7000000000000002,1.7000000000000002,0.01,1.0,1.6,-41.95360943424255,-41.95360943424255,648.3024236685495,2214.312386046941,2748.927703868487,66.85343177901964,0.0,4314.937666246876,252.0,COMPLETE
1547,67.54923750026857,2026-06-17 13:03:41.476908,2026-06-17 13:09:34.380282,0 days 00:05:52.903374,5.0,0.02,1.7000000000000002,1.7000000000000002,0.01,1.0,1.7000000000000002,-41.95360943424255,-41.95360943424255,648.3024236685495,2295.666970298596,2734.799439365648,67.54923750026857,0.0,4382.163985995696,251.0,COMPLETE
1548,67.54923750026857,2026-06-17 13:03:43.951536,2026-06-17 13:09:34.136660,0 days 00:05:50.185124,5.0,0.02,1.7000000000000002,1.7000000000000002,0.01,1.0,1.7000000000000002,-41.95360943424255,-41.95360943424255,648.3024236685495,2295.666970298596,2734.799439365648,67.54923750026857,0.0,4382.163985995696,251.0,COMPLETE
1549,67.54923750026857,2026-06-17 13:04:07.481146,2026-06-17 13:10:00.698119,0 days 00:05:53.216973,5.0,0.02,1.7000000000000002,1.7000000000000002,0.01,1.0,1.7000000000000002,-41.95360943424255,-41.95360943424255,648.3024236685495,2295.666970298596,2734.799439365648,67.54923750026857,0.0,4382.163985995696,251.0,COMPLETE
1550,57.44260513668787,2026-06-17 13:05:12.202903,2026-06-17 13:11:05.768367,0 days 00:05:53.565464,5.0,0.02,1.7000000000000002,1.6,0.01,1.0,1.7000000000000002,-41.95360943424255,-41.95360943424255,484.67514809143313,2258.786918804551,2608.052215282578,57.44260513668787,0.0,4382.163985995696,254.0,COMPLETE
1551,57.44260513668787,2026-06-17 13:05:19.130766,2026-06-17 13:11:12.789550,0 days 00:05:53.658784,5.0,0.02,1.7000000000000002,1.6,0.01,1.0,1.7000000000000002,-41.95360943424255,-41.95360943424255,484.67514809143313,2258.786918804551,2608.052215282578,57.44260513668787,0.0,4382.163985995696,254.0,COMPLETE
1552,57.44260513668787,2026-06-17 13:05:40.357523,2026-06-17 13:11:31.652495,0 days 00:05:51.294972,5.0,0.02,1.7000000000000002,1.6,0.01,1.0,1.7000000000000002,-41.95360943424255,-41.95360943424255,484.67514809143313,2258.786918804551,2608.052215282578,57.44260513668787,0.0,4382.163985995696,254.0,COMPLETE
1553,57.44260513668787,2026-06-17 13:06:06.767784,2026-06-17 13:11:56.687198,0 days 00:05:49.919414,5.0,0.02,1.7000000000000002,1.6,0.01,1.0,1.7000000000000002,-41.95360943424255,-41.95360943424255,484.67514809143313,2258.786918804551,2608.052215282578,57.44260513668787,0.0,4382.163985995696,254.0,COMPLETE
1554,57.44260513668787,2026-06-17 13:06:09.488932,2026-06-17 13:12:00.455821,0 days 00:05:50.966889,5.0,0.02,1.7000000000000002,1.6,0.01,1.0,1.7000000000000002,-41.95360943424255,-41.95360943424255,484.67514809143313,2258.786918804551,2608.052215282578,57.44260513668787,0.0,4382.163985995696,254.0,COMPLETE
1555,57.44260513668787,2026-06-17 13:07:40.073598,2026-06-17 13:13:29.081986,0 days 00:05:49.008388,5.0,0.02,1.7000000000000002,1.6,0.01,1.0,1.7000000000000002,-41.95360943424255,-41.95360943424255,484.67514809143313,2258.786918804551,2608.052215282578,57.44260513668787,0.0,4382.163985995696,254.0,COMPLETE
1556,-1190.0,2026-06-17 13:08:20.623748,2026-06-17 13:14:09.737158,0 days 00:05:49.113410,5.0,0.02,1.7000000000000002,1.6,0.01,1.0,2.6,-41.95360943424255,-41.95360943424255,484.67514809143313,253.3561837995943,248.96826341851585,-1190.0,0.0,17.649299126676908,31.0,COMPLETE
1557,57.44260513668787,2026-06-17 13:08:47.948524,2026-06-17 13:14:39.693121,0 days 00:05:51.744597,5.0,0.02,1.7000000000000002,1.6,0.01,1.0,1.7000000000000002,-41.95360943424255,-41.95360943424255,484.67514809143313,2258.786918804551,2608.052215282578,57.44260513668787,0.0,4382.163985995696,254.0,COMPLETE
1558,-1180.0,2026-06-17 13:08:51.416505,2026-06-17 13:14:38.274966,0 days 00:05:46.858461,5.0,0.02,1.7000000000000002,1.6,0.01,1.0,2.3,-41.95360943424255,-41.95360943424255,484.67514809143313,255.22542446238072,248.96826341851585,-1180.0,0.0,19.518539789463347,32.0,COMPLETE
1559,57.44260513668787,2026-06-17 13:09:34.207179,2026-06-17 13:15:23.791583,0 days 00:05:49.584404,5.0,0.02,1.7000000000000002,1.6,0.01,1.0,1.7000000000000002,-41.95360943424255,-41.95360943424255,484.67514809143313,2258.786918804551,2608.052215282578,57.44260513668787,0.0,4382.163985995696,254.0,COMPLETE
1560,26.773225741908313,2026-06-17 13:09:34.460359,2026-06-17 13:15:27.267144,0 days 00:05:52.806785,5.0,0.02,1.7000000000000002,1.6,0.01,1.0,1.0,-41.95360943424255,-41.95360943424255,484.67514809143313,1628.1680348886343,2248.762650886946,26.773225741908313,0.0,3392.2555376841465,258.0,COMPLETE
1561,68.23722054188788,2026-06-17 13:10:00.770767,2026-06-17 13:15:53.421968,0 days 00:05:52.651201,5.0,0.02,1.8,1.6,0.01,1.0,1.7000000000000002,-41.95360943424255,-41.95360943424255,691.0209848280988,2318.052330537285,2755.1326402865097,68.23722054188788,0.0,4382.163985995696,251.0,COMPLETE
1562,68.23722054188788,2026-06-17 13:11:05.841576,2026-06-17 13:16:58.939437,0 days 00:05:53.097861,5.0,0.02,1.8,1.6,0.01,1.0,1.7000000000000002,-41.95360943424255,-41.95360943424255,691.0209848280988,2318.052330537285,2755.1326402865097,68.23722054188788,0.0,4382.163985995696,251.0,COMPLETE
1563,68.23722054188788,2026-06-17 13:11:12.871513,2026-06-17 13:17:06.781701,0 days 00:05:53.910188,5.0,0.02,1.8,1.6,0.01,1.0,1.7000000000000002,-41.95360943424255,-41.95360943424255,691.0209848280988,2318.052330537285,2755.1326402865097,68.23722054188788,0.0,4382.163985995696,251.0,COMPLETE
1564,68.23722054188788,2026-06-17 13:11:31.725288,2026-06-17 13:17:22.430903,0 days 00:05:50.705615,5.0,0.02,1.8,1.6,0.01,1.0,1.7000000000000002,-41.95360943424255,-41.95360943424255,691.0209848280988,2318.052330537285,2755.1326402865097,68.23722054188788,0.0,4382.163985995696,251.0,COMPLETE
1565,68.23722054188788,2026-06-17 13:11:56.760154,2026-06-17 13:17:47.612148,0 days 00:05:50.851994,5.0,0.02,1.8,1.6,0.01,1.0,1.7000000000000002,-41.95360943424255,-41.95360943424255,691.0209848280988,2318.052330537285,2755.1326402865097,68.23722054188788,0.0,4382.163985995696,251.0,COMPLETE
1566,68.23722054188788,2026-06-17 13:12:00.532962,2026-06-17 13:17:51.855628,0 days 00:05:51.322666,5.0,0.02,1.8,1.6,0.01,1.0,1.7000000000000002,-41.95360943424255,-41.95360943424255,691.0209848280988,2318.052330537285,2755.1326402865097,68.23722054188788,0.0,4382.163985995696,251.0,COMPLETE
1567,37.64310220568113,2026-06-17 13:13:29.155531,2026-06-17 13:19:17.958516,0 days 00:05:48.802985,5.0,0.02,1.8,1.6,0.01,1.0,1.0,-41.95360943424255,-41.95360943424255,691.0209848280988,1687.4334466213681,2395.8430758908785,37.64310220568113,0.0,3392.2555376841465,255.0,COMPLETE
1568,65.33968156863418,2026-06-17 13:14:09.808591,2026-06-17 13:20:01.266113,0 days 00:05:51.457522,5.0,0.02,1.8,1.7000000000000002,0.01,1.0,1.7000000000000002,-41.95360943424255,-41.95360943424255,512.2444020110445,2182.422598383548,2711.9857896231915,65.33968156863418,0.0,4382.163985995696,247.0,COMPLETE
1569,65.33968156863418,2026-06-17 13:14:38.346583,2026-06-17 13:20:27.407713,0 days 00:05:49.061130,5.0,0.02,1.8,1.7000000000000002,0.01,1.0,1.7000000000000002,-41.95360943424255,-41.95360943424255,512.2444020110445,2182.422598383548,2711.9857896231915,65.33968156863418,0.0,4382.163985995696,247.0,COMPLETE
1570,65.33968156863418,2026-06-17 13:14:39.765096,2026-06-17 13:20:32.096627,0 days 00:05:52.331531,5.0,0.02,1.8,1.7000000000000002,0.01,1.0,1.7000000000000002,-41.95360943424255,-41.95360943424255,512.2444020110445,2182.422598383548,2711.9857896231915,65.33968156863418,0.0,4382.163985995696,247.0,COMPLETE
1571,65.33968156863418,2026-06-17 13:15:23.866066,2026-06-17 13:21:14.141323,0 days 00:05:50.275257,5.0,0.02,1.8,1.7000000000000002,0.01,1.0,1.7000000000000002,-41.95360943424255,-41.95360943424255,512.2444020110445,2182.422598383548,2711.9857896231915,65.33968156863418,0.0,4382.163985995696,247.0,COMPLETE
1572,36.338570532477405,2026-06-17 13:15:27.343488,2026-06-17 13:21:19.872892,0 days 00:05:52.529404,5.0,0.02,1.9000000000000001,1.7000000000000002,0.01,1.0,1.7000000000000002,-41.95360943424255,-41.95360943424255,-232.82381704006903,1732.2134595317066,2417.1267094239197,36.338570532477405,0.0,4382.163985995696,241.0,COMPLETE
1573,65.33968156863418,2026-06-17 13:15:53.491750,2026-06-17 13:21:46.386727,0 days 00:05:52.894977,5.0,0.02,1.8,1.7000000000000002,0.01,1.0,1.7000000000000002,-41.95360943424255,-41.95360943424255,512.2444020110445,2182.422598383548,2711.9857896231915,65.33968156863418,0.0,4382.163985995696,247.0,COMPLETE
1574,68.23722054188788,2026-06-17 13:16:59.013572,2026-06-17 13:22:52.852956,0 days 00:05:53.839384,5.0,0.02,1.8,1.6,0.01,1.0,1.7000000000000002,-41.95360943424255,-41.95360943424255,691.0209848280988,2318.052330537285,2755.1326402865097,68.23722054188788,0.0,4382.163985995696,251.0,COMPLETE
1575,66.96388158885901,2026-06-17 13:17:06.855571,2026-06-17 13:23:00.374603,0 days 00:05:53.519032,5.0,0.02,1.9000000000000001,1.6,0.01,1.0,1.7000000000000002,-41.95360943424255,-41.95360943424255,612.4907160224312,2263.7614159482314,2730.893286069894,66.96388158885901,0.0,4382.163985995696,248.0,COMPLETE
1576,66.96388158885901,2026-06-17 13:17:22.503749,2026-06-17 13:23:13.706904,0 days 00:05:51.203155,5.0,0.02,1.9000000000000001,1.6,0.01,1.0,1.7000000000000002,-41.95360943424255,-41.95360943424255,612.4907160224312,2263.7614159482314,2730.893286069894,66.96388158885901,0.0,4382.163985995696,248.0,COMPLETE
1577,34.3143180213089,2026-06-17 13:17:47.685073,2026-06-17 13:23:39.044090,0 days 00:05:51.359017,5.0,0.02,1.8,1.4,0.01,1.0,1.7000000000000002,-41.95360943424255,-41.95360943424255,97.69726835250307,2128.5508893933697,2351.3103649548284,34.3143180213089,0.0,4382.163985995696,248.0,COMPLETE
1578,66.96388158885901,2026-06-17 13:17:51.927869,2026-06-17 13:23:43.938985,0 days 00:05:52.011116,5.0,0.02,1.9000000000000001,1.6,0.01,1.0,1.7000000000000002,-41.95360943424255,-41.95360943424255,612.4907160224312,2263.7614159482314,2730.893286069894,66.96388158885901,0.0,4382.163985995696,248.0,COMPLETE
1579,44.186615598301636,2026-06-17 13:19:18.026787,2026-06-17 13:25:08.596266,0 days 00:05:50.569479,5.0,0.02,1.9000000000000001,1.4,0.01,1.0,1.7000000000000002,-41.95360943424255,-41.95360943424255,141.94229431772914,2304.668492627928,2219.4377876854965,44.186615598301636,0.0,4382.163985995696,251.0,COMPLETE
1580,66.96388158885901,2026-06-17 13:20:01.432646,2026-06-17 13:25:54.155715,0 days 00:05:52.723069,5.0,0.02,1.9000000000000001,1.6,0.01,1.0,1.7000000000000002,-41.95360943424255,-41.95360943424255,612.4907160224312,2263.7614159482314,2730.893286069894,66.96388158885901,0.0,4382.163985995696,248.0,COMPLETE
1581,68.23722054188788,2026-06-17 13:20:27.484903,2026-06-17 13:26:18.155035,0 days 00:05:50.670132,5.0,0.02,1.8,1.6,0.01,1.0,1.7000000000000002,-41.95360943424255,-41.95360943424255,691.0209848280988,2318.052330537285,2755.1326402865097,68.23722054188788,0.0,4382.163985995696,251.0,COMPLETE
1582,66.96388158885901,2026-06-17 13:20:32.175947,2026-06-17 13:26:24.840877,0 days 00:05:52.664930,5.0,0.02,1.9000000000000001,1.6,0.01,1.0,1.7000000000000002,-41.95360943424255,-41.95360943424255,612.4907160224312,2263.7614159482314,2730.893286069894,66.96388158885901,0.0,4382.163985995696,248.0,COMPLETE
1583,43.50031539419856,2026-06-17 13:21:14.218428,2026-06-17 13:27:03.555322,0 days 00:05:49.336894,5.0,0.02,1.9000000000000001,1.4,0.01,1.0,1.6,-41.95360943424255,-41.95360943424255,141.94229431772914,2223.3139083762735,2233.5660521883337,43.50031539419856,0.0,4314.937666246876,252.0,COMPLETE
1584,66.26843175695171,2026-06-17 13:21:19.948288,2026-06-17 13:27:11.875220,0 days 00:05:51.926932,5.0,0.02,1.9000000000000001,1.6,0.01,1.0,1.6,-41.95360943424255,-41.95360943424255,612.4907160224312,2182.406831696577,2745.021550572732,66.26843175695171,0.0,4314.937666246876,249.0,COMPLETE
1585,66.26843175695171,2026-06-17 13:21:46.458805,2026-06-17 13:27:39.177357,0 days 00:05:52.718552,5.0,0.02,1.9000000000000001,1.6,0.01,1.0,1.6,-41.95360943424255,-41.95360943424255,612.4907160224312,2182.406831696577,2745.021550572732,66.26843175695171,0.0,4314.937666246876,249.0,COMPLETE
1586,66.26843175695171,2026-06-17 13:22:52.928431,2026-06-17 13:28:46.367879,0 days 00:05:53.439448,5.0,0.02,1.9000000000000001,1.6,0.01,1.0,1.6,-41.95360943424255,-41.95360943424255,612.4907160224312,2182.406831696577,2745.021550572732,66.26843175695171,0.0,4314.937666246876,249.0,COMPLETE
1587,68.1887414974248,2026-06-17 13:23:00.445258,2026-06-17 13:28:54.063793,0 days 00:05:53.618535,5.0,0.02,1.9000000000000001,1.5,0.01,1.0,1.6,-41.95360943424255,-41.95360943424255,730.643853802062,2250.2257763255884,2795.355743723352,68.1887414974248,0.0,4314.937666246876,252.0,COMPLETE
1588,43.11360430564105,2026-06-17 13:23:13.780336,2026-06-17 13:29:04.057640,0 days 00:05:50.277304,5.0,0.02,1.8,1.5,0.01,1.0,1.6,-41.95360943424255,-41.95360943424255,109.14791772005898,2198.841040375575,2225.2445435913605,43.11360430564105,0.0,4314.937666246876,252.0,COMPLETE
1589,43.50031539419856,2026-06-17 13:23:39.114794,2026-06-17 13:29:29.808010,0 days 00:05:50.693216,5.0,0.02,1.9000000000000001,1.4,0.01,1.0,1.6,-41.95360943424255,-41.95360943424255,141.94229431772914,2223.3139083762735,2233.5660521883337,43.50031539419856,0.0,4314.937666246876,252.0,COMPLETE
1590,43.11360430564105,2026-06-17 13:23:44.013126,2026-06-17 13:29:34.918753,0 days 00:05:50.905627,5.0,0.02,1.8,1.5,0.01,1.0,1.6,-41.95360943424255,-41.95360943424255,109.14791772005898,2198.841040375575,2225.2445435913605,43.11360430564105,0.0,4314.937666246876,252.0,COMPLETE
1591,43.11360430564105,2026-06-17 13:25:08.669139,2026-06-17 13:30:57.063442,0 days 00:05:48.394303,5.0,0.02,1.8,1.5,0.01,1.0,1.6,-41.95360943424255,-41.95360943424255,109.14791772005898,2198.841040375575,2225.2445435913605,43.11360430564105,0.0,4314.937666246876,252.0,COMPLETE
1592,43.11360430564105,2026-06-17 13:25:54.231788,2026-06-17 13:31:46.425276,0 days 00:05:52.193488,5.0,0.02,1.8,1.5,0.01,1.0,1.6,-41.95360943424255,-41.95360943424255,109.14791772005898,2198.841040375575,2225.2445435913605,43.11360430564105,0.0,4314.937666246876,252.0,COMPLETE
1593,43.11360430564105,2026-06-17 13:26:18.230328,2026-06-17 13:32:07.668190,0 days 00:05:49.437862,5.0,0.02,1.8,1.5,0.01,1.0,1.6,-41.95360943424255,-41.95360943424255,109.14791772005898,2198.841040375575,2225.2445435913605,43.11360430564105,0.0,4314.937666246876,252.0,COMPLETE
1594,43.11360430564105,2026-06-17 13:26:24.917790,2026-06-17 13:32:17.115651,0 days 00:05:52.197861,5.0,0.02,1.8,1.5,0.01,1.0,1.6,-41.95360943424255,-41.95360943424255,109.14791772005898,2198.841040375575,2225.2445435913605,43.11360430564105,0.0,4314.937666246876,252.0,COMPLETE
1595,43.11360430564105,2026-06-17 13:27:03.629467,2026-06-17 13:32:53.555488,0 days 00:05:49.926021,5.0,0.02,1.8,1.5,0.01,1.0,1.6,-41.95360943424255,-41.95360943424255,109.14791772005898,2198.841040375575,2225.2445435913605,43.11360430564105,0.0,4314.937666246876,252.0,COMPLETE
1596,43.11360430564105,2026-06-17 13:27:11.946447,2026-06-17 13:33:03.901938,0 days 00:05:51.955491,5.0,0.02,1.8,1.5,0.01,1.0,1.6,-41.95360943424255,-41.95360943424255,109.14791772005898,2198.841040375575,2225.2445435913605,43.11360430564105,0.0,4314.937666246876,252.0,COMPLETE
1597,43.11360430564105,2026-06-17 13:27:39.260410,2026-06-17 13:33:32.365721,0 days 00:05:53.105311,5.0,0.02,1.8,1.5,0.01,1.0,1.6,-41.95360943424255,-41.95360943424255,109.14791772005898,2198.841040375575,2225.2445435913605,43.11360430564105,0.0,4314.937666246876,252.0,COMPLETE
1598,43.11360430564105,2026-06-17 13:28:46.533500,2026-06-17 13:34:39.868777,0 days 00:05:53.335277,5.0,0.02,1.8,1.5,0.01,1.0,1.6,-41.95360943424255,-41.95360943424255,109.14791772005898,2198.841040375575,2225.2445435913605,43.11360430564105,0.0,4314.937666246876,252.0,COMPLETE
1599,43.11360430564105,2026-06-17 13:28:54.138361,2026-06-17 13:34:47.721217,0 days 00:05:53.582856,5.0,0.02,1.8,1.5,0.01,1.0,1.6,-41.95360943424255,-41.95360943424255,109.14791772005898,2198.841040375575,2225.2445435913605,43.11360430564105,0.0,4314.937666246876,252.0,COMPLETE
1600,43.11360430564105,2026-06-17 13:29:04.130897,2026-06-17 13:34:55.466237,0 days 00:05:51.335340,5.0,0.02,1.8,1.5,0.01,1.0,1.6,-41.95360943424255,-41.95360943424255,109.14791772005898,2198.841040375575,2225.2445435913605,43.11360430564105,0.0,4314.937666246876,252.0,COMPLETE
1601,43.11360430564105,2026-06-17 13:29:29.880972,2026-06-17 13:35:20.621936,0 days 00:05:50.740964,5.0,0.02,1.8,1.5,0.01,1.0,1.6,-41.95360943424255,-41.95360943424255,109.14791772005898,2198.841040375575,2225.2445435913605,43.11360430564105,0.0,4314.937666246876,252.0,COMPLETE
1602,43.11360430564105,2026-06-17 13:29:34.992113,2026-06-17 13:35:26.460797,0 days 00:05:51.468684,5.0,0.02,1.8,1.5,0.01,1.0,1.6,-41.95360943424255,-41.95360943424255,109.14791772005898,2198.841040375575,2225.2445435913605,43.11360430564105,0.0,4314.937666246876,252.0,COMPLETE
1603,43.11360430564105,2026-06-17 13:30:57.134897,2026-06-17 13:36:46.487065,0 days 00:05:49.352168,5.0,0.02,1.8,1.5,0.01,1.0,1.6,-41.95360943424255,-41.95360943424255,109.14791772005898,2198.841040375575,2225.2445435913605,43.11360430564105,0.0,4314.937666246876,252.0,COMPLETE
1604,43.11360430564105,2026-06-17 13:31:46.500289,2026-06-17 13:37:39.142838,0 days 00:05:52.642549,5.0,0.02,1.8,1.5,0.01,1.0,1.6,-41.95360943424255,-41.95360943424255,109.14791772005898,2198.841040375575,2225.2445435913605,43.11360430564105,0.0,4314.937666246876,252.0,COMPLETE
1605,29.90629076444843,2026-06-17 13:32:07.741802,2026-06-17 13:37:58.099575,0 days 00:05:50.357773,2.0,0.02,1.8,1.5,0.01,1.0,1.6,-41.95360943424255,-41.95360943424255,340.9400049209686,1181.5108283424563,1205.93657312322,29.90629076444843,0.0,2046.5073965447082,256.0,COMPLETE
1606,35.188049066628714,2026-06-17 13:32:17.182818,2026-06-17 13:38:10.552474,0 days 00:05:53.369656,5.0,0.02,2.0,1.6,0.01,1.0,1.6,-41.95360943424255,-41.95360943424255,-241.4260081237662,1648.646743077124,2424.864915045988,35.188049066628714,0.0,4314.937666246876,242.0,COMPLETE
1607,67.54205570015658,2026-06-17 13:32:53.626888,2026-06-17 13:38:44.500373,0 days 00:05:50.873485,5.0,0.02,1.8,1.6,0.01,1.0,1.6,-41.95360943424255,-41.95360943424255,691.0209848280988,2236.6977462856294,2769.2609047893475,67.54205570015658,0.0,4314.937666246876,252.0,COMPLETE
1608,35.188049066628714,2026-06-17 13:33:03.977866,2026-06-17 13:38:57.427902,0 days 00:05:53.450036,5.0,0.02,2.0,1.6,0.01,1.0,1.6,-41.95360943424255,-41.95360943424255,-241.4260081237662,1648.646743077124,2424.864915045988,35.188049066628714,0.0,4314.937666246876,242.0,COMPLETE
1609,35.188049066628714,2026-06-17 13:33:32.439938,2026-06-17 13:39:25.770238,0 days 00:05:53.330300,5.0,0.02,2.0,1.6,0.01,1.0,1.6,-41.95360943424255,-41.95360943424255,-241.4260081237662,1648.646743077124,2424.864915045988,35.188049066628714,0.0,4314.937666246876,242.0,COMPLETE
1610,-1220.0,2026-06-17 13:34:39.941090,2026-06-17 13:40:32.198233,0 days 00:05:52.257143,5.0,0.02,1.8,1.6,0.01,1.0,2.5,-41.95360943424255,-41.95360943424255,691.0209848280988,314.67358892609514,396.0486884224481,-1220.0,0.0,19.701292520444483,28.0,COMPLETE
1611,68.23722054188788,2026-06-17 13:34:47.795770,2026-06-17 13:40:42.066614,0 days 00:05:54.270844,5.0,0.02,1.8,1.6,0.01,1.0,1.7000000000000002,-41.95360943424255,-41.95360943424255,691.0209848280988,2318.052330537285,2755.1326402865097,68.23722054188788,0.0,4382.163985995696,251.0,COMPLETE
1612,45.43698454565349,2026-06-17 13:34:55.541252,2026-06-17 13:40:45.779975,0 days 00:05:50.238723,5.0,0.02,1.8,1.6,0.01,1.6,1.7000000000000002,-41.95360943424255,-41.95360943424255,691.0209848280988,2015.9803147197642,1587.170886737682,45.43698454565349,0.0,2912.130216629349,166.0,COMPLETE
1613,35.91569818384097,2026-06-17 13:35:20.696601,2026-06-17 13:41:12.481390,0 days 00:05:51.784789,5.0,0.02,2.0,1.6,0.01,1.0,1.7000000000000002,-41.95360943424255,-41.95360943424255,-241.4260081237662,1730.0013273287789,2410.7366505431505,35.91569818384097,0.0,4382.163985995696,241.0,COMPLETE
1614,21.932234623951143,2026-06-17 13:35:26.536040,2026-06-17 13:41:18.108818,0 days 00:05:51.572778,2.0,0.02,2.0,1.6,0.01,1.0,1.7000000000000002,-41.95360943424255,-41.95360943424255,-129.180803178509,912.5245555894227,1116.2199873694694,21.932234623951143,0.0,2157.925346137402,241.0,COMPLETE
1615,68.23722054188788,2026-06-17 13:36:46.559680,2026-06-17 13:42:35.860858,0 days 00:05:49.301178,5.0,0.02,1.8,1.6,0.01,1.0,1.7000000000000002,-41.95360943424255,-41.95360943424255,691.0209848280988,2318.052330537285,2755.1326402865097,68.23722054188788,0.0,4382.163985995696,251.0,COMPLETE
1616,68.23722054188788,2026-06-17 13:37:39.218516,2026-06-17 13:43:31.917493,0 days 00:05:52.698977,5.0,0.02,1.8,1.6,0.01,1.0,1.7000000000000002,-41.95360943424255,-41.95360943424255,691.0209848280988,2318.052330537285,2755.1326402865097,68.23722054188788,0.0,4382.163985995696,251.0,COMPLETE
1617,68.23722054188788,2026-06-17 13:37:58.174247,2026-06-17 13:43:47.967884,0 days 00:05:49.793637,5.0,0.02,1.8,1.6,0.01,1.0,1.7000000000000002,-41.95360943424255,-41.95360943424255,691.0209848280988,2318.052330537285,2755.1326402865097,68.23722054188788,0.0,4382.163985995696,251.0,COMPLETE
1618,68.23722054188788,2026-06-17 13:38:10.626435,2026-06-17 13:44:02.963955,0 days 00:05:52.337520,5.0,0.02,1.8,1.6,0.01,1.0,1.7000000000000002,-41.95360943424255,-41.95360943424255,691.0209848280988,2318.052330537285,2755.1326402865097,68.23722054188788,0.0,4382.163985995696,251.0,COMPLETE
1619,68.23722054188788,2026-06-17 13:38:44.572156,2026-06-17 13:44:34.279636,0 days 00:05:49.707480,5.0,0.02,1.8,1.6,0.01,1.0,1.7000000000000002,-41.95360943424255,-41.95360943424255,691.0209848280988,2318.052330537285,2755.1326402865097,68.23722054188788,0.0,4382.163985995696,251.0,COMPLETE
1620,68.23722054188788,2026-06-17 13:38:57.508343,2026-06-17 13:44:50.141734,0 days 00:05:52.633391,5.0,0.02,1.8,1.6,0.02,1.0,1.7000000000000002,-41.95360943424255,-41.95360943424255,691.0209848280988,2318.052330537285,2755.1326402865097,68.23722054188788,0.0,4382.163985995696,251.0,COMPLETE
1621,68.23722054188788,2026-06-17 13:39:25.843920,2026-06-17 13:45:18.983893,0 days 00:05:53.139973,5.0,0.02,1.8,1.6,0.01,1.0,1.7000000000000002,-41.95360943424255,-41.95360943424255,691.0209848280988,2318.052330537285,2755.1326402865097,68.23722054188788,0.0,4382.163985995696,251.0,COMPLETE
1622,-1220.0,2026-06-17 13:40:32.273260,2026-06-17 13:46:22.929394,0 days 00:05:50.656134,5.0,0.02,1.8,1.6,0.01,1.0,2.7,-41.95360943424255,-41.95360943424255,691.0209848280988,310.64080411183227,396.0486884224481,-1220.0,0.0,15.668507706181657,28.0,COMPLETE
1623,68.23722054188788,2026-06-17 13:40:42.145043,2026-06-17 13:46:35.295306,0 days 00:05:53.150263,5.0,0.02,1.8,1.6,0.01,1.0,1.7000000000000002,-41.95360943424255,-41.95360943424255,691.0209848280988,2318.052330537285,2755.1326402865097,68.23722054188788,0.0,4382.163985995696,251.0,COMPLETE
1624,66.96388158885901,2026-06-17 13:40:45.854891,2026-06-17 13:46:36.351737,0 days 00:05:50.496846,5.0,0.02,1.9000000000000001,1.6,0.02,1.0,1.7000000000000002,-41.95360943424255,-41.95360943424255,612.4907160224312,2263.7614159482314,2730.893286069894,66.96388158885901,0.0,4382.163985995696,248.0,COMPLETE
1625,68.23722054188788,2026-06-17 13:41:12.554138,2026-06-17 13:47:02.533991,0 days 00:05:49.979853,5.0,0.02,1.8,1.6,0.01,1.0,1.7000000000000002,-41.95360943424255,-41.95360943424255,691.0209848280988,2318.052330537285,2755.1326402865097,68.23722054188788,0.0,4382.163985995696,251.0,COMPLETE
1626,-1250.0,2026-06-17 13:41:18.189079,2026-06-17 13:47:07.409964,0 days 00:05:49.220885,5.0,0.02,1.9000000000000001,1.6,0.01,1.0,2.7,-41.95360943424255,-41.95360943424255,612.4907160224312,256.3498895227795,371.80933420583335,-1250.0,0.0,15.668507706181657,25.0,COMPLETE
1627,38.21259131765978,2026-06-17 13:42:35.929287,2026-06-17 13:48:24.942745,0 days 00:05:49.013458,5.0,0.02,1.9000000000000001,1.6,0.02,1.0,1.2,-41.95360943424255,-41.95360943424255,612.4907160224312,1771.9631460009361,2537.795889577378,38.21259131765978,0.0,3697.2683195558825,251.0,COMPLETE
1628,66.96388158885901,2026-06-17 13:43:31.985536,2026-06-17 13:49:23.915913,0 days 00:05:51.930377,5.0,0.02,1.9000000000000001,1.6,0.02,1.0,1.7000000000000002,-41.95360943424255,-41.95360943424255,612.4907160224312,2263.7614159482314,2730.893286069894,66.96388158885901,0.0,4382.163985995696,248.0,COMPLETE
1629,66.96388158885901,2026-06-17 13:43:48.037780,2026-06-17 13:49:37.535988,0 days 00:05:49.498208,5.0,0.02,1.9000000000000001,1.6,0.02,1.0,1.7000000000000002,-41.95360943424255,-41.95360943424255,612.4907160224312,2263.7614159482314,2730.893286069894,66.96388158885901,0.0,4382.163985995696,248.0,COMPLETE
1630,66.96388158885901,2026-06-17 13:44:03.047773,2026-06-17 13:49:55.609011,0 days 00:05:52.561238,5.0,0.02,1.9000000000000001,1.6,0.01,1.0,1.7000000000000002,-41.95360943424255,-41.95360943424255,612.4907160224312,2263.7614159482314,2730.893286069894,66.96388158885901,0.0,4382.163985995696,248.0,COMPLETE
1631,66.96388158885901,2026-06-17 13:44:34.354076,2026-06-17 13:50:24.311655,0 days 00:05:49.957579,5.0,0.02,1.9000000000000001,1.6,0.01,1.0,1.7000000000000002,-41.95360943424255,-41.95360943424255,612.4907160224312,2263.7614159482314,2730.893286069894,66.96388158885901,0.0,4382.163985995696,248.0,COMPLETE
1632,66.96388158885901,2026-06-17 13:44:50.208950,2026-06-17 13:50:43.187890,0 days 00:05:52.978940,5.0,0.02,1.9000000000000001,1.6,0.01,1.0,1.7000000000000002,-41.95360943424255,-41.95360943424255,612.4907160224312,2263.7614159482314,2730.893286069894,66.96388158885901,0.0,4382.163985995696,248.0,COMPLETE
1633,66.96388158885901,2026-06-17 13:45:19.057128,2026-06-17 13:51:11.785781,0 days 00:05:52.728653,5.0,0.02,1.9000000000000001,1.6,0.02,1.0,1.7000000000000002,-41.95360943424255,-41.95360943424255,612.4907160224312,2263.7614159482314,2730.893286069894,66.96388158885901,0.0,4382.163985995696,248.0,COMPLETE
1634,66.96388158885901,2026-06-17 13:46:23.000891,2026-06-17 13:52:16.949934,0 days 00:05:53.949043,5.0,0.02,1.9000000000000001,1.6,0.02,1.0,1.7000000000000002,-41.95360943424255,-41.95360943424255,612.4907160224312,2263.7614159482314,2730.893286069894,66.96388158885901,0.0,4382.163985995696,248.0,COMPLETE
1635,38.21259131765978,2026-06-17 13:46:35.367138,2026-06-17 13:52:29.829289,0 days 00:05:54.462151,5.0,0.02,1.9000000000000001,1.6,0.02,1.0,1.2,-41.95360943424255,-41.95360943424255,612.4907160224312,1771.9631460009361,2537.795889577378,38.21259131765978,0.0,3697.2683195558825,251.0,COMPLETE
1636,66.96388158885901,2026-06-17 13:46:36.438423,2026-06-17 13:52:28.399253,0 days 00:05:51.960830,5.0,0.02,1.9000000000000001,1.6,0.02,1.0,1.7000000000000002,-41.95360943424255,-41.95360943424255,612.4907160224312,2263.7614159482314,2730.893286069894,66.96388158885901,0.0,4382.163985995696,248.0,COMPLETE
1637,66.96388158885901,2026-06-17 13:47:02.606627,2026-06-17 13:52:54.042057,0 days 00:05:51.435430,5.0,0.02,1.9000000000000001,1.6,0.02,1.0,1.7000000000000002,-41.95360943424255,-41.95360943424255,612.4907160224312,2263.7614159482314,2730.893286069894,66.96388158885901,0.0,4382.163985995696,248.0,COMPLETE
1638,66.96388158885901,2026-06-17 13:47:07.491707,2026-06-17 13:52:59.081090,0 days 00:05:51.589383,5.0,0.02,1.9000000000000001,1.6,0.02,1.0,1.7000000000000002,-41.95360943424255,-41.95360943424255,612.4907160224312,2263.7614159482314,2730.893286069894,66.96388158885901,0.0,4382.163985995696,248.0,COMPLETE
1639,68.23722054188788,2026-06-17 13:48:25.015200,2026-06-17 13:54:14.187646,0 days 00:05:49.172446,5.0,0.02,1.8,1.6,0.01,1.0,1.7000000000000002,-41.95360943424255,-41.95360943424255,691.0209848280988,2318.052330537285,2755.1326402865097,68.23722054188788,0.0,4382.163985995696,251.0,COMPLETE
1640,68.23722054188788,2026-06-17 13:49:23.989750,2026-06-17 13:55:16.101744,0 days 00:05:52.111994,5.0,0.02,1.8,1.6,0.01,1.0,1.7000000000000002,-41.95360943424255,-41.95360943424255,691.0209848280988,2318.052330537285,2755.1326402865097,68.23722054188788,0.0,4382.163985995696,251.0,COMPLETE
1641,68.23722054188788,2026-06-17 13:49:37.610859,2026-06-17 13:55:27.884171,0 days 00:05:50.273312,5.0,0.02,1.8,1.6,0.01,1.0,1.7000000000000002,-41.95360943424255,-41.95360943424255,691.0209848280988,2318.052330537285,2755.1326402865097,68.23722054188788,0.0,4382.163985995696,251.0,COMPLETE
1642,43.80196783679254,2026-06-17 13:49:55.678677,2026-06-17 13:55:48.498392,0 days 00:05:52.819715,5.0,0.02,1.8,1.5,0.01,1.0,1.7000000000000002,-41.95360943424255,-41.95360943424255,109.14791772005898,2280.19562462723,2211.1162790885237,43.80196783679254,0.0,4382.163985995696,251.0,COMPLETE
1643,34.3143180213089,2026-06-17 13:50:24.386275,2026-06-17 13:56:14.302985,0 days 00:05:49.916710,5.0,0.02,1.8,1.4,0.01,1.0,1.7000000000000002,-41.95360943424255,-41.95360943424255,97.69726835250307,2128.5508893933697,2351.3103649548284,34.3143180213089,0.0,4382.163985995696,248.0,COMPLETE
1644,43.80196783679254,2026-06-17 13:50:43.269789,2026-06-17 13:56:35.751091,0 days 00:05:52.481302,5.0,0.02,1.8,1.5,0.01,1.0,1.7000000000000002,-41.95360943424255,-41.95360943424255,109.14791772005898,2280.19562462723,2211.1162790885237,43.80196783679254,0.0,4382.163985995696,251.0,COMPLETE
1645,43.80196783679254,2026-06-17 13:51:11.858249,2026-06-17 13:57:03.887335,0 days 00:05:52.029086,5.0,0.02,1.8,1.5,0.01,1.0,1.7000000000000002,-41.95360943424255,-41.95360943424255,109.14791772005898,2280.19562462723,2211.1162790885237,43.80196783679254,0.0,4382.163985995696,251.0,COMPLETE
1646,43.80196783679254,2026-06-17 13:52:17.023516,2026-06-17 13:58:09.930238,0 days 00:05:52.906722,5.0,0.02,1.8,1.5,0.01,1.0,1.7000000000000002,-41.95360943424255,-41.95360943424255,109.14791772005898,2280.19562462723,2211.1162790885237,43.80196783679254,0.0,4382.163985995696,251.0,COMPLETE
1647,43.80196783679254,2026-06-17 13:52:28.471512,2026-06-17 13:58:19.126365,0 days 00:05:50.654853,5.0,0.02,1.8,1.5,0.01,1.0,1.7000000000000002,-41.95360943424255,-41.95360943424255,109.14791772005898,2280.19562462723,2211.1162790885237,43.80196783679254,0.0,4382.163985995696,251.0,COMPLETE
1648,43.80196783679254,2026-06-17 13:52:29.904826,2026-06-17 13:58:23.662114,0 days 00:05:53.757288,5.0,0.02,1.8,1.5,0.01,1.0,1.7000000000000002,-41.95360943424255,-41.95360943424255,109.14791772005898,2280.19562462723,2211.1162790885237,43.80196783679254,0.0,4382.163985995696,251.0,COMPLETE
1649,43.80196783679254,2026-06-17 13:52:54.112774,2026-06-17 13:58:45.352678,0 days 00:05:51.239904,5.0,0.02,1.8,1.5,0.01,1.0,1.7000000000000002,-41.95360943424255,-41.95360943424255,109.14791772005898,2280.19562462723,2211.1162790885237,43.80196783679254,0.0,4382.163985995696,251.0,COMPLETE
1650,43.11360430564105,2026-06-17 13:52:59.153436,2026-06-17 13:58:50.295442,0 days 00:05:51.142006,5.0,0.02,1.8,1.5,0.01,1.0,1.6,-41.95360943424255,-41.95360943424255,109.14791772005898,2198.841040375575,2225.2445435913605,43.11360430564105,0.0,4314.937666246876,252.0,COMPLETE
1651,43.11360430564105,2026-06-17 13:54:14.261152,2026-06-17 14:00:03.274178,0 days 00:05:49.013026,5.0,0.02,1.8,1.5,0.01,1.0,1.6,-41.95360943424255,-41.95360943424255,109.14791772005898,2198.841040375575,2225.2445435913605,43.11360430564105,0.0,4314.937666246876,252.0,COMPLETE
1652,43.11360430564105,2026-06-17 13:55:16.175276,2026-06-17 14:01:07.965711,0 days 00:05:51.790435,5.0,0.02,1.8,1.5,0.01,1.0,1.6,-41.95360943424255,-41.95360943424255,109.14791772005898,2198.841040375575,2225.2445435913605,43.11360430564105,0.0,4314.937666246876,252.0,COMPLETE
1653,43.11360430564105,2026-06-17 13:55:27.956679,2026-06-17 14:01:17.489229,0 days 00:05:49.532550,5.0,0.02,1.8,1.5,0.01,1.0,1.6,-41.95360943424255,-41.95360943424255,109.14791772005898,2198.841040375575,2225.2445435913605,43.11360430564105,0.0,4314.937666246876,252.0,COMPLETE
1654,43.11360430564105,2026-06-17 13:55:48.572307,2026-06-17 14:01:40.919375,0 days 00:05:52.347068,5.0,0.02,1.8,1.5,0.01,1.0,1.6,-41.95360943424255,-41.95360943424255,109.14791772005898,2198.841040375575,2225.2445435913605,43.11360430564105,0.0,4314.937666246876,252.0,COMPLETE
1655,43.11360430564105,2026-06-17 13:56:14.376018,2026-06-17 14:02:04.954973,0 days 00:05:50.578955,5.0,0.02,1.8,1.5,0.01,1.0,1.6,-41.95360943424255,-41.95360943424255,109.14791772005898,2198.841040375575,2225.2445435913605,43.11360430564105,0.0,4314.937666246876,252.0,COMPLETE
1656,43.11360430564105,2026-06-17 13:56:35.824716,2026-06-17 14:02:28.741194,0 days 00:05:52.916478,5.0,0.02,1.8,1.5,0.01,1.0,1.6,-41.95360943424255,-41.95360943424255,109.14791772005898,2198.841040375575,2225.2445435913605,43.11360430564105,0.0,4314.937666246876,252.0,COMPLETE
1657,43.11360430564105,2026-06-17 13:57:03.961174,2026-06-17 14:02:56.799072,0 days 00:05:52.837898,5.0,0.02,1.8,1.5,0.01,1.0,1.6,-41.95360943424255,-41.95360943424255,109.14791772005898,2198.841040375575,2225.2445435913605,43.11360430564105,0.0,4314.937666246876,252.0,COMPLETE
1658,43.11360430564105,2026-06-17 13:58:10.004232,2026-06-17 14:04:02.079706,0 days 00:05:52.075474,5.0,0.02,1.8,1.5,0.01,1.0,1.6,-41.95360943424255,-41.95360943424255,109.14791772005898,2198.841040375575,2225.2445435913605,43.11360430564105,0.0,4314.937666246876,252.0,COMPLETE
1659,43.11360430564105,2026-06-17 13:58:19.202394,2026-06-17 14:04:07.695943,0 days 00:05:48.493549,5.0,0.02,1.8,1.5,0.01,1.0,1.6,-41.95360943424255,-41.95360943424255,109.14791772005898,2198.841040375575,2225.2445435913605,43.11360430564105,0.0,4314.937666246876,252.0,COMPLETE
1660,67.54205570015658,2026-06-17 13:58:23.736414,2026-06-17 14:04:14.805108,0 days 00:05:51.068694,5.0,0.02,1.8,1.6,0.01,1.0,1.6,-41.95360943424255,-41.95360943424255,691.0209848280988,2236.6977462856294,2769.2609047893475,67.54205570015658,0.0,4314.937666246876,252.0,COMPLETE
1661,51.59811394682989,2026-06-17 13:58:45.425642,2026-06-17 14:04:33.631950,0 days 00:05:48.206308,5.0,0.02,1.8,1.6,0.01,1.5,1.6,-41.95360943424255,-41.95360943424255,691.0209848280988,2069.992623892181,1895.4556946112093,51.59811394682989,0.0,3274.427333675293,186.0,COMPLETE
1662,67.54205570015658,2026-06-17 13:58:50.366872,2026-06-17 14:04:37.547325,0 days 00:05:47.180453,5.0,0.02,1.8,1.6,0.01,1.0,1.6,-41.95360943424255,-41.95360943424255,691.0209848280988,2236.6977462856294,2769.2609047893475,67.54205570015658,0.0,4314.937666246876,252.0,COMPLETE
1663,67.54205570015658,2026-06-17 14:00:03.342576,2026-06-17 14:05:42.821908,0 days 00:05:39.479332,5.0,0.02,1.8,1.6,0.01,1.0,1.6,-41.95360943424255,-41.95360943424255,691.0209848280988,2236.6977462856294,2769.2609047893475,67.54205570015658,0.0,4314.937666246876,252.0,COMPLETE
1664,-1140.0,2026-06-17 14:01:08.049961,2026-06-17 14:06:41.670107,0 days 00:05:33.620146,1.5,0.02,1.8,1.6,0.01,1.0,1.6,-41.95360943424255,-41.95360943424255,402.8702162781792,232.42264393654193,207.30966241656682,-1140.0,0.0,36.862090074929526,36.0,COMPLETE
1665,67.54205570015658,2026-06-17 14:01:17.563468,2026-06-17 14:06:50.640971,0 days 00:05:33.077503,5.0,0.02,1.8,1.6,0.01,1.0,1.6,-41.95360943424255,-41.95360943424255,691.0209848280988,2236.6977462856294,2769.2609047893475,67.54205570015658,0.0,4314.937666246876,252.0,COMPLETE
1666,67.54205570015658,2026-06-17 14:01:40.994581,2026-06-17 14:07:19.815433,0 days 00:05:38.820852,5.0,0.02,1.8,1.6,0.01,1.0,1.6,-41.95360943424255,-41.95360943424255,691.0209848280988,2236.6977462856294,2769.2609047893475,67.54205570015658,0.0,4314.937666246876,252.0,COMPLETE
1667,68.23722054188788,2026-06-17 14:02:05.032280,2026-06-17 14:07:35.229262,0 days 00:05:30.196982,5.0,0.02,1.8,1.6,0.01,1.0,1.7000000000000002,-41.95360943424255,-41.95360943424255,691.0209848280988,2318.052330537285,2755.1326402865097,68.23722054188788,0.0,4382.163985995696,251.0,COMPLETE
1668,68.23722054188788,2026-06-17 14:02:28.814112,2026-06-17 14:08:05.202771,0 days 00:05:36.388659,5.0,0.02,1.8,1.6,0.01,1.0,1.7000000000000002,-41.95360943424255,-41.95360943424255,691.0209848280988,2318.052330537285,2755.1326402865097,68.23722054188788,0.0,4382.163985995696,251.0,COMPLETE
1669,68.23722054188788,2026-06-17 14:02:56.873627,2026-06-17 14:08:31.594772,0 days 00:05:34.721145,5.0,0.02,1.8,1.6,0.01,1.0,1.7000000000000002,-41.95360943424255,-41.95360943424255,691.0209848280988,2318.052330537285,2755.1326402865097,68.23722054188788,0.0,4382.163985995696,251.0,COMPLETE
1670,68.23722054188788,2026-06-17 14:04:02.146589,2026-06-17 14:09:34.386236,0 days 00:05:32.239647,5.0,0.02,1.8,1.6,0.01,1.0,1.7000000000000002,-41.95360943424255,-41.95360943424255,691.0209848280988,2318.052330537285,2755.1326402865097,68.23722054188788,0.0,4382.163985995696,251.0,COMPLETE
1671,68.23722054188788,2026-06-17 14:04:07.762718,2026-06-17 14:09:31.251249,0 days 00:05:23.488531,5.0,0.02,1.8,1.6,0.01,1.0,1.7000000000000002,-41.95360943424255,-41.95360943424255,691.0209848280988,2318.052330537285,2755.1326402865097,68.23722054188788,0.0,4382.163985995696,251.0,COMPLETE
1672,68.23722054188788,2026-06-17 14:04:14.877241,2026-06-17 14:09:48.094503,0 days 00:05:33.217262,5.0,0.02,1.8,1.6,0.01,1.0,1.7000000000000002,-41.95360943424255,-41.95360943424255,691.0209848280988,2318.052330537285,2755.1326402865097,68.23722054188788,0.0,4382.163985995696,251.0,COMPLETE
1673,68.23722054188788,2026-06-17 14:04:33.695307,2026-06-17 14:10:04.739182,0 days 00:05:31.043875,5.0,0.02,1.8,1.6,0.01,1.0,1.7000000000000002,-41.95360943424255,-41.95360943424255,691.0209848280988,2318.052330537285,2755.1326402865097,68.23722054188788,0.0,4382.163985995696,251.0,COMPLETE
1674,68.23722054188788,2026-06-17 14:04:37.611828,2026-06-17 14:10:00.984934,0 days 00:05:23.373106,5.0,0.02,1.8,1.6,0.01,1.0,1.7000000000000002,-41.95360943424255,-41.95360943424255,691.0209848280988,2318.052330537285,2755.1326402865097,68.23722054188788,0.0,4382.163985995696,251.0,COMPLETE
1675,-1140.0,2026-06-17 14:05:42.888948,2026-06-17 14:11:01.566111,0 days 00:05:18.677163,1.5,0.02,1.8,1.6,0.01,1.0,1.7000000000000002,-41.95360943424255,-41.95360943424255,402.8702162781792,232.09680056087558,207.30966241656682,-1140.0,0.0,36.53624669926318,36.0,COMPLETE
1676,68.23722054188788,2026-06-17 14:06:41.739494,2026-06-17 14:12:04.233463,0 days 00:05:22.493969,5.0,0.02,1.8,1.6,0.01,1.0,1.7000000000000002,-41.95360943424255,-41.95360943424255,691.0209848280988,2318.052330537285,2755.1326402865097,68.23722054188788,0.0,4382.163985995696,251.0,COMPLETE
1677,68.23722054188788,2026-06-17 14:06:50.726738,2026-06-17 14:12:12.416097,0 days 00:05:21.689359,5.0,0.02,1.8,1.6,0.01,1.0,1.7000000000000002,-41.95360943424255,-41.95360943424255,691.0209848280988,2318.052330537285,2755.1326402865097,68.23722054188788,0.0,4382.163985995696,251.0,COMPLETE
1678,68.23722054188788,2026-06-17 14:07:19.896228,2026-06-17 14:12:50.997803,0 days 00:05:31.101575,5.0,0.02,1.8,1.6,0.01,1.0,1.7000000000000002,-41.95360943424255,-41.95360943424255,691.0209848280988,2318.052330537285,2755.1326402865097,68.23722054188788,0.0,4382.163985995696,251.0,COMPLETE
1679,68.23722054188788,2026-06-17 14:07:35.302797,2026-06-17 14:12:57.903697,0 days 00:05:22.600900,5.0,0.02,1.8,1.6,0.01,1.0,1.7000000000000002,-41.95360943424255,-41.95360943424255,691.0209848280988,2318.052330537285,2755.1326402865097,68.23722054188788,0.0,4382.163985995696,251.0,COMPLETE
1680,68.23722054188788,2026-06-17 14:08:05.278005,2026-06-17 14:13:37.551369,0 days 00:05:32.273364,5.0,0.02,1.8,1.6,0.01,1.0,1.7000000000000002,-41.95360943424255,-41.95360943424255,691.0209848280988,2318.052330537285,2755.1326402865097,68.23722054188788,0.0,4382.163985995696,251.0,COMPLETE
1681,68.23722054188788,2026-06-17 14:08:31.668735,2026-06-17 14:14:02.950794,0 days 00:05:31.282059,5.0,0.02,1.8,1.6,0.01,1.0,1.7000000000000002,-41.95360943424255,-41.95360943424255,691.0209848280988,2318.052330537285,2755.1326402865097,68.23722054188788,0.0,4382.163985995696,251.0,COMPLETE
1682,68.23722054188788,2026-06-17 14:09:31.329944,2026-06-17 14:14:52.969839,0 days 00:05:21.639895,5.0,0.02,1.8,1.6,0.01,1.0,1.7000000000000002,-41.95360943424255,-41.95360943424255,691.0209848280988,2318.052330537285,2755.1326402865097,68.23722054188788,0.0,4382.163985995696,251.0,COMPLETE
1683,68.23722054188788,2026-06-17 14:09:34.451659,2026-06-17 14:15:06.737042,0 days 00:05:32.285383,5.0,0.02,1.8,1.6,0.01,1.0,1.7000000000000002,-41.95360943424255,-41.95360943424255,691.0209848280988,2318.052330537285,2755.1326402865097,68.23722054188788,0.0,4382.163985995696,251.0,COMPLETE
1684,68.23722054188788,2026-06-17 14:09:48.172955,2026-06-17 14:15:20.090065,0 days 00:05:31.917110,5.0,0.02,1.8,1.6,0.01,1.0,1.7000000000000002,-41.95360943424255,-41.95360943424255,691.0209848280988,2318.052330537285,2755.1326402865097,68.23722054188788,0.0,4382.163985995696,251.0,COMPLETE
1685,68.23722054188788,2026-06-17 14:10:01.056642,2026-06-17 14:15:23.190313,0 days 00:05:22.133671,5.0,0.02,1.8,1.6,0.01,1.0,1.7000000000000002,-41.95360943424255,-41.95360943424255,691.0209848280988,2318.052330537285,2755.1326402865097,68.23722054188788,0.0,4382.163985995696,251.0,COMPLETE
1686,68.23722054188788,2026-06-17 14:10:04.820384,2026-06-17 14:15:33.851707,0 days 00:05:29.031323,5.0,0.02,1.8,1.6,0.01,1.0,1.7000000000000002,-41.95360943424255,-41.95360943424255,691.0209848280988,2318.052330537285,2755.1326402865097,68.23722054188788,0.0,4382.163985995696,251.0,COMPLETE
1687,68.23722054188788,2026-06-17 14:11:01.645482,2026-06-17 14:16:21.556166,0 days 00:05:19.910684,5.0,0.02,1.8,1.6,0.01,1.0,1.7000000000000002,-41.95360943424255,-41.95360943424255,691.0209848280988,2318.052330537285,2755.1326402865097,68.23722054188788,0.0,4382.163985995696,251.0,COMPLETE
1688,68.23722054188788,2026-06-17 14:12:04.317011,2026-06-17 14:17:27.744880,0 days 00:05:23.427869,5.0,0.02,1.8,1.6,0.01,1.0,1.7000000000000002,-41.95360943424255,-41.95360943424255,691.0209848280988,2318.052330537285,2755.1326402865097,68.23722054188788,0.0,4382.163985995696,251.0,COMPLETE
1689,68.23722054188788,2026-06-17 14:12:12.489407,2026-06-17 14:17:33.393827,0 days 00:05:20.904420,5.0,0.02,1.8,1.6,0.01,1.0,1.7000000000000002,-41.95360943424255,-41.95360943424255,691.0209848280988,2318.052330537285,2755.1326402865097,68.23722054188788,0.0,4382.163985995696,251.0,COMPLETE
1690,68.23722054188788,2026-06-17 14:12:51.063351,2026-06-17 14:18:22.196994,0 days 00:05:31.133643,5.0,0.02,1.8,1.6,0.01,1.0,1.7000000000000002,-41.95360943424255,-41.95360943424255,691.0209848280988,2318.052330537285,2755.1326402865097,68.23722054188788,0.0,4382.163985995696,251.0,COMPLETE
1691,68.23722054188788,2026-06-17 14:12:57.966693,2026-06-17 14:18:19.237319,0 days 00:05:21.270626,5.0,0.02,1.8,1.6,0.01,1.0,1.7000000000000002,-41.95360943424255,-41.95360943424255,691.0209848280988,2318.052330537285,2755.1326402865097,68.23722054188788,0.0,4382.163985995696,251.0,COMPLETE
1692,68.23722054188788,2026-06-17 14:13:37.630448,2026-06-17 14:19:09.317681,0 days 00:05:31.687233,5.0,0.02,1.8,1.6,0.01,1.0,1.7000000000000002,-41.95360943424255,-41.95360943424255,691.0209848280988,2318.052330537285,2755.1326402865097,68.23722054188788,0.0,4382.163985995696,251.0,COMPLETE
1693,68.23722054188788,2026-06-17 14:14:03.033721,2026-06-17 14:19:34.447581,0 days 00:05:31.413860,5.0,0.02,1.8,1.6,0.01,1.0,1.7000000000000002,-41.95360943424255,-41.95360943424255,691.0209848280988,2318.052330537285,2755.1326402865097,68.23722054188788,0.0,4382.163985995696,251.0,COMPLETE
1694,68.23722054188788,2026-06-17 14:14:53.035776,2026-06-17 14:20:14.912014,0 days 00:05:21.876238,5.0,0.02,1.8,1.6,0.01,1.0,1.7000000000000002,-41.95360943424255,-41.95360943424255,691.0209848280988,2318.052330537285,2755.1326402865097,68.23722054188788,0.0,4382.163985995696,251.0,COMPLETE
1695,68.23722054188788,2026-06-17 14:15:06.808276,2026-06-17 14:20:39.939047,0 days 00:05:33.130771,5.0,0.02,1.8,1.6,0.01,1.0,1.7000000000000002,-41.95360943424255,-41.95360943424255,691.0209848280988,2318.052330537285,2755.1326402865097,68.23722054188788,0.0,4382.163985995696,251.0,COMPLETE
1696,68.23722054188788,2026-06-17 14:15:20.157633,2026-06-17 14:20:52.199853,0 days 00:05:32.042220,5.0,0.02,1.8,1.6,0.01,1.0,1.7000000000000002,-41.95360943424255,-41.95360943424255,691.0209848280988,2318.052330537285,2755.1326402865097,68.23722054188788,0.0,4382.163985995696,251.0,COMPLETE
1697,68.23722054188788,2026-06-17 14:15:23.264679,2026-06-17 14:20:45.502873,0 days 00:05:22.238194,5.0,0.02,1.8,1.6,0.01,1.0,1.7000000000000002,-41.95360943424255,-41.95360943424255,691.0209848280988,2318.052330537285,2755.1326402865097,68.23722054188788,0.0,4382.163985995696,251.0,COMPLETE
1698,66.96388158885901,2026-06-17 14:15:33.919773,2026-06-17 14:21:04.511189,0 days 00:05:30.591416,5.0,0.02,1.9000000000000001,1.6,0.01,1.0,1.7000000000000002,-41.95360943424255,-41.95360943424255,612.4907160224312,2263.7614159482314,2730.893286069894,66.96388158885901,0.0,4382.163985995696,248.0,COMPLETE
1699,38.348779949831126,2026-06-17 14:16:21.625377,2026-06-17 14:21:42.240456,0 days 00:05:20.615079,5.0,0.02,1.9000000000000001,1.6,0.01,1.8,1.7000000000000002,-41.95360943424255,-41.95360943424255,612.4907160224312,1742.2661570732369,1418.3895997183554,38.348779949831126,0.0,2548.1650407691623,140.0,COMPLETE
1700,66.96388158885901,2026-06-17 14:17:27.815469,2026-06-17 14:22:50.875824,0 days 00:05:23.060355,5.0,0.02,1.9000000000000001,1.6,0.01,1.0,1.7000000000000002,-41.95360943424255,-41.95360943424255,612.4907160224312,2263.7614159482314,2730.893286069894,66.96388158885901,0.0,4382.163985995696,248.0,COMPLETE
1701,66.96388158885901,2026-06-17 14:17:33.460902,2026-06-17 14:22:55.663207,0 days 00:05:22.202305,5.0,0.02,1.9000000000000001,1.6,0.01,1.0,1.7000000000000002,-41.95360943424255,-41.95360943424255,612.4907160224312,2263.7614159482314,2730.893286069894,66.96388158885901,0.0,4382.163985995696,248.0,COMPLETE
1702,66.96388158885901,2026-06-17 14:18:19.309533,2026-06-17 14:23:42.398388,0 days 00:05:23.088855,5.0,0.02,1.9000000000000001,1.6,0.01,1.0,1.7000000000000002,-41.95360943424255,-41.95360943424255,612.4907160224312,2263.7614159482314,2730.893286069894,66.96388158885901,0.0,4382.163985995696,248.0,COMPLETE
1703,68.88436574974153,2026-06-17 14:18:22.258279,2026-06-17 14:23:53.957199,0 days 00:05:31.698920,5.0,0.02,1.9000000000000001,1.5,0.01,1.0,1.7000000000000002,-41.95360943424255,-41.95360943424255,730.643853802062,2331.580360577244,2781.2274792205135,68.88436574974153,0.0,4382.163985995696,251.0,COMPLETE
1704,68.88436574974153,2026-06-17 14:19:09.388291,2026-06-17 14:24:42.060979,0 days 00:05:32.672688,5.0,0.02,1.9000000000000001,1.5,0.01,1.0,1.7000000000000002,-41.95360943424255,-41.95360943424255,730.643853802062,2331.580360577244,2781.2274792205135,68.88436574974153,0.0,4382.163985995696,251.0,COMPLETE
1705,68.88436574974153,2026-06-17 14:19:34.605975,2026-06-17 14:25:06.738513,0 days 00:05:32.132538,5.0,0.02,1.9000000000000001,1.5,0.01,1.0,1.7000000000000002,-41.95360943424255,-41.95360943424255,730.643853802062,2331.580360577244,2781.2274792205135,68.88436574974153,0.0,4382.163985995696,251.0,COMPLETE
1706,68.88436574974153,2026-06-17 14:20:14.980689,2026-06-17 14:25:39.087287,0 days 00:05:24.106598,5.0,0.02,1.9000000000000001,1.5,0.01,1.0,1.7000000000000002,-41.95360943424255,-41.95360943424255,730.643853802062,2331.580360577244,2781.2274792205135,68.88436574974153,0.0,4382.163985995696,251.0,COMPLETE
1707,68.88436574974153,2026-06-17 14:20:40.011729,2026-06-17 14:26:11.921704,0 days 00:05:31.909975,5.0,0.02,1.9000000000000001,1.5,0.01,1.0,1.7000000000000002,-41.95360943424255,-41.95360943424255,730.643853802062,2331.580360577244,2781.2274792205135,68.88436574974153,0.0,4382.163985995696,251.0,COMPLETE
1708,68.88436574974153,2026-06-17 14:20:45.564935,2026-06-17 14:26:08.209262,0 days 00:05:22.644327,5.0,0.02,1.9000000000000001,1.5,0.01,1.0,1.7000000000000002,-41.95360943424255,-41.95360943424255,730.643853802062,2331.580360577244,2781.2274792205135,68.88436574974153,0.0,4382.163985995696,251.0,COMPLETE
1709,68.88436574974153,2026-06-17 14:20:52.269744,2026-06-17 14:26:25.543190,0 days 00:05:33.273446,5.0,0.02,1.9000000000000001,1.5,0.01,1.0,1.7000000000000002,-41.95360943424255,-41.95360943424255,730.643853802062,2331.580360577244,2781.2274792205135,68.88436574974153,0.0,4382.163985995696,251.0,COMPLETE
1710,68.88436574974153,2026-06-17 14:21:04.581822,2026-06-17 14:26:33.872576,0 days 00:05:29.290754,5.0,0.02,1.9000000000000001,1.5,0.01,1.0,1.7000000000000002,-41.95360943424255,-41.95360943424255,730.643853802062,2331.580360577244,2781.2274792205135,68.88436574974153,0.0,4382.163985995696,251.0,COMPLETE
1711,68.88436574974153,2026-06-17 14:21:42.298605,2026-06-17 14:27:03.959696,0 days 00:05:21.661091,5.0,0.02,1.9000000000000001,1.5,0.01,1.0,1.7000000000000002,-41.95360943424255,-41.95360943424255,730.643853802062,2331.580360577244,2781.2274792205135,68.88436574974153,0.0,4382.163985995696,251.0,COMPLETE
1712,44.186615598301636,2026-06-17 14:22:50.947122,2026-06-17 14:28:13.680649,0 days 00:05:22.733527,5.0,0.02,1.9000000000000001,1.4,0.01,1.0,1.7000000000000002,-41.95360943424255,-41.95360943424255,141.94229431772914,2304.668492627928,2219.4377876854965,44.186615598301636,0.0,4382.163985995696,251.0,COMPLETE
1713,43.80196783679254,2026-06-17 14:22:55.737220,2026-06-17 14:28:18.623747,0 days 00:05:22.886527,5.0,0.02,1.8,1.5,0.01,1.0,1.7000000000000002,-41.95360943424255,-41.95360943424255,109.14791772005898,2280.19562462723,2211.1162790885237,43.80196783679254,0.0,4382.163985995696,251.0,COMPLETE
1714,27.272641925993803,2026-06-17 14:23:42.468195,2026-06-17 14:29:03.960136,0 days 00:05:21.491941,5.0,0.02,1.8,1.5,0.01,1.6,1.7000000000000002,-41.95360943424255,-41.95360943424255,109.14791772005898,1978.12360880971,1043.154525539696,27.272641925993803,0.0,2912.130216629349,166.0,COMPLETE
1715,68.88436574974153,2026-06-17 14:23:54.042422,2026-06-17 14:29:24.423878,0 days 00:05:30.381456,5.0,0.02,1.9000000000000001,1.5,0.01,1.0,1.7000000000000002,-41.95360943424255,-41.95360943424255,730.643853802062,2331.580360577244,2781.2274792205135,68.88436574974153,0.0,4382.163985995696,251.0,COMPLETE
1716,-1230.0,2026-06-17 14:24:42.142574,2026-06-17 14:30:10.589764,0 days 00:05:28.447190,5.0,0.02,1.9000000000000001,1.4,0.01,1.0,2.8,-41.95360943424255,-41.95360943424255,141.94229431772914,295.340422065722,-155.45428528499212,-1230.0,0.0,-2.0561575369992227,27.0,COMPLETE
1717,44.186615598301636,2026-06-17 14:25:06.815836,2026-06-17 14:30:37.188442,0 days 00:05:30.372606,5.0,0.02,1.9000000000000001,1.4,0.01,1.0,1.7000000000000002,-41.95360943424255,-41.95360943424255,141.94229431772914,2304.668492627928,2219.4377876854965,44.186615598301636,0.0,4382.163985995696,251.0,COMPLETE
1718,44.186615598301636,2026-06-17 14:25:39.177125,2026-06-17 14:31:03.093509,0 days 00:05:23.916384,5.0,0.02,1.9000000000000001,1.4,0.01,1.0,1.7000000000000002,-41.95360943424255,-41.95360943424255,141.94229431772914,2304.668492627928,2219.4377876854965,44.186615598301636,0.0,4382.163985995696,251.0,COMPLETE
1719,61.472905111309956,2026-06-17 14:26:08.284715,2026-06-17 14:31:30.578002,0 days 00:05:22.293287,5.0,0.02,2.0,1.4,0.01,1.0,1.7000000000000002,-41.95360943424255,-41.95360943424255,742.8734842369391,2359.724500306111,2765.3129699265232,61.472905111309956,0.0,4382.163985995696,252.0,COMPLETE
1720,68.0965177210455,2026-06-17 14:26:12.005730,2026-06-17 14:31:43.146868,0 days 00:05:31.141138,5.0,0.02,2.0,1.5,0.01,1.0,1.7000000000000002,-41.95360943424255,-41.95360943424255,682.49187789316,2297.3329952239887,2767.3228686648663,68.0965177210455,0.0,4382.163985995696,249.0,COMPLETE
1721,60.945968923038116,2026-06-17 14:26:25.624122,2026-06-17 14:31:56.563353,0 days 00:05:30.939231,5.0,0.02,2.0,1.4,0.01,1.0,1.8,-41.95360943424255,-41.95360943424255,742.8734842369391,2269.901998341834,2838.578519586757,60.945968923038116,0.0,4365.607033691652,252.0,COMPLETE
1722,60.945968923038116,2026-06-17 14:26:33.957698,2026-06-17 14:32:02.275419,0 days 00:05:28.317721,5.0,0.02,2.0,1.4,0.01,1.0,1.8,-41.95360943424255,-41.95360943424255,742.8734842369391,2269.901998341834,2838.578519586757,60.945968923038116,0.0,4365.607033691652,252.0,COMPLETE
1723,31.3361505829222,2026-06-17 14:27:04.040060,2026-06-17 14:32:23.631324,0 days 00:05:19.591264,5.0,0.02,1.9000000000000001,1.4,0.01,1.4,1.8,-41.95360943424255,-41.95360943424255,141.94229431772914,2000.460689700209,1277.8487366564043,31.3361505829222,0.0,3136.3671320388867,178.0,COMPLETE
1724,60.945968923038116,2026-06-17 14:28:13.764433,2026-06-17 14:33:36.362530,0 days 00:05:22.598097,5.0,0.02,2.0,1.4,0.01,1.0,1.8,-41.95360943424255,-41.95360943424255,742.8734842369391,2269.901998341834,2838.578519586757,60.945968923038116,0.0,4365.607033691652,252.0,COMPLETE
1725,60.945968923038116,2026-06-17 14:28:18.706240,2026-06-17 14:33:39.345809,0 days 00:05:20.639569,5.0,0.02,2.0,1.4,0.01,1.0,1.8,-41.95360943424255,-41.95360943424255,742.8734842369391,2269.901998341834,2838.578519586757,60.945968923038116,0.0,4365.607033691652,252.0,COMPLETE
1726,67.56984691256034,2026-06-17 14:29:04.036750,2026-06-17 14:34:25.324224,0 days 00:05:21.287474,5.0,0.02,2.0,1.5,0.01,1.0,1.8,-41.95360943424255,-41.95360943424255,682.49187789316,2207.510493259712,2840.5884183250996,67.56984691256034,0.0,4365.607033691652,249.0,COMPLETE
1727,43.66759362099102,2026-06-17 14:29:24.492026,2026-06-17 14:34:54.733070,0 days 00:05:30.241044,5.0,0.02,1.9000000000000001,1.4,0.01,1.0,1.8,-41.95360943424255,-41.95360943424255,141.94229431772914,2214.8459906636513,2292.7033373457284,43.66759362099102,0.0,4365.607033691652,251.0,COMPLETE
1728,60.945968923038116,2026-06-17 14:30:10.661667,2026-06-17 14:35:41.532746,0 days 00:05:30.871079,5.0,0.02,2.0,1.4,0.01,1.0,1.8,-41.95360943424255,-41.95360943424255,742.8734842369391,2269.901998341834,2838.578519586757,60.945968923038116,0.0,4365.607033691652,252.0,COMPLETE
1729,60.945968923038116,2026-06-17 14:30:37.253124,2026-06-17 14:36:08.262459,0 days 00:05:31.009335,5.0,0.02,2.0,1.4,0.01,1.0,1.8,-41.95360943424255,-41.95360943424255,742.8734842369391,2269.901998341834,2838.578519586757,60.945968923038116,0.0,4365.607033691652,252.0,COMPLETE
1730,60.945968923038116,2026-06-17 14:31:03.166227,2026-06-17 14:36:25.344459,0 days 00:05:22.178232,5.0,0.02,2.0,1.4,0.01,1.0,1.8,-41.95360943424255,-41.95360943424255,742.8734842369391,2269.901998341834,2838.578519586757,60.945968923038116,0.0,4365.607033691652,252.0,COMPLETE
1731,43.66759362099102,2026-06-17 14:31:30.646799,2026-06-17 14:36:54.616471,0 days 00:05:23.969672,5.0,0.02,1.9000000000000001,1.4,0.01,1.0,1.8,-41.95360943424255,-41.95360943424255,141.94229431772914,2214.8459906636513,2292.7033373457284,43.66759362099102,0.0,4365.607033691652,251.0,COMPLETE
1732,-1200.0,2026-06-17 14:31:43.207256,2026-06-17 14:37:13.509396,0 days 00:05:30.302140,5.0,0.02,2.0,1.4,0.01,1.0,2.2,-41.95360943424255,-41.95360943424255,742.8734842369391,358.4898265145261,406.2290180624623,-1200.0,0.0,21.84536034004926,30.0,COMPLETE
1733,68.35822519951039,2026-06-17 14:31:56.625945,2026-06-17 14:37:28.418306,0 days 00:05:31.792361,5.0,0.02,1.9000000000000001,1.5,0.01,1.0,1.8,-41.95360943424255,-41.95360943424255,730.643853802062,2241.7578586129666,2854.493028880747,68.35822519951039,0.0,4365.607033691652,251.0,COMPLETE
1734,43.50031539419856,2026-06-17 14:32:02.345615,2026-06-17 14:37:31.801759,0 days 00:05:29.456144,5.0,0.02,1.9000000000000001,1.4,0.01,1.0,1.6,-41.95360943424255,-41.95360943424255,141.94229431772914,2223.3139083762735,2233.5660521883337,43.50031539419856,0.0,4314.937666246876,252.0,COMPLETE
1735,23.53856670369648,2026-06-17 14:32:23.702587,2026-06-17 14:37:44.953179,0 days 00:05:21.250592,5.0,0.02,1.9000000000000001,1.3,0.01,1.0,1.6,-41.95360943424255,-41.95360943424255,-28.303996006502018,2055.7282374452834,2230.9054327950917,23.53856670369648,0.0,4314.937666246876,250.0,COMPLETE
1736,43.50031539419856,2026-06-17 14:33:36.436857,2026-06-17 14:39:00.051797,0 days 00:05:23.614940,5.0,0.02,1.9000000000000001,1.4,0.01,1.0,1.6,-41.95360943424255,-41.95360943424255,141.94229431772914,2223.3139083762735,2233.5660521883337,43.50031539419856,0.0,4314.937666246876,252.0,COMPLETE
1737,43.50031539419856,2026-06-17 14:33:39.415195,2026-06-17 14:39:01.408565,0 days 00:05:21.993370,5.0,0.02,1.9000000000000001,1.4,0.01,1.0,1.6,-41.95360943424255,-41.95360943424255,141.94229431772914,2223.3139083762735,2233.5660521883337,43.50031539419856,0.0,4314.937666246876,252.0,COMPLETE
1738,23.53856670369648,2026-06-17 14:34:25.399444,2026-06-17 14:39:48.590447,0 days 00:05:23.191003,5.0,0.02,1.9000000000000001,1.3,0.01,1.0,1.6,-41.95360943424255,-41.95360943424255,-28.303996006502018,2055.7282374452834,2230.9054327950917,23.53856670369648,0.0,4314.937666246876,250.0,COMPLETE
1739,43.50031539419856,2026-06-17 14:34:54.807181,2026-06-17 14:40:26.225299,0 days 00:05:31.418118,5.0,0.02,1.9000000000000001,1.4,0.01,1.0,1.6,-41.95360943424255,-41.95360943424255,141.94229431772914,2223.3139083762735,2233.5660521883337,43.50031539419856,0.0,4314.937666246876,252.0,COMPLETE
1740,68.1887414974248,2026-06-17 14:35:41.606072,2026-06-17 14:41:13.676204,0 days 00:05:32.070132,5.0,0.02,1.9000000000000001,1.5,0.01,1.0,1.6,-41.95360943424255,-41.95360943424255,730.643853802062,2250.2257763255884,2795.355743723352,68.1887414974248,0.0,4314.937666246876,252.0,COMPLETE
1741,68.1887414974248,2026-06-17 14:36:08.332836,2026-06-17 14:41:39.776804,0 days 00:05:31.443968,5.0,0.02,1.9000000000000001,1.5,0.01,1.0,1.6,-41.95360943424255,-41.95360943424255,730.643853802062,2250.2257763255884,2795.355743723352,68.1887414974248,0.0,4314.937666246876,252.0,COMPLETE
1742,41.1244483430957,2026-06-17 14:36:25.412519,2026-06-17 14:41:47.867789,0 days 00:05:22.455270,5.0,0.02,1.9000000000000001,1.5,0.01,1.9,1.6,-41.95360943424255,-41.95360943424255,730.643853802062,1783.1386182684626,1536.1721710298884,41.1244483430957,0.0,2588.666935496291,145.0,COMPLETE
1743,23.53856670369648,2026-06-17 14:36:54.691716,2026-06-17 14:42:18.374728,0 days 00:05:23.683012,5.0,0.02,1.9000000000000001,1.3,0.01,1.0,1.6,-41.95360943424255,-41.95360943424255,-28.303996006502018,2055.7282374452834,2230.9054327950917,23.53856670369648,0.0,4314.937666246876,250.0,COMPLETE
1744,65.54669040474879,2026-06-17 14:37:13.573438,2026-06-17 14:42:44.914695,0 days 00:05:31.341257,4.5,0.02,1.9000000000000001,1.5,0.01,1.0,1.6,-41.95360943424255,-41.95360943424255,731.1060496546015,2152.4431321934258,2645.047488310269,65.54669040474879,0.0,4066.3845708490912,252.0,COMPLETE
1745,65.54669040474879,2026-06-17 14:37:28.485672,2026-06-17 14:42:59.846497,0 days 00:05:31.360825,4.5,0.02,1.9000000000000001,1.5,0.01,1.0,1.6,-41.95360943424255,-41.95360943424255,731.1060496546015,2152.4431321934258,2645.047488310269,65.54669040474879,0.0,4066.3845708490912,252.0,COMPLETE
1746,65.72090111636257,2026-06-17 14:37:31.878026,2026-06-17 14:43:01.402716,0 days 00:05:29.524690,4.5,0.02,1.9000000000000001,1.5,0.01,1.0,1.8,-41.95360943424255,-41.95360943424255,731.1060496546015,2165.887679456728,2716.7982019920746,65.72090111636257,0.0,4151.5798317942035,251.0,COMPLETE
1747,65.72090111636257,2026-06-17 14:37:45.025434,2026-06-17 14:43:05.896528,0 days 00:05:20.871094,4.5,0.02,1.9000000000000001,1.5,0.01,1.0,1.8,-41.95360943424255,-41.95360943424255,731.1060496546015,2165.887679456728,2716.7982019920746,65.72090111636257,0.0,4151.5798317942035,251.0,COMPLETE
1748,65.72090111636257,2026-06-17 14:39:00.117832,2026-06-17 14:44:24.858022,0 days 00:05:24.740190,4.5,0.01,1.9000000000000001,1.5,0.01,1.0,1.8,-41.95360943424255,-41.95360943424255,731.1060496546015,2165.887679456728,2716.7982019920746,65.72090111636257,0.0,4151.5798317942035,251.0,COMPLETE
1749,65.72090111636257,2026-06-17 14:39:01.475848,2026-06-17 14:44:22.955088,0 days 00:05:21.479240,4.5,0.01,1.9000000000000001,1.5,0.01,1.0,1.8,-41.95360943424255,-41.95360943424255,731.1060496546015,2165.887679456728,2716.7982019920746,65.72090111636257,0.0,4151.5798317942035,251.0,COMPLETE
1750,65.72090111636257,2026-06-17 14:39:48.661319,2026-06-17 14:45:10.676707,0 days 00:05:22.015388,4.5,0.02,1.9000000000000001,1.5,0.01,1.0,1.8,-41.95360943424255,-41.95360943424255,731.1060496546015,2165.887679456728,2716.7982019920746,65.72090111636257,0.0,4151.5798317942035,251.0,COMPLETE
1751,65.72090111636257,2026-06-17 14:40:26.299775,2026-06-17 14:45:57.638845,0 days 00:05:31.339070,4.5,0.02,1.9000000000000001,1.5,0.01,1.0,1.8,-41.95360943424255,-41.95360943424255,731.1060496546015,2165.887679456728,2716.7982019920746,65.72090111636257,0.0,4151.5798317942035,251.0,COMPLETE
1752,65.72090111636257,2026-06-17 14:41:13.747780,2026-06-17 14:46:45.300582,0 days 00:05:31.552802,4.5,0.02,1.9000000000000001,1.5,0.01,1.0,1.8,-41.95360943424255,-41.95360943424255,731.1060496546015,2165.887679456728,2716.7982019920746,65.72090111636257,0.0,4151.5798317942035,251.0,COMPLETE
1753,65.72090111636257,2026-06-17 14:41:39.845694,2026-06-17 14:47:11.554499,0 days 00:05:31.708805,4.5,0.01,1.9000000000000001,1.5,0.01,1.0,1.8,-41.95360943424255,-41.95360943424255,731.1060496546015,2165.887679456728,2716.7982019920746,65.72090111636257,0.0,4151.5798317942035,251.0,COMPLETE
1754,65.72090111636257,2026-06-17 14:41:47.943674,2026-06-17 14:47:11.215989,0 days 00:05:23.272315,4.5,0.01,1.9000000000000001,1.5,0.01,1.0,1.8,-41.95360943424255,-41.95360943424255,731.1060496546015,2165.887679456728,2716.7982019920746,65.72090111636257,0.0,4151.5798317942035,251.0,COMPLETE
1755,65.72090111636257,2026-06-17 14:42:18.441332,2026-06-17 14:47:41.338269,0 days 00:05:22.896937,4.5,0.01,1.9000000000000001,1.5,0.01,1.0,1.8,-41.95360943424255,-41.95360943424255,731.1060496546015,2165.887679456728,2716.7982019920746,65.72090111636257,0.0,4151.5798317942035,251.0,COMPLETE
1756,65.72090111636257,2026-06-17 14:42:44.979604,2026-06-17 14:48:17.096266,0 days 00:05:32.116662,4.5,0.02,1.9000000000000001,1.5,0.01,1.0,1.8,-41.95360943424255,-41.95360943424255,731.1060496546015,2165.887679456728,2716.7982019920746,65.72090111636257,0.0,4151.5798317942035,251.0,COMPLETE
1757,46.994076195384054,2026-06-17 14:42:59.925129,2026-06-17 14:48:32.039847,0 days 00:05:32.114718,2.5,0.01,1.9000000000000001,1.5,0.01,1.0,1.8,-41.95360943424255,-41.95360943424255,596.6524021129932,1569.6286534046212,1760.8273565321263,46.994076195384054,0.0,2733.803607823756,251.0,COMPLETE
1758,68.35822519951039,2026-06-17 14:43:01.472929,2026-06-17 14:48:32.649753,0 days 00:05:31.176824,5.0,0.02,1.9000000000000001,1.5,0.01,1.0,1.8,-41.95360943424255,-41.95360943424255,730.643853802062,2241.7578586129666,2854.493028880747,68.35822519951039,0.0,4365.607033691652,251.0,COMPLETE
1759,68.35822519951039,2026-06-17 14:43:05.963525,2026-06-17 14:48:27.689616,0 days 00:05:21.726091,5.0,0.01,1.9000000000000001,1.5,0.01,1.0,1.8,-41.95360943424255,-41.95360943424255,730.643853802062,2241.7578586129666,2854.493028880747,68.35822519951039,0.0,4365.607033691652,251.0,COMPLETE
1760,68.35822519951039,2026-06-17 14:44:23.024272,2026-06-17 14:49:46.100764,0 days 00:05:23.076492,5.0,0.02,1.9000000000000001,1.5,0.01,1.0,1.8,-41.95360943424255,-41.95360943424255,730.643853802062,2241.7578586129666,2854.493028880747,68.35822519951039,0.0,4365.607033691652,251.0,COMPLETE
1761,68.35822519951039,2026-06-17 14:44:24.937985,2026-06-17 14:49:48.879149,0 days 00:05:23.941164,5.0,0.02,1.9000000000000001,1.5,0.01,1.0,1.8,-41.95360943424255,-41.95360943424255,730.643853802062,2241.7578586129666,2854.493028880747,68.35822519951039,0.0,4365.607033691652,251.0,COMPLETE
1762,68.88436574974153,2026-06-17 14:45:10.760132,2026-06-17 14:50:33.271927,0 days 00:05:22.511795,5.0,0.02,1.9000000000000001,1.5,0.01,1.0,1.7000000000000002,-41.95360943424255,-41.95360943424255,730.643853802062,2331.580360577244,2781.2274792205135,68.88436574974153,0.0,4382.163985995696,251.0,COMPLETE
1763,68.88436574974153,2026-06-17 14:45:57.713892,2026-06-17 14:51:29.802656,0 days 00:05:32.088764,5.0,0.02,1.9000000000000001,1.5,0.01,1.0,1.7000000000000002,-41.95360943424255,-41.95360943424255,730.643853802062,2331.580360577244,2781.2274792205135,68.88436574974153,0.0,4382.163985995696,251.0,COMPLETE
1764,68.88436574974153,2026-06-17 14:46:45.380117,2026-06-17 14:52:18.642473,0 days 00:05:33.262356,5.0,0.02,1.9000000000000001,1.5,0.01,1.0,1.7000000000000002,-41.95360943424255,-41.95360943424255,730.643853802062,2331.580360577244,2781.2274792205135,68.88436574974153,0.0,4382.163985995696,251.0,COMPLETE
1765,68.88436574974153,2026-06-17 14:47:11.285256,2026-06-17 14:52:36.869397,0 days 00:05:25.584141,5.0,0.02,1.9000000000000001,1.5,0.01,1.0,1.7000000000000002,-41.95360943424255,-41.95360943424255,730.643853802062,2331.580360577244,2781.2274792205135,68.88436574974153,0.0,4382.163985995696,251.0,COMPLETE
1766,68.88436574974153,2026-06-17 14:47:11.679766,2026-06-17 14:52:45.159031,0 days 00:05:33.479265,5.0,0.02,1.9000000000000001,1.5,0.01,1.0,1.7000000000000002,-41.95360943424255,-41.95360943424255,730.643853802062,2331.580360577244,2781.2274792205135,68.88436574974153,0.0,4382.163985995696,251.0,COMPLETE
1767,68.88436574974153,2026-06-17 14:47:41.409650,2026-06-17 14:53:05.776919,0 days 00:05:24.367269,5.0,0.02,1.9000000000000001,1.5,0.01,1.0,1.7000000000000002,-41.95360943424255,-41.95360943424255,730.643853802062,2331.580360577244,2781.2274792205135,68.88436574974153,0.0,4382.163985995696,251.0,COMPLETE
1768,68.88436574974153,2026-06-17 14:48:17.166907,2026-06-17 14:53:50.080107,0 days 00:05:32.913200,5.0,0.02,1.9000000000000001,1.5,0.01,1.0,1.7000000000000002,-41.95360943424255,-41.95360943424255,730.643853802062,2331.580360577244,2781.2274792205135,68.88436574974153,0.0,4382.163985995696,251.0,COMPLETE
1769,68.35822519951039,2026-06-17 14:48:27.759769,2026-06-17 14:53:50.904637,0 days 00:05:23.144868,5.0,0.01,1.9000000000000001,1.5,0.01,1.0,1.8,-41.95360943424255,-41.95360943424255,730.643853802062,2241.7578586129666,2854.493028880747,68.35822519951039,0.0,4365.607033691652,251.0,COMPLETE
1770,67.56984691256034,2026-06-17 14:48:32.118779,2026-06-17 14:54:05.244555,0 days 00:05:33.125776,5.0,0.01,2.0,1.5,0.01,1.0,1.8,-41.95360943424255,-41.95360943424255,682.49187789316,2207.510493259712,2840.5884183250996,67.56984691256034,0.0,4365.607033691652,249.0,COMPLETE
1771,67.56984691256034,2026-06-17 14:48:32.796160,2026-06-17 14:54:04.055681,0 days 00:05:31.259521,5.0,0.02,2.0,1.5,0.01,1.0,1.8,-41.95360943424255,-41.95360943424255,682.49187789316,2207.510493259712,2840.5884183250996,67.56984691256034,0.0,4365.607033691652,249.0,COMPLETE
1772,43.66759362099102,2026-06-17 14:49:46.182682,2026-06-17 14:55:07.807109,0 days 00:05:21.624427,5.0,0.02,1.9000000000000001,1.4,0.01,1.0,1.8,-41.95360943424255,-41.95360943424255,141.94229431772914,2214.8459906636513,2292.7033373457284,43.66759362099102,0.0,4365.607033691652,251.0,COMPLETE
1773,60.945968923038116,2026-06-17 14:49:48.949187,2026-06-17 14:55:13.391945,0 days 00:05:24.442758,5.0,0.01,2.0,1.4,0.01,1.0,1.8,-41.95360943424255,-41.95360943424255,742.8734842369391,2269.901998341834,2838.578519586757,60.945968923038116,0.0,4365.607033691652,252.0,COMPLETE
1774,60.945968923038116,2026-06-17 14:50:33.352465,2026-06-17 14:55:55.784822,0 days 00:05:22.432357,5.0,0.01,2.0,1.4,0.01,1.0,1.8,-41.95360943424255,-41.95360943424255,742.8734842369391,2269.901998341834,2838.578519586757,60.945968923038116,0.0,4365.607033691652,252.0,COMPLETE
1775,60.945968923038116,2026-06-17 14:51:29.878107,2026-06-17 14:56:59.552239,0 days 00:05:29.674132,5.0,0.01,2.0,1.4,0.01,1.0,1.8,-41.95360943424255,-41.95360943424255,742.8734842369391,2269.901998341834,2838.578519586757,60.945968923038116,0.0,4365.607033691652,252.0,COMPLETE
1776,60.945968923038116,2026-06-17 14:52:18.723863,2026-06-17 14:57:48.974661,0 days 00:05:30.250798,5.0,0.01,2.0,1.4,0.01,1.0,1.8,-41.95360943424255,-41.95360943424255,742.8734842369391,2269.901998341834,2838.578519586757,60.945968923038116,0.0,4365.607033691652,252.0,COMPLETE
1777,60.945968923038116,2026-06-17 14:52:36.949090,2026-06-17 14:57:56.615299,0 days 00:05:19.666209,5.0,0.01,2.0,1.4,0.01,1.0,1.8,-41.95360943424255,-41.95360943424255,742.8734842369391,2269.901998341834,2838.578519586757,60.945968923038116,0.0,4365.607033691652,252.0,COMPLETE
1778,60.945968923038116,2026-06-17 14:52:45.231788,2026-06-17 14:58:18.309531,0 days 00:05:33.077743,5.0,0.01,2.0,1.4,0.01,1.0,1.8,-41.95360943424255,-41.95360943424255,742.8734842369391,2269.901998341834,2838.578519586757,60.945968923038116,0.0,4365.607033691652,252.0,COMPLETE
1779,,2026-06-17 14:53:05.847605,2026-06-17 14:58:25.147767,0 days 00:05:19.300162,5.0,0.02,2.0,1.4,0.01,1.0,1.8,,,,,,,,,,FAIL
1780,,2026-06-17 14:53:50.150746,2026-06-17 14:58:33.948090,0 days 00:04:43.797344,0.5,0.01,2.0,1.4,0.01,1.0,1.8,,,,,,,,,,FAIL
1781,,2026-06-17 14:53:50.979615,2026-06-17 14:58:37.733306,0 days 00:04:46.753691,5.0,0.01,2.0,1.4,0.01,1.0,1.8,,,,,,,,,,FAIL
1782,,2026-06-17 14:54:04.127889,2026-06-17 14:58:38.978469,0 days 00:04:34.850580,5.0,0.01,2.0,1.4,0.01,1.0,1.8,,,,,,,,,,FAIL
1783,,2026-06-17 14:54:05.318440,2026-06-17 14:58:31.438003,0 days 00:04:26.119563,5.0,0.01,2.0,1.4,0.01,1.0,1.8,,,,,,,,,,FAIL
1784,,2026-06-17 14:55:07.880894,2026-06-17 14:58:32.792260,0 days 00:03:24.911366,5.0,0.01,2.0,1.4,0.01,1.0,1.8,,,,,,,,,,FAIL
1785,,2026-06-17 14:55:13.471458,2026-06-17 14:58:35.028085,0 days 00:03:21.556627,5.0,0.01,2.0,1.4,0.01,1.0,1.8,,,,,,,,,,FAIL
1786,,2026-06-17 14:55:55.858775,2026-06-17 14:58:30.004217,0 days 00:02:34.145442,5.0,0.01,1.9000000000000001,1.4,0.01,1.0,1.8,,,,,,,,,,FAIL
1787,,2026-06-17 14:56:59.623226,2026-06-17 14:58:27.198494,0 days 00:01:27.575268,5.0,0.01,1.9000000000000001,1.4,0.01,1.0,1.8,,,,,,,,,,FAIL
1788,,2026-06-17 14:57:49.041312,2026-06-17 14:58:20.332128,0 days 00:00:31.290816,5.0,0.01,1.9000000000000001,1.4,0.01,1.0,1.8,,,,,,,,,,FAIL
1789,,2026-06-17 14:57:56.678902,2026-06-17 14:58:28.586278,0 days 00:00:31.907376,5.0,0.01,1.9000000000000001,1.4,0.01,1.0,1.8,,,,,,,,,,FAIL
1790,,2026-06-17 14:58:18.423666,2026-06-17 14:58:36.503216,0 days 00:00:18.079550,5.0,0.01,1.9000000000000001,1.4,0.01,1.0,1.8,,,,,,,,,,FAIL
