number,value,datetime_start,datetime_complete,duration,params_MR_BB_PERIOD,params_MR_BB_STD,params_MR_RSI_OVERBOUGHT,params_MR_RSI_OVERSOLD,params_MR_RSI_PERIOD,params_MR_VOL_SPIKE_MULT,params_MR_VWAP_DEV_PCT,params_TP_BB_PERIOD,params_TP_BB_STD,params_TP_RSI_PERIOD,user_attrs_MB_PnL,user_attrs_MR_PnL,user_attrs_QQQ_PnL,user_attrs_SPY_PnL,user_attrs_Score,user_attrs_TF_PnL,user_attrs_TP_PnL,user_attrs_Total_Trades,state
0,8.003930790539833,2026-07-22 03:48:00.646691,2026-07-22 03:50:35.818871,0 days 00:02:35.172180,39,1.9,65.0,39.0,20,0.30000000000000004,0.009000000000000001,16,2.4,10,0.0,-5.567233986244449,-18.209320592898273,-20.103872301967673,8.003930790539833,0.0,-32.74595890862148,128.0,COMPLETE
1,19.390648105645884,2026-07-22 03:48:02.290116,2026-07-22 03:50:47.433386,0 days 00:02:45.143270,38,1.8,62.0,27.0,6,0.8,0.002,21,2.8,7,0.0,-76.29821326988986,-68.36919886793854,-36.417505566090526,19.390648105645884,0.0,-28.488491164139198,303.0,COMPLETE
2,8.972126712684009,2026-07-22 03:48:06.345381,2026-07-22 03:50:46.799571,0 days 00:02:40.454190,29,2.6,74.0,30.0,14,1.4000000000000001,0.003,29,2.5,8,0.0,-5.4628128673735254,-14.63232217374932,-14.649116205847234,8.972126712684009,0.0,-23.818625512223043,134.0,COMPLETE
3,3.127668505855981,2026-07-22 03:48:08.000646,2026-07-22 03:50:44.345502,0 days 00:02:36.344856,17,2.7,74.0,20.0,11,1.1,0.002,29,3.0,19,0.0,-5.236353127635429,-0.49650728115549114,-4.240095069125104,3.127668505855981,0.0,0.49975077735483664,51.0,COMPLETE
4,6.685330767318551,2026-07-22 03:48:10.018390,2026-07-22 03:50:55.692522,0 days 00:02:45.674132,25,2.9000000000000004,67.0,24.0,12,1.0,0.001,13,1.5,13,0.0,-9.052286413448725,-17.267797540262148,-18.706509543429334,6.685330767318551,0.0,-26.922020670242762,108.0,COMPLETE
5,9.871292946575409,2026-07-22 03:48:11.859941,2026-07-22 03:51:00.501562,0 days 00:02:48.641621,39,2.6,79.0,27.0,11,1.8,0.006,22,1.9,8,0.0,8.079811346333964,-13.841309942684884,-13.39560532652274,9.871292946575409,0.0,-35.31672661554154,147.0,COMPLETE
6,6.996947325031434,2026-07-22 03:48:13.440319,2026-07-22 03:51:04.723693,0 days 00:02:51.283374,19,2.1,66.0,21.0,13,0.9,0.009000000000000001,11,2.1,10,0.0,-11.885397873423521,-24.50140611753695,-20.129950664508076,6.996947325031434,0.0,-32.74595890862148,117.0,COMPLETE
7,15.907759888303413,2026-07-22 03:48:26.638320,2026-07-22 03:51:32.520432,0 days 00:03:05.882112,31,1.7,68.0,28.0,6,1.3,0.003,27,1.9,7,0.0,-36.290039635075544,-46.66888159019392,-20.649966462152932,15.907759888303413,0.0,-31.02880841727129,240.0,COMPLETE
8,8.639108319643139,2026-07-22 03:48:28.898571,2026-07-22 03:51:31.655548,0 days 00:03:02.756977,38,1.5,61.0,27.0,12,1.4000000000000001,0.007,17,2.1,10,0.0,-30.167772703046687,-42.816122328936615,-20.09760928273156,8.639108319643139,0.0,-32.74595890862148,146.0,COMPLETE
9,24.80127649608918,2026-07-22 03:48:33.065296,2026-07-22 03:51:51.412580,0 days 00:03:18.347284,17,1.6,66.0,39.0,5,0.7000000000000001,0.001,24,1.9,8,0.0,-130.36617036560907,-88.23423926985352,-70.57919926003665,24.80127649608918,0.0,-28.44726816428099,398.0,COMPLETE
10,4.8970783515324126,2026-07-22 03:50:35.902204,2026-07-22 03:54:26.083839,0 days 00:03:50.181635,14,2.9000000000000004,71.0,36.0,20,1.3,0.006,39,1.7,5,0.0,0.0,-2.0899237426634407,-10.031632851608562,4.8970783515324126,0.0,-12.121556594272,76.0,COMPLETE
11,5.910555769266061,2026-07-22 03:50:44.424348,2026-07-22 03:54:33.567485,0 days 00:03:49.143137,23,2.0,63.0,34.0,19,1.6,0.006,40,3.0,15,0.0,5.832121322278057,2.6110962164962563,-1.0939468194459456,5.910555769266061,0.0,-4.314971925227747,90.0,COMPLETE
12,6.15770468368183,2026-07-22 03:50:46.870657,2026-07-22 03:54:41.787203,0 days 00:03:54.916546,26,2.7,75.0,31.0,20,1.4000000000000001,0.002,20,2.5,12,0.0,-7.15975579971834,-22.716777713194826,-15.204317845908943,6.15770468368183,0.0,-30.76133975938541,104.0,COMPLETE
13,9.444998087998698,2026-07-22 03:50:47.556017,2026-07-22 03:54:42.949290,0 days 00:03:55.393273,40,2.8,76.0,20.0,5,0.4,0.003,30,2.4,6,0.0,-4.375153128530886,-15.53200063018117,-17.443165342138396,9.444998087998698,0.0,-28.600012843788694,142.0,COMPLETE
14,6.268087935733302,2026-07-22 03:50:55.775369,2026-07-22 03:54:51.290055,0 days 00:03:55.514686,36,1.9,64.0,38.0,16,1.8,0.004,19,2.6,19,0.0,-1.5956515056494958,-6.402780328546672,-2.4058784308143037,6.268087935733302,0.0,-7.21300725371147,94.0,COMPLETE
15,7.275315199173924,2026-07-22 03:51:00.593076,2026-07-22 03:54:53.608786,0 days 00:03:53.015710,39,2.8,68.0,27.0,15,1.8,0.009000000000000001,17,1.8,10,0.0,-2.080098195579737,-17.620590346359492,-17.205466757841748,7.275315199173924,0.0,-32.74595890862148,117.0,COMPLETE
16,6.63134066566876,2026-07-22 03:51:04.811974,2026-07-22 03:54:58.457808,0 days 00:03:53.645834,15,2.2,61.0,33.0,19,0.7000000000000001,0.001,34,1.5,20,0.0,-57.071013427479926,-31.78243778255256,-28.935869019076694,6.63134066566876,0.0,-3.647293374149336,122.0,COMPLETE
17,8.820049269839055,2026-07-22 03:51:31.731410,2026-07-22 03:55:20.757651,0 days 00:03:49.026241,28,2.0,72.0,28.0,13,1.3,0.008,21,2.6,9,0.0,-3.6847078032420297,-17.424425804925676,-16.833217109306613,8.820049269839055,0.0,-30.572935110990226,135.0,COMPLETE
18,8.859076639692221,2026-07-22 03:51:32.602763,2026-07-22 03:55:22.143040,0 days 00:03:49.540277,15,2.3,72.0,26.0,10,0.0,0.005,27,1.7,6,0.0,-10.673467282903516,-22.82384204727379,-23.78941704818608,8.859076639692221,0.0,-35.939791812556315,143.0,COMPLETE
19,3.576015641936799,2026-07-22 03:51:51.504721,2026-07-22 03:55:37.019484,0 days 00:03:45.514763,11,2.2,72.0,40.0,20,0.0,0.005,40,1.5,19,0.0,5.998967985931166,4.98161693231704,-1.1674642408944438,3.576015641936799,0.0,-2.1848152945085677,51.0,COMPLETE
20,16.791286110687675,2026-07-22 03:54:26.152734,2026-07-22 03:58:10.895592,0 days 00:03:44.742858,22,2.1,60.0,33.0,5,0.5,0.001,22,3.0,14,0.0,-57.994715736946105,-39.45169645757371,-30.069118950833893,16.791286110687675,0.0,-11.526099671461488,252.0,COMPLETE
21,28.00958390990185,2026-07-22 03:54:33.652451,2026-07-22 03:58:26.409494,0 days 00:03:52.757043,11,1.5,60.0,40.0,5,0.5,0.001,23,2.6,5,0.0,-88.54582199676592,-67.6972179127167,-33.11266495838548,28.00958390990185,0.0,-12.264060874336266,410.0,COMPLETE
22,19.9269123102378,2026-07-22 03:54:41.855938,2026-07-22 03:58:31.050416,0 days 00:03:49.194478,10,1.5,60.0,39.0,5,0.5,0.004,24,2.8,5,0.0,-53.52611396501246,-44.01480946929091,-31.568587235656366,19.9269123102378,0.0,-22.05728273993482,295.0,COMPLETE
23,13.977528739399446,2026-07-22 03:54:43.020639,2026-07-22 03:58:29.200215,0 days 00:03:46.179576,12,2.3,60.0,40.0,8,0.6000000000000001,0.001,24,2.7,5,0.0,-35.78299910453402,-23.16252622929748,-37.334566175068645,13.977528739399446,0.0,-24.714093299832143,213.0,COMPLETE
24,12.03115807966428,2026-07-22 03:54:51.370940,2026-07-22 03:58:38.189511,0 days 00:03:46.818571,10,2.3,60.0,34.0,8,0.6000000000000001,0.001,24,2.8,5,0.0,-33.41826586486376,-25.563294612197907,-32.47939638074105,12.03115807966428,0.0,-24.6244251280752,186.0,COMPLETE
25,13.959780117860241,2026-07-22 03:54:53.674458,2026-07-22 03:58:40.805561,0 days 00:03:47.131103,12,2.3,60.0,33.0,8,0.6000000000000001,0.001,24,2.8,5,0.0,-34.92271904189585,-22.009822059810418,-37.39956202407345,13.959780117860241,0.0,-24.486665041988058,212.0,COMPLETE
26,14.460836297322546,2026-07-22 03:54:58.541159,2026-07-22 03:58:47.425767,0 days 00:03:48.884608,11,1.5,71.0,24.0,8,0.0,0.004,24,2.8,5,0.0,-38.371163895887946,-37.01847958623596,-33.9949513743398,14.460836297322546,0.0,-32.64226706468781,222.0,COMPLETE
27,17.60053539457484,2026-07-22 03:55:20.840574,2026-07-22 03:59:13.726723,0 days 00:03:52.886149,11,1.5,60.0,40.0,8,0.0,0.004,23,2.8,5,0.0,-45.610786064687055,-48.47238209335323,-28.295761485008775,17.60053539457484,0.0,-31.15735751367492,266.0,COMPLETE
28,23.76394993885056,2026-07-22 03:55:22.212566,2026-07-22 03:59:30.339261,0 days 00:04:08.126695,33,1.5,60.0,40.0,8,0.6000000000000001,0.001,23,2.8,12,0.0,-165.5005280000929,-125.49360116789225,-57.12567096499555,23.76394993885056,0.0,-17.11874413279472,398.0,COMPLETE
29,23.66782229128181,2026-07-22 03:55:37.091897,2026-07-22 03:59:46.617426,0 days 00:04:09.525529,33,1.5,60.0,36.0,8,0.6000000000000001,0.001,23,2.8,12,0.0,-160.04612292469892,-121.52410295297852,-55.6407641045153,23.66782229128181,0.0,-17.11874413279472,394.0,COMPLETE
30,23.195664655498703,2026-07-22 03:58:10.950176,2026-07-22 04:02:09.134927,0 days 00:03:58.184751,33,1.5,60.0,36.0,7,0.6000000000000001,0.001,24,2.8,15,0.0,-165.82038973334033,-117.51977870892492,-56.94455554111084,23.195664655498703,0.0,-8.643944516695303,387.0,COMPLETE
31,24.619470403120033,2026-07-22 03:58:26.494526,2026-07-22 04:02:14.463304,0 days 00:03:47.968778,11,1.5,63.0,37.0,8,0.7000000000000001,0.002,26,2.8,5,0.0,-75.90098114492889,-59.65401706968937,-37.647671767394606,24.619470403120033,0.0,-21.400707692155056,365.0,COMPLETE
32,22.681607892045303,2026-07-22 03:58:29.264680,2026-07-22 04:02:27.382047,0 days 00:03:58.117367,34,1.5,63.0,36.0,7,0.8,0.002,25,2.8,7,0.0,-88.91381065859326,-88.34482627179278,-26.695390790596903,22.681607892045303,0.0,-26.126406403796405,349.0,COMPLETE
33,19.535612177179974,2026-07-22 03:58:31.125074,2026-07-22 04:02:19.661374,0 days 00:03:48.536300,10,1.5,63.0,37.0,8,0.2,0.004,25,2.2,5,0.0,-44.257426803882986,-38.454297092333505,-31.42671001630142,19.535612177179974,0.0,-25.62358030475195,286.0,COMPLETE
34,17.397310881789465,2026-07-22 03:58:38.265490,2026-07-22 04:02:27.651934,0 days 00:03:49.386444,19,1.5,63.0,37.0,8,0.2,0.004,33,2.1,7,0.0,-56.56994678818151,-43.738338801280364,-34.84892097930441,17.397310881789465,0.0,-22.017312992403255,265.0,COMPLETE
35,17.397310881789465,2026-07-22 03:58:40.891261,2026-07-22 04:02:33.674430,0 days 00:03:52.783169,19,1.5,64.0,37.0,7,0.2,0.004,33,2.1,7,0.0,-56.56994678818151,-43.738338801280364,-34.84892097930441,17.397310881789465,0.0,-22.017312992403255,265.0,COMPLETE
36,16.56081117474528,2026-07-22 03:58:47.511058,2026-07-22 04:02:36.782797,0 days 00:03:49.271739,19,1.6,63.0,37.0,6,0.2,0.004,33,2.2,7,0.0,-37.720461975489464,-32.91543678141716,-26.822338186475555,16.56081117474528,0.0,-22.017312992403255,245.0,COMPLETE
37,20.757049916170292,2026-07-22 03:59:13.805052,2026-07-22 04:03:03.545067,0 days 00:03:49.740015,19,1.7,63.0,37.0,6,0.4,0.002,32,2.1,7,0.0,-86.9772558400609,-63.59111773520328,-41.913079497922475,20.757049916170292,0.0,-18.526941393064792,320.0,COMPLETE
38,18.814390888778927,2026-07-22 03:59:30.409038,2026-07-22 04:03:19.777300,0 days 00:03:49.368262,34,1.7,65.0,37.0,7,0.2,0.002,34,2.3,12,0.0,-100.62350075100743,-82.90618138946765,-33.11751431172327,18.814390888778927,0.0,-15.400194950183483,302.0,COMPLETE
39,18.587819048314078,2026-07-22 03:59:46.690545,2026-07-22 04:03:32.685599,0 days 00:03:45.995054,20,1.7,65.0,37.0,6,0.30000000000000004,0.002,32,2.2,17,0.0,-99.97832080332046,-66.06344353794437,-35.31896856708399,18.587819048314078,0.0,-1.4040913017078946,292.0,COMPLETE
40,18.846724654481438,2026-07-22 04:02:09.200717,2026-07-22 04:05:55.804302,0 days 00:03:46.603585,34,1.7,64.0,37.0,9,0.2,0.002,26,2.3,12,0.0,-98.75396078025254,-89.00524711833417,-34.781064407429014,18.846724654481438,0.0,-25.03235074551065,306.0,COMPLETE
41,21.57316677306486,2026-07-22 04:02:14.521134,2026-07-22 04:05:56.464860,0 days 00:03:41.943726,18,1.7,64.0,38.0,6,0.8,0.002,26,2.3,7,0.0,-94.54697916443723,-75.84311286957156,-44.92929308005932,21.57316677306486,0.0,-26.22542678519366,338.0,COMPLETE
42,21.71446079272186,2026-07-22 04:02:19.719596,2026-07-22 04:06:08.306044,0 days 00:03:48.586448,18,1.7,65.0,38.0,6,0.30000000000000004,0.002,27,2.4,7,0.0,-92.4581112609044,-76.58667495999605,-40.79432919697508,21.71446079272186,0.0,-24.92289289606669,338.0,COMPLETE
43,20.589251312092784,2026-07-22 04:02:27.494401,2026-07-22 04:06:13.642551,0 days 00:03:46.148150,19,1.7,65.0,38.0,10,0.30000000000000004,0.002,32,2.3,8,0.0,-83.67233312638994,-64.44069232356286,-35.00841505310669,20.589251312092784,0.0,-15.776774250279598,315.0,COMPLETE
44,20.215779194519342,2026-07-22 04:02:27.769120,2026-07-22 04:06:15.714913,0 days 00:03:47.945793,19,1.7,65.0,38.0,10,1.1,0.002,27,2.4,8,0.0,-71.74762649340977,-70.03926089347922,-29.441804851556117,20.215779194519342,0.0,-27.733439251625583,310.0,COMPLETE
45,20.258244345446958,2026-07-22 04:02:33.737879,2026-07-22 04:06:23.095588,0 days 00:03:49.357709,17,1.7,66.0,39.0,10,0.9,0.002,27,2.3,9,0.0,-92.75288230604995,-67.33199874994847,-48.267578799827106,20.258244345446958,0.0,-22.84669524372562,319.0,COMPLETE
46,19.598928031876486,2026-07-22 04:02:36.842835,2026-07-22 04:06:25.457145,0 days 00:03:48.614310,17,1.7,66.0,39.0,10,1.0,0.002,27,2.6,9,0.0,-89.98094934207487,-66.4238591864386,-45.601644381728335,19.598928031876486,0.0,-22.044554226092075,309.0,COMPLETE
47,19.12423038464418,2026-07-22 04:03:03.615480,2026-07-22 04:06:48.626915,0 days 00:03:45.011435,14,1.7,65.0,39.0,10,1.0,0.002,28,2.4,9,0.0,-79.47087095228072,-54.41696471510886,-43.52681837276896,19.12423038464418,0.0,-18.47291213559705,296.0,COMPLETE
48,18.5502334003095,2026-07-22 04:03:19.831238,2026-07-22 04:07:05.221585,0 days 00:03:45.390347,14,1.8,67.0,39.0,10,1.0,0.002,27,2.6,9,0.0,-71.35272774150772,-47.75314152729039,-43.11443389610025,18.5502334003095,0.0,-19.5148476818829,286.0,COMPLETE
49,16.594266317033632,2026-07-22 04:03:32.748528,2026-07-22 04:07:16.297693,0 days 00:03:43.549165,16,1.8,68.0,39.0,10,1.0,0.003,27,2.9000000000000004,9,0.0,-65.58283679328554,-55.83693848940929,-35.320702339596586,16.594266317033632,0.0,-25.574804035720337,261.0,COMPLETE
50,15.97353051076506,2026-07-22 04:05:55.870941,2026-07-22 04:09:37.545687,0 days 00:03:41.674746,31,1.8,62.0,39.0,9,1.0,0.003,28,2.9000000000000004,9,0.0,-51.419984710748004,-52.61348716993221,-23.313802242780493,15.97353051076506,0.0,-24.50730470196469,246.0,COMPLETE
51,17.97836567769071,2026-07-22 04:05:56.529565,2026-07-22 04:09:37.905896,0 days 00:03:41.376331,31,1.6,62.0,39.0,10,1.0,0.003,29,2.9000000000000004,9,0.0,-71.50965011819169,-64.6302219811253,-24.52215154250607,17.97836567769071,0.0,-17.64272340543968,279.0,COMPLETE
52,18.39785716719274,2026-07-22 04:06:08.360477,2026-07-22 04:09:54.297977,0 days 00:03:45.937500,31,1.6,62.0,39.0,10,1.0,0.003,19,2.9000000000000004,9,0.0,-71.50965011819169,-74.01152316706408,-25.196412533241595,18.39785716719274,0.0,-27.698285582113993,289.0,COMPLETE
53,16.626568909231832,2026-07-22 04:06:13.699634,2026-07-22 04:09:59.779058,0 days 00:03:46.079424,31,1.6,62.0,39.0,10,1.0,0.003,28,2.9000000000000004,11,0.0,-69.67296174910335,-69.58406963045678,-26.920404249191865,16.626568909231832,0.0,-26.831512130545285,265.0,COMPLETE
54,16.870064994363123,2026-07-22 04:06:15.777493,2026-07-22 04:10:02.683324,0 days 00:03:46.905831,30,1.6,62.0,35.0,9,0.9,0.003,19,2.9000000000000004,11,0.0,-67.04316920178545,-64.84514388405933,-30.137228997510334,16.870064994363123,0.0,-27.939203679784242,268.0,COMPLETE
55,16.523097249370533,2026-07-22 04:06:23.147527,2026-07-22 04:10:11.483385,0 days 00:03:48.335858,28,1.6,61.0,35.0,9,0.9,0.003,19,2.9000000000000004,11,0.0,-71.36986889160457,-64.55857113706915,-36.08076077861364,16.523097249370533,0.0,-29.269463024078217,266.0,COMPLETE
56,17.304031668421853,2026-07-22 04:06:25.518176,2026-07-22 04:10:13.410066,0 days 00:03:47.891890,30,1.6,62.0,35.0,9,0.7000000000000001,0.003,19,2.9000000000000004,11,0.0,-74.171542589685,-60.611752187968726,-37.640867434398395,17.304031668421853,0.0,-24.081077032682092,275.0,COMPLETE
57,17.77587964609629,2026-07-22 04:06:48.680844,2026-07-22 04:10:36.851377,0 days 00:03:48.170533,31,1.6,62.0,35.0,9,0.7000000000000001,0.003,14,2.9000000000000004,11,0.0,-70.11445287462764,-58.00956385618027,-36.18596605112947,17.77587964609629,0.0,-24.081077032682092,278.0,COMPLETE
58,17.60904204154485,2026-07-22 04:07:05.279623,2026-07-22 04:10:52.287150,0 days 00:03:47.007527,31,1.6,62.0,35.0,9,0.8,0.003,19,2.9000000000000004,11,0.0,-63.530475870994955,-59.8656901500075,-30.910645400059828,17.60904204154485,0.0,-27.24585967907238,274.0,COMPLETE
59,17.304031668421853,2026-07-22 04:07:16.353593,2026-07-22 04:11:03.671222,0 days 00:03:47.317629,30,1.6,62.0,35.0,9,0.7000000000000001,0.003,19,2.9000000000000004,11,0.0,-74.171542589685,-60.611752187968726,-37.640867434398395,17.304031668421853,0.0,-24.081077032682092,275.0,COMPLETE
60,20.992716042387432,2026-07-22 04:09:37.596596,2026-07-22 04:13:29.202063,0 days 00:03:51.605467,32,1.6,61.0,35.0,5,0.7000000000000001,0.001,20,2.7,16,0.0,-152.61873565533134,-102.5262289765632,-54.951055077073754,20.992716042387432,0.0,-4.858548398305495,351.0,COMPLETE
61,20.774260091003796,2026-07-22 04:09:37.950840,2026-07-22 04:13:25.920174,0 days 00:03:47.969334,29,1.6,61.0,36.0,5,0.7000000000000001,0.001,19,2.7,16,0.0,-138.9501150498535,-95.08365422680163,-50.200524356140406,20.774260091003796,0.0,-6.334063533088437,342.0,COMPLETE
62,20.5862559200021,2026-07-22 04:09:54.361385,2026-07-22 04:13:48.508899,0 days 00:03:54.147514,28,1.6,61.0,35.0,5,0.8,0.001,21,2.7,16,0.0,-131.84135760914745,-92.01055942789773,-46.12118861004165,20.5862559200021,0.0,-6.2903904287918495,336.0,COMPLETE
63,21.78656736214311,2026-07-22 04:09:59.831512,2026-07-22 04:13:55.177642,0 days 00:03:55.346130,36,1.6,61.0,35.0,5,0.7000000000000001,0.001,22,2.7,15,0.0,-145.39696427076703,-107.8200875106369,-46.04313698288545,21.78656736214311,0.0,-8.466260222755254,359.0,COMPLETE
64,21.717193380778355,2026-07-22 04:10:02.749856,2026-07-22 04:13:57.647791,0 days 00:03:54.897935,36,1.6,61.0,35.0,5,0.7000000000000001,0.001,21,2.7,16,0.0,-146.08904080881362,-107.82684166343317,-45.683906935222225,21.717193380778355,0.0,-7.421707789841713,358.0,COMPLETE
65,21.717193380778355,2026-07-22 04:10:11.552302,2026-07-22 04:14:07.105095,0 days 00:03:55.552793,36,1.6,61.0,35.0,5,0.7000000000000001,0.001,21,2.7,16,0.0,-146.08904080881362,-107.82684166343317,-45.683906935222225,21.717193380778355,0.0,-7.421707789841713,358.0,COMPLETE
66,18.1823613709772,2026-07-22 04:10:13.469877,2026-07-22 04:14:03.114740,0 days 00:03:49.644863,37,1.9,61.0,31.0,5,0.7000000000000001,0.001,22,2.7,16,0.0,-72.66305365422132,-52.50444407514986,-21.939185205272082,18.1823613709772,0.0,-1.7805756262006114,274.0,COMPLETE
67,18.27630774675855,2026-07-22 04:10:36.913678,2026-07-22 04:14:26.196680,0 days 00:03:49.283002,36,1.9,61.0,31.0,5,0.4,0.001,21,2.7,13,0.0,-97.58884517269374,-82.53961797907348,-33.76707774647577,18.27630774675855,0.0,-18.71785055285549,296.0,COMPLETE
68,18.25755465541019,2026-07-22 04:10:52.351913,2026-07-22 04:14:43.357332,0 days 00:03:51.005419,37,1.9,61.0,32.0,5,0.5,0.001,21,2.7,16,0.0,-88.27973844845582,-61.21848774546203,-28.733703194658904,18.25755465541019,0.0,-1.6724524916651233,283.0,COMPLETE
69,17.97924658112671,2026-07-22 04:11:03.743211,2026-07-22 04:14:54.273938,0 days 00:03:50.530727,36,1.9,61.0,31.0,5,0.5,0.001,22,2.7,15,0.0,-98.1475501861933,-73.85667828328245,-26.429136599643506,17.97924658112671,0.0,-2.138264696732634,285.0,COMPLETE
70,25.522777126974166,2026-07-22 04:13:25.971080,2026-07-22 04:17:17.038980,0 days 00:03:51.067900,34,1.5,61.0,36.0,7,0.5,0.001,23,2.7,6,0.0,-169.87600228550946,-118.98231011073807,-70.1824891840723,25.522777126974166,0.0,-19.288797009300882,423.0,COMPLETE
71,26.830037995791535,2026-07-22 04:13:29.266322,2026-07-22 04:17:22.107936,0 days 00:03:52.841614,37,1.5,69.0,36.0,7,0.5,0.001,21,2.7,6,0.0,-154.70958647251248,-120.35995708680882,-53.15227553676232,26.830037995791535,0.0,-18.802646151058617,431.0,COMPLETE
72,26.6158580431042,2026-07-22 04:13:48.568153,2026-07-22 04:17:48.372942,0 days 00:03:59.804789,36,1.5,69.0,36.0,7,0.5,0.001,22,3.0,6,0.0,-151.22238042705322,-113.94250296182251,-57.24131579526155,26.6158580431042,0.0,-19.961438330030774,427.0,COMPLETE
73,24.91993179390764,2026-07-22 04:13:55.244098,2026-07-22 04:17:52.556330,0 days 00:03:57.312232,34,1.5,60.0,31.0,7,0.5,0.001,23,2.5,6,0.0,-160.08061321322452,-109.55513500422728,-68.27498977695555,24.91993179390764,0.0,-17.74951156795822,410.0,COMPLETE
74,25.44141745114379,2026-07-22 04:13:57.705769,2026-07-22 04:17:52.320626,0 days 00:03:54.614857,34,1.5,79.0,40.0,7,0.5,0.001,23,3.0,6,0.0,-83.02682705369216,-86.24742381157641,-22.342752859004385,25.44141745114379,0.0,-25.563349616888736,380.0,COMPLETE
75,26.45172542251168,2026-07-22 04:14:03.168074,2026-07-22 04:18:02.631322,0 days 00:03:59.463248,33,1.5,69.0,40.0,7,0.5,0.001,25,3.0,6,0.0,-154.41545881881638,-118.56943771658425,-54.42746886938648,26.45172542251168,0.0,-18.58144776715413,426.0,COMPLETE
76,25.427723475011426,2026-07-22 04:14:07.172060,2026-07-22 04:18:08.664035,0 days 00:04:01.491975,34,1.5,60.0,40.0,7,0.5,0.001,25,3.0,6,0.0,-173.70639452237796,-118.38881442743451,-68.7783795177611,25.427723475011426,0.0,-13.460799422817654,421.0,COMPLETE
77,25.732072376630228,2026-07-22 04:14:26.259273,2026-07-22 04:18:26.639336,0 days 00:04:00.380063,33,1.5,60.0,40.0,7,0.5,0.001,23,2.5,6,0.0,-176.53007338781325,-128.50332570091493,-69.24030608157824,25.732072376630228,0.0,-21.213558394679772,430.0,COMPLETE
78,24.38846776044996,2026-07-22 04:14:43.416042,2026-07-22 04:18:42.296990,0 days 00:03:58.880948,34,1.5,60.0,36.0,7,0.6000000000000001,0.001,25,3.0,6,0.0,-153.20251682198563,-118.67267536151324,-57.149504644145985,24.38846776044996,0.0,-22.619663183673627,402.0,COMPLETE
79,24.439309473901087,2026-07-22 04:14:54.342731,2026-07-22 04:18:52.614600,0 days 00:03:58.271869,34,1.5,60.0,40.0,7,0.6000000000000001,0.001,25,3.0,6,0.0,-157.0329090588541,-121.00819141769976,-57.149504644145985,24.439309473901087,0.0,-21.124787002991695,404.0,COMPLETE
80,24.823093278269106,2026-07-22 04:17:17.092475,2026-07-22 04:21:02.382569,0 days 00:03:45.290094,34,1.5,79.0,36.0,7,0.6000000000000001,0.001,25,3.0,6,0.0,-77.97567202692527,-80.499483033193,-28.492407868167682,24.823093278269106,0.0,-31.01621887443546,372.0,COMPLETE
81,26.557890528548736,2026-07-22 04:17:22.165656,2026-07-22 04:21:15.271156,0 days 00:03:53.105500,33,1.5,70.0,40.0,7,0.6000000000000001,0.001,23,2.5,6,0.0,-138.45751770097436,-116.3389250505928,-44.49818051118145,26.557890528548736,0.0,-22.379587860799806,421.0,COMPLETE
82,26.31274346824264,2026-07-22 04:17:48.430820,2026-07-22 04:21:48.149935,0 days 00:03:59.719115,39,1.5,69.0,40.0,7,0.4,0.001,23,3.0,6,0.0,-136.9512480541232,-118.64034958942715,-38.050849172368444,26.31274346824264,0.0,-19.739950707672328,416.0,COMPLETE
83,24.881342920854387,2026-07-22 04:17:52.374812,2026-07-22 04:21:44.479612,0 days 00:03:52.104800,39,1.5,80.0,40.0,7,0.4,0.001,23,3.0,6,0.0,-86.38143496840026,-86.42566185757718,-34.85171354112606,24.881342920854387,0.0,-34.89594043030307,379.0,COMPLETE
84,10.531570000525631,2026-07-22 04:17:52.681731,2026-07-22 04:21:29.817723,0 days 00:03:37.135992,39,1.5,69.0,40.0,7,0.4,0.008,25,3.0,6,0.0,-20.183246199065056,-25.128566071716286,-28.171640102957614,10.531570000525631,0.0,-33.116959975608786,166.0,COMPLETE
85,9.476334046727928,2026-07-22 04:18:02.690072,2026-07-22 04:21:40.867189,0 days 00:03:38.177117,39,1.5,80.0,40.0,7,2.0,0.01,25,3.0,6,0.0,-1.4956244234852845,-16.342368010860422,-20.444915750131177,9.476334046727928,0.0,-35.29165933750628,147.0,COMPLETE
86,11.770630044394592,2026-07-22 04:18:08.731785,2026-07-22 04:21:46.514868,0 days 00:03:37.783083,40,3.0,79.0,29.0,7,0.4,0.001,25,2.6,6,0.0,-0.20067773517135556,-15.289251953474752,-18.792458204240713,11.770630044394592,0.0,-33.88103242254406,175.0,COMPLETE
87,25.880447369144605,2026-07-22 04:18:26.695764,2026-07-22 04:22:20.921252,0 days 00:03:54.225488,38,1.5,76.0,40.0,7,0.4,0.001,25,3.0,6,0.0,-107.8343156814026,-92.4114431603363,-29.55467171568304,25.880447369144605,0.0,-14.131799194616766,393.0,COMPLETE
88,25.176257605433733,2026-07-22 04:18:42.362884,2026-07-22 04:22:37.326407,0 days 00:03:54.963523,39,1.5,78.0,40.0,6,0.4,0.001,25,3.0,6,0.0,-110.25387994779487,-103.2992104967933,-28.35539156047719,25.176257605433733,0.0,-21.400722109475613,389.0,COMPLETE
89,12.176144142217789,2026-07-22 04:18:52.675141,2026-07-22 04:22:30.979437,0 days 00:03:38.304296,40,3.0,80.0,40.0,6,0.4,0.001,23,2.5,6,0.0,-1.9273299374967623,-19.498364943398617,-19.22402648427246,12.176144142217789,0.0,-36.795061490174284,182.0,COMPLETE
90,24.232354137643263,2026-07-22 04:21:02.438264,2026-07-22 04:24:44.898933,0 days 00:03:42.460669,39,1.5,80.0,29.0,6,0.4,0.001,23,2.5,6,0.0,-80.9993082968423,-75.44291595561849,-28.716426267253805,24.232354137643263,0.0,-23.160033926030028,363.0,COMPLETE
91,26.45961860064995,2026-07-22 04:21:15.324815,2026-07-22 04:25:04.433964,0 days 00:03:49.109149,40,1.5,77.0,40.0,6,0.4,0.001,17,2.5,6,0.0,-110.02284903705775,-97.46521441386679,-30.997012811776834,26.45961860064995,0.0,-18.439378188585863,403.0,COMPLETE
92,26.702629075245373,2026-07-22 04:21:29.864625,2026-07-22 04:25:21.783225,0 days 00:03:51.918600,25,1.5,77.0,40.0,6,0.5,0.001,23,2.5,6,0.0,-93.46104400543929,-73.35197782747801,-42.13490084436134,26.702629075245373,0.0,-22.025834666400083,399.0,COMPLETE
93,27.40319774513265,2026-07-22 04:21:40.918291,2026-07-22 04:25:36.960113,0 days 00:03:56.041822,25,1.5,70.0,40.0,6,0.4,0.001,23,2.5,5,0.0,-119.08480699855873,-91.4157944218027,-49.36818375714944,27.40319774513265,0.0,-21.69917118039337,421.0,COMPLETE
94,27.488819374383187,2026-07-22 04:21:44.549048,2026-07-22 04:25:43.098312,0 days 00:03:58.549264,35,1.5,70.0,38.0,6,0.5,0.001,17,2.5,5,0.0,-147.47924020328537,-106.87570128503184,-54.41477888115265,27.488819374383187,0.0,-13.811239962899048,433.0,COMPLETE
95,16.500895357422138,2026-07-22 04:21:46.570854,2026-07-22 04:25:28.536181,0 days 00:03:41.965327,35,2.5,70.0,38.0,6,0.30000000000000004,0.002,17,2.5,5,0.0,-24.31041908819432,-36.36399975798932,-16.719343748994998,16.500895357422138,0.0,-28.77292441878996,241.0,COMPLETE
96,24.662211838557813,2026-07-22 04:21:48.208001,2026-07-22 04:25:39.864256,0 days 00:03:51.656255,24,1.5,70.0,38.0,6,0.30000000000000004,0.002,23,2.5,8,0.0,-92.97513497773909,-79.4383877904104,-33.814079736341974,24.662211838557813,0.0,-20.277332549013295,373.0,COMPLETE
97,16.56720539464513,2026-07-22 04:22:20.976306,2026-07-22 04:26:00.187472,0 days 00:03:39.211166,38,2.5,70.0,38.0,6,0.30000000000000004,0.002,17,2.5,5,0.0,-24.0516754417547,-43.19364470054827,-12.159789583836071,16.56720539464513,0.0,-31.301758842629578,242.0,COMPLETE
98,23.55695097906761,2026-07-22 04:22:31.032987,2026-07-22 04:26:24.122018,0 days 00:03:53.089031,38,1.5,70.0,34.0,6,0.30000000000000004,0.002,20,2.5,8,0.0,-116.09903565285825,-107.62090491625617,-29.04659206433492,23.55695097906761,0.0,-20.568461327732823,372.0,COMPLETE
99,26.20311188357527,2026-07-22 04:22:37.385778,2026-07-22 04:26:30.796924,0 days 00:03:53.411146,25,1.5,69.0,38.0,6,0.30000000000000004,0.002,17,2.5,5,0.0,-91.09196635468093,-82.70471214788539,-21.658495476586644,26.20311188357527,0.0,-13.271241269791147,388.0,COMPLETE
100,25.35414904908053,2026-07-22 04:24:44.961224,2026-07-22 04:28:32.768087,0 days 00:03:47.806863,38,1.5,69.0,38.0,8,0.30000000000000004,0.002,17,2.6,5,0.0,-111.42314684443855,-104.35761939848928,-21.07571317994893,25.35414904908053,0.0,-14.010185733999629,389.0,COMPLETE
101,25.75452574433189,2026-07-22 04:25:04.499582,2026-07-22 04:28:53.990549,0 days 00:03:49.490967,38,1.5,69.0,38.0,6,0.30000000000000004,0.002,10,2.6,5,0.0,-119.2626772875763,-101.17768991809923,-22.672378535447205,25.75452574433189,0.0,-4.587391165970082,394.0,COMPLETE
102,25.720146913946976,2026-07-22 04:25:21.835907,2026-07-22 04:29:12.647591,0 days 00:03:50.811684,25,1.5,76.0,38.0,6,0.30000000000000004,0.002,17,2.6,5,0.0,-75.89833350795583,-65.58299027804493,-24.016650860681494,25.720146913946976,0.0,-13.701307630770655,374.0,COMPLETE
103,25.326916204779337,2026-07-22 04:25:28.594484,2026-07-22 04:29:20.278462,0 days 00:03:51.683978,38,1.5,76.0,38.0,8,0.1,0.002,15,2.4,5,0.0,-70.80676518988292,-72.67702212174487,-15.714778874181054,25.326916204779337,0.0,-17.585035806043027,370.0,COMPLETE
104,26.136895947825302,2026-07-22 04:25:37.023797,2026-07-22 04:29:29.526168,0 days 00:03:52.502371,25,1.5,75.0,38.0,6,0.30000000000000004,0.002,15,2.4,5,0.0,-74.00964266497431,-64.85311920856942,-21.82489939575576,26.136895947825302,0.0,-12.668375939350877,378.0,COMPLETE
105,24.163397533534003,2026-07-22 04:25:39.927757,2026-07-22 04:29:31.082922,0 days 00:03:51.155165,38,1.6,76.0,39.0,8,0.30000000000000004,0.002,12,2.4,5,0.0,-70.42378792173321,-79.48425902912358,-21.345398242314563,24.163397533534003,0.0,-30.405869349704876,361.0,COMPLETE
106,24.9972729057866,2026-07-22 04:25:43.154581,2026-07-22 04:29:33.515288,0 days 00:03:50.360707,21,1.6,73.0,38.0,6,0.30000000000000004,0.002,16,2.6,5,0.0,-94.48744365970926,-77.78163013168243,-42.32450704387088,24.9972729057866,0.0,-25.61869351584407,380.0,COMPLETE
107,25.748095449238246,2026-07-22 04:26:00.242100,2026-07-22 04:29:49.751272,0 days 00:03:49.509172,22,1.6,73.0,39.0,8,0.6000000000000001,0.002,16,2.4,5,0.0,-70.6172859469987,-51.51237420331918,-40.900579326981564,25.748095449238246,0.0,-21.795667583302052,375.0,COMPLETE
108,25.379265471578,2026-07-22 04:26:24.181096,2026-07-22 04:30:15.501810,0 days 00:03:51.320714,22,1.6,73.0,39.0,8,0.1,0.002,10,2.4,5,0.0,-85.55098027669825,-68.54313253882914,-37.220196259542355,25.379265471578,0.0,-20.212348521673253,378.0,COMPLETE
109,25.75527415678029,2026-07-22 04:26:30.858727,2026-07-22 04:30:23.190433,0 days 00:03:52.331706,22,1.6,73.0,39.0,8,0.6000000000000001,0.002,15,2.4,5,0.0,-70.6172859469987,-51.13294716675627,-40.900579326981564,25.75527415678029,0.0,-21.416240546739136,375.0,COMPLETE
110,25.462015880624556,2026-07-22 04:28:32.817473,2026-07-22 04:32:17.964376,0 days 00:03:45.146903,22,1.6,73.0,39.0,6,0.1,0.002,15,2.4,5,0.0,-95.77277446645513,-80.46618285803956,-43.489121067360124,25.462015880624556,0.0,-28.182529458944526,388.0,COMPLETE
111,26.52249157619648,2026-07-22 04:28:54.045764,2026-07-22 04:32:40.363759,0 days 00:03:46.317995,22,1.6,73.0,39.0,8,0.6000000000000001,0.001,15,2.4,7,0.0,-98.00243483625846,-76.69135314762117,-56.13408679991271,26.52249157619648,0.0,-34.82300511127541,405.0,COMPLETE
112,26.50304385301988,2026-07-22 04:29:12.703847,2026-07-22 04:33:06.414099,0 days 00:03:53.710252,22,1.6,71.0,39.0,8,0.1,0.001,15,2.4,7,0.0,-129.84694118997754,-97.98434562359323,-65.72922540583859,26.50304385301988,0.0,-33.866629839454305,421.0,COMPLETE
113,23.64347326201822,2026-07-22 04:29:20.331397,2026-07-22 04:33:10.316058,0 days 00:03:49.984661,22,1.6,71.0,39.0,18,0.1,0.001,16,2.4,7,0.0,-53.10979333627724,-63.311011120520455,-26.09675001227907,23.64347326201822,0.0,-36.29796779652231,348.0,COMPLETE
114,25.740762223106014,2026-07-22 04:29:29.580904,2026-07-22 04:33:25.366233,0 days 00:03:55.785329,23,1.6,73.0,39.0,8,0.6000000000000001,0.001,18,2.4,7,0.0,-94.5363645118985,-74.60513076260332,-55.8843258331015,25.740762223106014,0.0,-35.95309208380635,394.0,COMPLETE
115,26.429255661859113,2026-07-22 04:29:31.141290,2026-07-22 04:33:27.046868,0 days 00:03:55.905578,22,1.6,71.0,39.0,6,0.1,0.001,18,2.4,7,0.0,-135.68916401820184,-105.72652284885682,-65.48927429964422,26.429255661859113,0.0,-35.52663313029925,424.0,COMPLETE
116,23.619226344504803,2026-07-22 04:29:33.571983,2026-07-22 04:33:23.601564,0 days 00:03:50.029581,26,1.6,71.0,39.0,16,0.6000000000000001,0.001,16,2.4,7,0.0,-64.14744833908951,-61.498843126923525,-35.678242582081026,23.619226344504803,0.0,-33.02963736991499,351.0,COMPLETE
117,25.7942084987848,2026-07-22 04:29:49.835296,2026-07-22 04:33:47.221569,0 days 00:03:57.386273,27,1.6,71.0,39.0,6,0.5,0.001,18,2.6,7,0.0,-107.73432806201099,-89.57795419448335,-41.568768833943096,25.7942084987848,0.0,-23.412394966415466,396.0,COMPLETE
118,24.66869864220875,2026-07-22 04:30:15.567049,2026-07-22 04:34:04.896593,0 days 00:03:49.329544,27,1.6,71.0,39.0,14,0.5,0.001,20,2.6,7,0.0,-76.62594642616398,-64.31558793708771,-34.55610627879547,24.66869864220875,0.0,-22.24574778971919,365.0,COMPLETE
119,21.278114532507892,2026-07-22 04:30:23.243352,2026-07-22 04:34:12.117329,0 days 00:03:48.873977,27,1.7,71.0,24.0,6,0.5,0.001,18,2.5,7,0.0,-79.6509236007658,-72.68652598779283,-33.626117182117866,21.278114532507892,0.0,-26.661719569144946,326.0,COMPLETE
120,26.51927820182295,2026-07-22 04:32:18.015914,2026-07-22 04:36:06.210610,0 days 00:03:48.194696,27,1.5,77.0,37.0,6,0.5,0.001,18,2.5,7,0.0,-95.13517763180471,-85.15914889770411,-27.863088597583594,26.51927820182295,0.0,-17.887059863483124,396.0,COMPLETE
121,24.751358603009155,2026-07-22 04:32:40.418996,2026-07-22 04:36:29.327620,0 days 00:03:48.908624,26,1.7,71.0,40.0,6,0.5,0.001,18,2.6,7,0.0,-95.98850464810069,-76.49997976540479,-52.21072611339296,24.751358603009155,0.0,-32.722201230697046,381.0,COMPLETE
122,24.2811940272106,2026-07-22 04:33:06.468194,2026-07-22 04:36:56.217097,0 days 00:03:49.748903,27,1.7,71.0,40.0,8,0.5,0.001,13,2.3,7,0.0,-91.13937821064525,-66.58693230668281,-52.094916668057635,24.2811940272106,0.0,-27.542470764095192,370.0,COMPLETE
123,24.8648599575982,2026-07-22 04:33:10.372999,2026-07-22 04:37:02.980094,0 days 00:03:52.607095,26,1.7,68.0,40.0,8,0.5,0.001,18,2.3,7,0.0,-95.23924487547787,-75.750719992782,-52.21072611339296,24.8648599575982,0.0,-32.722201230697046,382.0,COMPLETE
124,24.50847066494912,2026-07-22 04:33:23.653099,2026-07-22 04:37:16.378308,0 days 00:03:52.725209,27,1.7,68.0,40.0,8,0.5,0.001,13,2.3,7,0.0,-88.50802949125051,-68.63671768401963,-48.42069316687174,24.50847066494912,0.0,-28.549381359640826,372.0,COMPLETE
125,24.397578478408317,2026-07-22 04:33:25.435561,2026-07-22 04:37:18.809732,0 days 00:03:53.374171,27,1.7,68.0,40.0,7,0.5,0.001,13,2.3,7,0.0,-89.62261136759638,-69.2354110984547,-48.422785399694845,24.397578478408317,0.0,-28.03558513055314,371.0,COMPLETE
126,22.553378447224752,2026-07-22 04:33:27.111699,2026-07-22 04:37:18.044809,0 days 00:03:50.933110,26,1.6,77.0,37.0,5,0.0,0.001,14,2.3,7,0.0,-70.22460058385147,-64.85822747563721,-37.97278816354754,22.553378447224752,0.0,-32.606415055333294,340.0,COMPLETE
127,21.992813842898197,2026-07-22 04:33:47.275602,2026-07-22 04:37:36.036761,0 days 00:03:48.761159,35,1.7,68.0,37.0,5,0.0,0.001,14,2.3,7,0.0,-72.90289190439852,-71.32587966492669,-33.32387120827698,21.992813842898197,0.0,-31.746858968805135,335.0,COMPLETE
128,23.237507971298104,2026-07-22 04:34:04.958457,2026-07-22 04:37:54.445087,0 days 00:03:49.486630,20,1.7,77.0,37.0,5,0.2,0.001,18,2.3,7,0.0,-120.01179416212294,-96.05472441062362,-59.13716928722369,23.237507971298104,0.0,-35.180099535724395,376.0,COMPLETE
129,20.81610111885183,2026-07-22 04:34:12.164621,2026-07-22 04:38:01.842989,0 days 00:03:49.678368,35,1.7,68.0,37.0,5,0.0,0.001,13,2.2,8,0.0,-72.90289190439852,-77.62229452360536,-34.12915293980442,20.81610111885183,0.0,-38.848555559011245,324.0,COMPLETE
130,21.823390720673473,2026-07-22 04:36:06.257396,2026-07-22 04:39:46.961824,0 days 00:03:40.704428,24,1.7,77.0,37.0,5,0.0,0.001,13,2.3,7,0.0,-52.32142697775406,-54.16845971981907,-34.134600464115444,21.823390720673473,0.0,-35.981633206180454,323.0,COMPLETE
131,22.992012356937853,2026-07-22 04:36:29.374700,2026-07-22 04:40:14.590836,0 days 00:03:45.216136,24,1.5,77.0,37.0,5,0.0,0.001,13,2.3,8,0.0,-80.31621790352632,-81.52516891070276,-39.14705882837225,22.992012356937853,0.0,-40.356009835548704,355.0,COMPLETE
132,22.94296680337508,2026-07-22 04:36:56.272093,2026-07-22 04:40:44.745454,0 days 00:03:48.473361,24,1.5,77.0,37.0,5,0.0,0.001,22,2.3,8,0.0,-80.31621790352632,-81.52008108129745,-40.47601244724034,22.94296680337508,0.0,-41.67987562501149,355.0,COMPLETE
133,23.25477422598756,2026-07-22 04:37:03.031579,2026-07-22 04:40:54.714028,0 days 00:03:51.682449,23,1.5,77.0,37.0,5,0.0,0.001,24,2.5,8,0.0,-79.22479710644662,-80.34300277998551,-40.32198274373525,23.25477422598756,0.0,-41.44018841727416,358.0,COMPLETE
134,22.94296680337508,2026-07-22 04:37:16.434967,2026-07-22 04:41:07.572095,0 days 00:03:51.137128,24,1.5,77.0,37.0,5,0.0,0.001,22,2.5,8,0.0,-80.31621790352632,-81.52008108129745,-40.47601244724034,22.94296680337508,0.0,-41.67987562501149,355.0,COMPLETE
135,25.16948066612009,2026-07-22 04:37:18.106695,2026-07-22 04:41:13.712279,0 days 00:03:55.605584,35,1.5,72.0,37.0,7,0.6000000000000001,0.001,22,2.5,8,0.0,-124.87964018454024,-116.82084991749137,-39.25301254196391,25.16948066612009,0.0,-31.194222274915084,401.0,COMPLETE
136,21.022424836972093,2026-07-22 04:37:18.867311,2026-07-22 04:41:07.609298,0 days 00:03:48.741987,24,1.8,72.0,37.0,5,0.2,0.001,22,2.5,8,0.0,-113.80824166682685,-87.03347271689881,-59.42872456166902,21.022424836972093,0.0,-32.65395561174097,344.0,COMPLETE
137,25.554827568166104,2026-07-22 04:37:36.087238,2026-07-22 04:41:30.394023,0 days 00:03:54.306785,32,1.5,72.0,37.0,7,0.6000000000000001,0.001,22,2.5,8,0.0,-125.09382836765515,-117.83045752824715,-29.98895504310075,25.554827568166104,0.0,-22.725584203692733,402.0,COMPLETE
138,25.96871750404608,2026-07-22 04:37:54.500346,2026-07-22 04:41:47.100692,0 days 00:03:52.600346,24,1.5,72.0,36.0,7,0.8,0.001,22,2.5,8,0.0,-100.59110169839647,-91.31310104745886,-44.48689528142886,25.96871750404608,0.0,-35.20889463049124,400.0,COMPLETE
139,27.073132702978825,2026-07-22 04:38:01.900123,2026-07-22 04:41:55.293104,0 days 00:03:53.392981,24,1.5,72.0,36.0,7,0.6000000000000001,0.001,22,2.5,8,0.0,-103.62260317992721,-81.20646081329635,-48.814869674261345,27.073132702978825,0.0,-26.398727307630423,411.0,COMPLETE
140,27.010226259475495,2026-07-22 04:39:47.019222,2026-07-22 04:43:36.988897,0 days 00:03:49.969675,37,1.5,70.0,40.0,7,0.4,0.001,22,2.5,6,0.0,-153.77287813108066,-117.41276835683097,-53.65603776242479,27.010226259475495,0.0,-17.29592798817512,432.0,COMPLETE
141,26.768941847008506,2026-07-22 04:40:14.652991,2026-07-22 04:44:05.955274,0 days 00:03:51.302283,37,1.5,72.0,40.0,7,0.4,0.001,22,2.5,6,0.0,-145.98688517006494,-112.69402617956071,-50.588786978679295,26.768941847008506,0.0,-17.29592798817512,425.0,COMPLETE
142,26.995283367486824,2026-07-22 04:40:44.799466,2026-07-22 04:44:42.816984,0 days 00:03:58.017518,37,1.5,67.0,40.0,7,0.4,0.001,22,2.5,6,0.0,-161.54898345308504,-119.59865636218603,-55.35523853427594,26.995283367486824,0.0,-13.404911443376935,434.0,COMPLETE
143,26.3607143610306,2026-07-22 04:40:54.765733,2026-07-22 04:44:50.632141,0 days 00:03:55.866408,32,1.5,72.0,40.0,7,0.4,0.001,22,2.5,6,0.0,-144.57238845917993,-111.09693885990265,-52.59470150631733,26.3607143610306,0.0,-19.119251907039974,420.0,COMPLETE
144,27.218011048514317,2026-07-22 04:41:07.652244,2026-07-22 04:45:05.718343,0 days 00:03:58.066099,37,1.5,70.0,40.0,7,0.4,0.001,20,2.5,6,0.0,-152.7179083602862,-117.40034581089667,-52.48041560350981,27.218011048514317,0.0,-17.162853054120287,434.0,COMPLETE
145,27.218011048514317,2026-07-22 04:41:07.665661,2026-07-22 04:45:05.962931,0 days 00:03:58.297270,37,1.5,70.0,40.0,7,0.4,0.001,20,2.5,6,0.0,-152.7179083602862,-117.40034581089667,-52.48041560350981,27.218011048514317,0.0,-17.162853054120287,434.0,COMPLETE
146,27.203020387793487,2026-07-22 04:41:13.767632,2026-07-22 04:45:13.911911,0 days 00:04:00.144279,37,1.5,67.0,40.0,7,0.4,0.001,20,2.5,6,0.0,-160.49401368229059,-119.58623381625173,-54.179616375360965,27.203020387793487,0.0,-13.2718365093221,436.0,COMPLETE
147,28.6454267673059,2026-07-22 04:41:30.512072,2026-07-22 04:45:28.664728,0 days 00:03:58.152656,20,1.5,67.0,40.0,7,0.4,0.001,20,2.5,6,0.0,-123.64616683030086,-86.11419410646138,-60.453562214227496,28.6454267673059,0.0,-22.921589490387948,439.0,COMPLETE
148,25.468505590404877,2026-07-22 04:41:47.159103,2026-07-22 04:45:46.126148,0 days 00:03:58.967045,37,1.6,67.0,40.0,7,0.4,0.001,20,2.4,6,0.0,-138.36983744072387,-118.82357008661874,-49.5976147386618,25.468505590404877,0.0,-30.051347384556685,411.0,COMPLETE
149,26.24904599808349,2026-07-22 04:41:55.361277,2026-07-22 04:45:50.237882,0 days 00:03:54.876605,21,1.6,70.0,39.0,7,0.4,0.001,20,2.6,6,0.0,-127.78419746158343,-91.07722137276438,-66.88901130081872,26.24904599808349,0.0,-30.18203521199975,415.0,COMPLETE
150,25.258939973900304,2026-07-22 04:43:37.042843,2026-07-22 04:47:26.469247,0 days 00:03:49.426404,37,1.6,70.0,40.0,7,0.4,0.001,24,2.4,6,0.0,-133.02619412329582,-116.86663657149447,-47.00720581375021,25.258939973900304,0.0,-30.84764826194884,406.0,COMPLETE
151,27.218011048514317,2026-07-22 04:44:06.020356,2026-07-22 04:47:58.151810,0 days 00:03:52.131454,37,1.5,70.0,40.0,7,0.4,0.001,20,2.6,6,0.0,-152.7179083602862,-117.40034581089667,-52.48041560350981,27.218011048514317,0.0,-17.162853054120287,434.0,COMPLETE
152,27.218011048514317,2026-07-22 04:44:42.874776,2026-07-22 04:48:39.630196,0 days 00:03:56.755420,37,1.5,70.0,40.0,7,0.4,0.001,20,2.6,6,0.0,-152.7179083602862,-117.40034581089667,-52.48041560350981,27.218011048514317,0.0,-17.162853054120287,434.0,COMPLETE
153,27.218011048514317,2026-07-22 04:44:50.682812,2026-07-22 04:48:51.085887,0 days 00:04:00.403075,37,1.5,70.0,40.0,7,0.4,0.001,20,2.6,6,0.0,-152.7179083602862,-117.40034581089667,-52.48041560350981,27.218011048514317,0.0,-17.162853054120287,434.0,COMPLETE
154,27.135980973425195,2026-07-22 04:45:05.819384,2026-07-22 04:49:04.857657,0 days 00:03:59.038273,37,1.5,70.0,36.0,7,0.4,0.001,20,2.6,6,0.0,-151.369640264846,-117.67237862116674,-52.35499087848147,27.135980973425195,0.0,-18.65772923480222,433.0,COMPLETE
155,27.135980973425195,2026-07-22 04:45:06.169541,2026-07-22 04:49:05.361020,0 days 00:03:59.191479,37,1.5,70.0,36.0,7,0.4,0.001,20,2.6,6,0.0,-151.369640264846,-117.67237862116674,-52.35499087848147,27.135980973425195,0.0,-18.65772923480222,433.0,COMPLETE
156,26.158373367414118,2026-07-22 04:45:13.977487,2026-07-22 04:49:11.302989,0 days 00:03:57.325502,36,1.5,67.0,40.0,7,0.6000000000000001,0.001,20,2.6,6,0.0,-141.80136727588263,-117.11126145735467,-49.77594638778809,26.158373367414118,0.0,-25.0858405692601,419.0,COMPLETE
157,12.716063757847657,2026-07-22 04:45:28.734344,2026-07-22 04:49:07.383386,0 days 00:03:38.649042,37,1.5,67.0,40.0,7,0.4,0.007,21,2.6,6,0.0,-33.57636257335779,-47.35087121514964,-20.30416056633363,12.716063757847657,0.0,-34.07866920812547,200.0,COMPLETE
158,26.777671439003093,2026-07-22 04:45:46.188653,2026-07-22 04:49:44.034530,0 days 00:03:57.845877,37,1.5,67.0,34.0,7,0.4,0.001,21,2.6,6,0.0,-149.17568318986915,-114.64892447455132,-49.4383883215783,26.777671439003093,0.0,-14.91162960626044,426.0,COMPLETE
159,26.994821870912894,2026-07-22 04:45:50.300935,2026-07-22 04:49:50.705415,0 days 00:04:00.404480,37,1.5,67.0,40.0,7,0.4,0.001,21,2.6,6,0.0,-161.54898345308504,-119.61049834438762,-55.35523853427594,26.994821870912894,0.0,-13.416753425578506,434.0,COMPLETE
160,26.994821870912894,2026-07-22 04:47:26.531109,2026-07-22 04:51:19.760798,0 days 00:03:53.229689,37,1.5,67.0,40.0,7,0.4,0.001,21,2.6,6,0.0,-161.54898345308504,-119.61049834438762,-55.35523853427594,26.994821870912894,0.0,-13.416753425578506,434.0,COMPLETE
161,26.994821870912894,2026-07-22 04:47:58.214725,2026-07-22 04:51:53.648646,0 days 00:03:55.433921,37,1.5,67.0,40.0,7,0.4,0.001,21,2.6,6,0.0,-161.54898345308504,-119.61049834438762,-55.35523853427594,26.994821870912894,0.0,-13.416753425578506,434.0,COMPLETE
162,14.170611443412241,2026-07-22 04:48:39.696658,2026-07-22 04:52:20.868782,0 days 00:03:41.172124,37,1.5,67.0,34.0,7,0.4,0.006,21,2.6,6,0.0,-38.78941399526674,-49.92230645490483,-22.83061245718675,14.170611443412241,0.0,-33.96350491682478,221.0,COMPLETE
163,27.324879711450162,2026-07-22 04:48:51.156811,2026-07-22 04:52:49.134400,0 days 00:03:57.977589,37,1.5,67.0,40.0,7,0.4,0.001,21,2.6,5,0.0,-161.52500766429256,-120.47643078698297,-52.08805657303048,27.324879711450162,0.0,-11.039479695720852,437.0,COMPLETE
164,14.446361927714397,2026-07-22 04:49:04.920129,2026-07-22 04:52:46.352127,0 days 00:03:41.431998,37,1.5,70.0,40.0,7,0.4,0.006,21,2.6,5,0.0,-39.19479618582981,-49.58128398396475,-19.103913951647193,14.446361927714397,0.0,-29.490401749782084,223.0,COMPLETE
165,27.242800466122226,2026-07-22 04:49:05.440830,2026-07-22 04:53:04.392862,0 days 00:03:58.952032,37,1.5,67.0,36.0,7,0.4,0.001,21,2.6,5,0.0,-160.17673956885233,-120.74846359725305,-51.962631848002154,27.242800466122226,0.0,-12.534355876402799,436.0,COMPLETE
166,27.07718205328895,2026-07-22 04:49:07.433559,2026-07-22 04:53:03.811692,0 days 00:03:56.378133,36,1.5,70.0,34.0,7,0.4,0.001,20,2.6,5,0.0,-142.75692104982303,-110.58830552357473,-50.584951647758935,27.07718205328895,0.0,-18.41633612151056,428.0,COMPLETE
167,27.257718133619225,2026-07-22 04:49:11.382841,2026-07-22 04:53:08.482803,0 days 00:03:57.099962,37,1.5,70.0,36.0,7,0.4,0.001,21,2.6,5,0.0,-152.400634246848,-118.56257559189798,-50.26343107615099,27.257718133619225,0.0,-16.425372421200976,434.0,COMPLETE
168,26.91690186609656,2026-07-22 04:49:44.099020,2026-07-22 04:53:39.150451,0 days 00:03:55.051431,36,1.5,70.0,36.0,8,0.4,0.001,21,2.6,5,0.0,-140.0990123742394,-111.5418386895589,-46.15318026705519,26.91690186609656,0.0,-17.596006582374702,424.0,COMPLETE
169,27.20575655023814,2026-07-22 04:49:50.764333,2026-07-22 04:53:48.734758,0 days 00:03:57.970425,36,1.5,70.0,40.0,8,0.4,0.001,20,2.6,5,0.0,-146.28539624578264,-115.46875400773284,-46.74006554401072,27.20575655023814,0.0,-15.923423305960853,430.0,COMPLETE
170,28.089425597939783,2026-07-22 04:51:19.814475,2026-07-22 04:55:04.591766,0 days 00:03:44.777291,13,1.5,70.0,40.0,8,0.4,0.001,20,2.6,5,0.0,-104.02682491646036,-75.00350632951479,-38.22622432986015,28.089425597939783,0.0,-9.20290574291467,418.0,COMPLETE
171,26.52620317902705,2026-07-22 04:51:53.703044,2026-07-22 04:55:47.584916,0 days 00:03:53.881872,36,1.5,66.0,40.0,7,0.4,0.001,20,2.6,5,0.0,-176.65885580731617,-122.65609539940979,-69.0948647757782,26.52620317902705,0.0,-15.092104367871801,437.0,COMPLETE
172,26.75389433849411,2026-07-22 04:52:20.940015,2026-07-22 04:56:17.469504,0 days 00:03:56.529489,36,1.5,66.0,39.0,8,0.30000000000000004,0.001,20,2.6,5,0.0,-170.90861642316816,-130.22376931909344,-56.64926373424396,26.75389433849411,0.0,-15.964416630169186,437.0,COMPLETE
173,26.75389433849411,2026-07-22 04:52:46.408064,2026-07-22 04:56:45.671730,0 days 00:03:59.263666,36,1.5,66.0,39.0,8,0.30000000000000004,0.001,20,2.6,5,0.0,-170.90861642316816,-130.22376931909344,-56.64926373424396,26.75389433849411,0.0,-15.964416630169186,437.0,COMPLETE
174,28.870677324365435,2026-07-22 04:52:49.187645,2026-07-22 04:56:42.201887,0 days 00:03:53.014242,13,1.5,66.0,39.0,8,0.30000000000000004,0.001,20,2.6,5,0.0,-102.67371443358067,-74.89285460378981,-28.9258270664204,28.870677324365435,0.0,-1.1449672366295673,425.0,COMPLETE
175,26.756529271070487,2026-07-22 04:53:03.874470,2026-07-22 04:57:00.261359,0 days 00:03:56.386889,36,1.5,70.0,39.0,8,0.30000000000000004,0.001,20,2.7,5,0.0,-156.96625503750903,-125.21518352957185,-45.736371551644396,26.756529271070487,0.0,-13.985300043707163,429.0,COMPLETE
176,26.385731696502003,2026-07-22 04:53:04.456373,2026-07-22 04:57:02.536443,0 days 00:03:58.080070,36,1.5,66.0,33.0,8,0.30000000000000004,0.001,20,2.7,5,0.0,-157.5226641762738,-117.5403394430607,-56.345579184293356,26.385731696502003,0.0,-16.363254451080216,426.0,COMPLETE
177,28.810804038636558,2026-07-22 04:53:08.539042,2026-07-22 04:56:59.689120,0 days 00:03:51.150078,13,1.5,66.0,33.0,8,0.30000000000000004,0.001,19,2.7,5,0.0,-89.90857681778375,-69.5689206802975,-29.083970307695452,28.810804038636558,0.0,-8.744314170209236,421.0,COMPLETE
178,24.811391564884126,2026-07-22 04:53:39.207064,2026-07-22 04:57:36.102739,0 days 00:03:56.895675,35,1.6,66.0,33.0,8,0.30000000000000004,0.001,19,2.7,5,0.0,-137.21016319699356,-118.01755541150149,-39.51635489153821,24.811391564884126,0.0,-20.323747106046053,398.0,COMPLETE
179,27.048881163584916,2026-07-22 04:53:48.796110,2026-07-22 04:57:41.379552,0 days 00:03:52.583442,12,1.6,66.0,39.0,8,0.30000000000000004,0.001,19,2.6,5,0.0,-81.68421159835289,-64.46598242039262,-21.69518955211451,27.048881163584916,0.0,-4.476960374154191,393.0,COMPLETE
180,26.673870536661276,2026-07-22 04:55:04.649672,2026-07-22 04:58:47.281048,0 days 00:03:42.631376,10,1.5,69.0,33.0,8,0.30000000000000004,0.001,19,2.7,5,0.0,-77.0516411102642,-69.18539374964595,-27.458085163229278,26.673870536661276,0.0,-19.591837802611064,390.0,COMPLETE
181,25.964277246064803,2026-07-22 04:55:47.637357,2026-07-22 04:59:32.055807,0 days 00:03:44.418450,11,1.6,69.0,33.0,8,0.30000000000000004,0.001,19,2.7,5,0.0,-62.62090211463788,-57.21052021140085,-23.99437522149197,25.964277246064803,0.0,-18.583993318254947,373.0,COMPLETE
182,25.04397978043078,2026-07-22 04:56:17.523956,2026-07-22 05:00:03.313192,0 days 00:03:45.789236,11,1.6,69.0,33.0,9,0.30000000000000004,0.001,19,2.7,5,0.0,-65.94428495907454,-57.264371315413776,-28.403159033720087,25.04397978043078,0.0,-19.723245390059333,364.0,COMPLETE
183,26.38651007143727,2026-07-22 04:56:42.262370,2026-07-22 05:00:36.642159,0 days 00:03:54.379789,15,1.6,69.0,39.0,9,0.30000000000000004,0.001,19,2.7,5,0.0,-105.60555248379107,-74.41595289890623,-48.06978119020113,26.38651007143727,0.0,-16.88018160531628,399.0,COMPLETE
184,25.088481061784034,2026-07-22 04:56:45.745379,2026-07-22 05:00:37.893287,0 days 00:03:52.147908,13,1.6,69.0,39.0,9,0.2,0.001,19,2.7,5,0.0,-99.05060212915785,-76.35758780613256,-38.98362263502753,25.088481061784034,0.0,-16.29060831200229,380.0,COMPLETE
185,25.76639246759927,2026-07-22 04:56:59.756188,2026-07-22 05:00:49.545126,0 days 00:03:49.788938,15,1.6,69.0,33.0,9,0.30000000000000004,0.001,19,2.7,5,0.0,-85.69690251554447,-67.31328894831107,-45.07060240462594,25.76639246759927,0.0,-26.686988837392587,386.0,COMPLETE
186,25.88721815558527,2026-07-22 04:57:00.327963,2026-07-22 05:00:50.871411,0 days 00:03:50.543448,12,1.6,69.0,39.0,9,0.2,0.001,19,2.7,5,0.0,-86.7582716718179,-67.69728685679215,-32.359845055650254,25.88721815558527,0.0,-13.298860240624538,382.0,COMPLETE
187,25.862012419947572,2026-07-22 04:57:02.599360,2026-07-22 05:00:56.570217,0 days 00:03:53.970857,13,1.6,69.0,39.0,8,0.2,0.001,19,2.7,5,0.0,-100.66665905820655,-80.56763048244119,-34.379907620606204,25.862012419947572,0.0,-14.280879044840871,389.0,COMPLETE
188,25.83303088316996,2026-07-22 04:57:36.169419,2026-07-22 05:01:25.155968,0 days 00:03:48.986549,12,1.6,69.0,39.0,9,0.30000000000000004,0.001,19,2.7,5,0.0,-86.15347820968468,-67.09249339465896,-32.359845055650254,25.83303088316996,0.0,-13.298860240624538,381.0,COMPLETE
189,25.88721815558527,2026-07-22 04:57:41.444318,2026-07-22 05:01:30.307607,0 days 00:03:48.863289,12,1.6,69.0,39.0,9,0.2,0.001,19,2.7,5,0.0,-86.7582716718179,-67.69728685679215,-32.359845055650254,25.88721815558527,0.0,-13.298860240624538,382.0,COMPLETE
190,26.54789867769111,2026-07-22 04:58:47.340820,2026-07-22 05:02:30.286442,0 days 00:03:42.945622,13,1.5,69.0,32.0,9,0.2,0.001,19,2.7,5,0.0,-105.9551279897916,-82.93837410385686,-44.45646234488423,26.54789867769111,0.0,-21.439708458949504,404.0,COMPLETE
191,27.444037295319767,2026-07-22 04:59:32.123237,2026-07-22 05:03:19.289120,0 days 00:03:47.165883,14,1.5,69.0,39.0,9,0.2,0.001,19,2.6,5,0.0,-108.16982907039963,-80.15935862311584,-40.71827357536269,27.444037295319767,0.0,-12.707803128078977,412.0,COMPLETE
192,26.896066248433943,2026-07-22 05:00:03.375228,2026-07-22 05:03:55.664919,0 days 00:03:52.289691,14,1.5,70.0,39.0,9,0.2,0.001,20,2.6,5,0.0,-103.69061613642731,-80.36643071814638,-37.368586954465044,26.896066248433943,0.0,-14.044401536184175,404.0,COMPLETE
193,28.409237759164146,2026-07-22 05:00:36.700221,2026-07-22 05:04:30.685964,0 days 00:03:53.985743,12,1.5,70.0,32.0,6,0.2,0.001,20,2.6,5,0.0,-105.44336730732681,-71.68377505464001,-39.54862292404239,28.409237759164146,0.0,-5.789030671355682,423.0,COMPLETE
194,28.639948007942483,2026-07-22 05:00:37.948675,2026-07-22 05:04:30.296062,0 days 00:03:52.347387,13,1.5,70.0,32.0,6,0.5,0.001,20,2.6,5,0.0,-106.27683272504008,-75.68002794910015,-38.14811280301748,28.639948007942483,0.0,-7.551308027077573,427.0,COMPLETE
195,28.607671151564563,2026-07-22 05:00:49.605980,2026-07-22 05:04:43.192499,0 days 00:03:53.586519,13,1.5,70.0,40.0,6,0.5,0.001,20,1.6,5,0.0,-105.95749296157511,-77.49632703572071,-38.329892098230374,28.607671151564563,0.0,-9.868726172375961,427.0,COMPLETE
196,28.639948007942483,2026-07-22 05:00:50.929790,2026-07-22 05:04:44.338563,0 days 00:03:53.408773,13,1.5,70.0,32.0,6,0.5,0.001,20,2.6,5,0.0,-106.27683272504008,-75.68002794910015,-38.14811280301748,28.639948007942483,0.0,-7.551308027077573,427.0,COMPLETE
197,27.38074681132065,2026-07-22 05:00:56.634777,2026-07-22 05:04:55.166027,0 days 00:03:58.531250,38,1.5,70.0,40.0,6,0.5,0.001,20,1.6,5,0.0,-136.34943170640824,-115.55413574156198,-31.930033965907985,27.38074681132065,0.0,-11.134738001061644,425.0,COMPLETE
198,25.495048921067227,2026-07-22 05:01:25.204752,2026-07-22 05:05:14.615163,0 days 00:03:49.410411,13,1.5,70.0,32.0,6,0.5,0.002,20,2.6,6,0.0,-89.6192429275014,-75.95118390634886,-27.627590636546966,25.495048921067227,0.0,-13.95953161539448,383.0,COMPLETE
199,24.43722502868489,2026-07-22 05:01:30.366930,2026-07-22 05:05:26.725480,0 days 00:03:56.358550,38,1.5,70.0,40.0,6,0.5,0.001,38,2.6,6,0.0,-145.28262296442895,-119.55832871039716,-34.74979841551522,24.43722502868489,0.0,-9.025504161483402,392.0,COMPLETE
200,22.440277822397043,2026-07-22 05:02:30.339058,2026-07-22 05:06:17.747158,0 days 00:03:47.408100,38,1.5,70.0,32.0,6,0.5,0.001,20,2.6,20,0.0,-136.42776883117432,-110.81832402131738,-32.61760514274053,22.440277822397043,0.0,-7.008160332883552,362.0,COMPLETE
201,27.08849044656302,2026-07-22 05:03:19.346599,2026-07-22 05:07:15.239580,0 days 00:03:55.892981,38,1.5,70.0,40.0,6,0.5,0.001,20,2.6,6,0.0,-137.97847447518222,-114.68820329896663,-36.26690916337129,27.08849044656302,0.0,-12.976637987155643,423.0,COMPLETE
202,27.08849044656302,2026-07-22 05:03:55.729050,2026-07-22 05:07:52.140509,0 days 00:03:56.411459,38,1.5,70.0,40.0,6,0.5,0.001,20,2.6,6,0.0,-137.97847447518222,-114.68820329896663,-36.26690916337129,27.08849044656302,0.0,-12.976637987155643,423.0,COMPLETE
203,28.4800856169334,2026-07-22 05:04:30.351547,2026-07-22 05:08:22.806042,0 days 00:03:52.454495,13,1.5,71.0,32.0,6,0.5,0.001,21,2.6,5,0.0,-106.97836325745385,-76.42450217457338,-45.066971089796915,28.4800856169334,0.0,-14.513110006916508,426.0,COMPLETE
204,20.192064452073584,2026-07-22 05:04:30.741281,2026-07-22 05:08:17.868765,0 days 00:03:47.127484,14,1.5,71.0,32.0,11,0.5,0.001,37,2.6,5,0.0,-67.28141777363842,-57.34024826964821,-18.501579231274235,20.192064452073584,0.0,-8.560409727284005,299.0,COMPLETE
205,28.4800856169334,2026-07-22 05:04:43.244608,2026-07-22 05:08:36.124701,0 days 00:03:52.880093,13,1.5,71.0,32.0,6,0.5,0.001,21,2.8,5,0.0,-106.97836325745385,-76.42450217457338,-45.066971089796915,28.4800856169334,0.0,-14.513110006916508,426.0,COMPLETE
206,25.854828568107145,2026-07-22 05:04:44.397548,2026-07-22 05:08:35.277911,0 days 00:03:50.880363,13,1.5,71.0,32.0,6,0.5,0.002,21,2.8,5,0.0,-89.58042466829865,-77.81583406473678,-28.218450640203564,25.854828568107145,0.0,-16.453860036641746,387.0,COMPLETE
207,23.33179784014755,2026-07-22 05:04:55.223082,2026-07-22 05:08:44.934796,0 days 00:03:49.711714,13,1.5,71.0,32.0,6,0.5,0.002,38,1.6,5,0.0,-91.26735105436724,-77.13690917283762,-21.588986284303076,23.33179784014755,0.0,-7.458544402773546,351.0,COMPLETE
208,28.02042922391522,2026-07-22 05:05:14.664794,2026-07-22 05:09:05.795059,0 days 00:03:51.130265,13,1.5,71.0,30.0,6,0.5,0.001,21,1.6,5,0.0,-105.5784172185987,-72.1719454559294,-48.08746084193849,28.02042922391522,0.0,-14.680989079269198,419.0,COMPLETE
209,28.375621022480967,2026-07-22 05:05:26.789063,2026-07-22 05:09:19.544287,0 days 00:03:52.755224,14,1.5,71.0,32.0,6,0.5,0.001,21,1.5,5,0.0,-94.5113825780347,-71.80630924362515,-34.45313828975015,28.375621022480967,0.0,-11.748064955340624,418.0,COMPLETE
210,28.375621022480967,2026-07-22 05:06:17.796037,2026-07-22 05:10:04.514374,0 days 00:03:46.718337,14,1.5,71.0,32.0,6,0.5,0.001,21,2.0,5,0.0,-94.5113825780347,-71.80630924362515,-34.45313828975015,28.375621022480967,0.0,-11.748064955340624,418.0,COMPLETE
211,28.02042922391522,2026-07-22 05:07:15.289906,2026-07-22 05:11:01.705676,0 days 00:03:46.415770,13,1.5,71.0,30.0,6,0.5,0.001,21,2.0,5,0.0,-105.5784172185987,-72.1719454559294,-48.08746084193849,28.02042922391522,0.0,-14.680989079269198,419.0,COMPLETE
212,28.375621022480967,2026-07-22 05:07:52.202931,2026-07-22 05:11:43.731345,0 days 00:03:51.528414,14,1.5,71.0,32.0,6,0.5,0.001,21,1.7,5,0.0,-94.5113825780347,-71.80630924362515,-34.45313828975015,28.375621022480967,0.0,-11.748064955340624,418.0,COMPLETE
213,20.113588100319102,2026-07-22 05:08:17.931424,2026-07-22 05:12:07.484387,0 days 00:03:49.552963,13,1.5,71.0,40.0,6,1.7000000000000002,0.001,21,1.9,5,0.0,-40.23030665722744,-49.8125187693678,-14.158737519214087,20.113588100319102,0.0,-23.740949631354493,293.0,COMPLETE
214,28.02042922391522,2026-07-22 05:08:22.873989,2026-07-22 05:12:16.126410,0 days 00:03:53.252421,13,1.5,71.0,30.0,6,0.5,0.001,21,1.6,5,0.0,-105.5784172185987,-72.1719454559294,-48.08746084193849,28.02042922391522,0.0,-14.680989079269198,419.0,COMPLETE
215,21.509132907209082,2026-07-22 05:08:35.333933,2026-07-22 05:12:24.108745,0 days 00:03:48.774812,13,1.5,71.0,30.0,6,1.5,0.001,21,1.6,5,0.0,-41.08686972872353,-58.048149058536495,-6.183183601900938,21.509132907209082,0.0,-23.14446293171395,310.0,COMPLETE
216,28.406688905227153,2026-07-22 05:08:36.183336,2026-07-22 05:12:29.133496,0 days 00:03:52.950160,13,1.5,71.0,31.0,6,0.5,0.001,21,1.8,5,0.0,-106.70451933313907,-75.95855971664767,-45.42694869576055,28.406688905227153,0.0,-14.680989079269198,425.0,COMPLETE
217,28.375621022480967,2026-07-22 05:08:44.987010,2026-07-22 05:12:38.012959,0 days 00:03:53.025949,14,1.5,71.0,32.0,6,0.5,0.001,21,1.6,5,0.0,-94.5113825780347,-71.80630924362515,-34.45313828975015,28.375621022480967,0.0,-11.748064955340624,418.0,COMPLETE
218,17.396396069150157,2026-07-22 05:09:05.843462,2026-07-22 05:12:50.305077,0 days 00:03:44.461615,14,1.5,71.0,31.0,6,0.5,0.005,21,1.7,5,0.0,-28.121612075762528,-35.75301017897832,-29.28350988756284,17.396396069150157,0.0,-36.914907990778566,258.0,COMPLETE
219,28.32179191616329,2026-07-22 05:09:19.598668,2026-07-22 05:13:13.432539,0 days 00:03:53.833871,14,1.5,71.0,31.0,6,0.5,0.001,21,1.6,5,0.0,-93.43471393582112,-71.34036678569944,-34.258065842153975,28.32179191616329,0.0,-12.163718692032315,417.0,COMPLETE
220,17.396396069150157,2026-07-22 05:10:04.564589,2026-07-22 05:13:39.799820,0 days 00:03:35.235231,14,1.5,71.0,31.0,6,0.5,0.005,21,1.6,5,0.0,-28.121612075762528,-35.75301017897832,-29.28350988756284,17.396396069150157,0.0,-36.914907990778566,258.0,COMPLETE
221,28.32179191616329,2026-07-22 05:11:01.765133,2026-07-22 05:14:49.907311,0 days 00:03:48.142178,14,1.5,71.0,31.0,6,0.5,0.001,21,1.6,5,0.0,-93.43471393582112,-71.34036678569944,-34.258065842153975,28.32179191616329,0.0,-12.163718692032315,417.0,COMPLETE
222,21.549876002768656,2026-07-22 05:11:43.797802,2026-07-22 05:15:31.693274,0 days 00:03:47.895472,15,1.5,71.0,30.0,6,1.5,0.001,21,1.6,5,0.0,-51.95083607561173,-51.48486920927912,-27.91284053824028,21.549876002768656,0.0,-27.446873671907714,317.0,COMPLETE
223,28.11630552318447,2026-07-22 05:12:07.542910,2026-07-22 05:16:03.877929,0 days 00:03:56.335019,14,1.5,71.0,30.0,6,0.6000000000000001,0.001,21,1.6,5,0.0,-94.78862483580414,-65.2392251402141,-43.04664039095567,28.11630552318447,0.0,-13.497240695365688,414.0,COMPLETE
224,28.11630552318447,2026-07-22 05:12:16.188005,2026-07-22 05:16:11.107945,0 days 00:03:54.919940,14,1.5,71.0,30.0,6,0.6000000000000001,0.001,21,1.6,5,0.0,-94.78862483580414,-65.2392251402141,-43.04664039095567,28.11630552318447,0.0,-13.497240695365688,414.0,COMPLETE
225,28.11630552318447,2026-07-22 05:12:24.167581,2026-07-22 05:16:17.346578,0 days 00:03:53.178997,14,1.5,71.0,30.0,6,0.6000000000000001,0.001,21,1.6,5,0.0,-94.78862483580414,-65.2392251402141,-43.04664039095567,28.11630552318447,0.0,-13.497240695365688,414.0,COMPLETE
226,28.11630552318447,2026-07-22 05:12:29.187836,2026-07-22 05:16:22.142996,0 days 00:03:52.955160,14,1.5,71.0,30.0,6,0.6000000000000001,0.001,21,1.8,5,0.0,-94.78862483580414,-65.2392251402141,-43.04664039095567,28.11630552318447,0.0,-13.497240695365688,414.0,COMPLETE
227,27.837934973593136,2026-07-22 05:12:38.103004,2026-07-22 05:16:32.973665,0 days 00:03:54.870661,14,1.5,71.0,30.0,6,0.6000000000000001,0.001,22,1.7,5,0.0,-94.77135162082169,-65.96419265703565,-45.56643759327196,27.837934973593136,0.0,-16.75927862948593,412.0,COMPLETE
228,27.837934973593136,2026-07-22 05:12:50.364891,2026-07-22 05:16:41.067983,0 days 00:03:50.703092,14,1.5,71.0,30.0,6,0.6000000000000001,0.001,22,1.5,5,0.0,-94.77135162082169,-65.96419265703565,-45.56643759327196,27.837934973593136,0.0,-16.75927862948593,412.0,COMPLETE
229,27.37023181446263,2026-07-22 05:13:13.486771,2026-07-22 05:17:05.972203,0 days 00:03:52.485432,14,1.5,72.0,30.0,6,0.6000000000000001,0.001,22,1.5,5,0.0,-93.81238069840794,-66.9618353106251,-46.48731780296292,27.37023181446263,0.0,-19.636772415180097,407.0,COMPLETE
230,25.735773358757367,2026-07-22 05:13:39.848765,2026-07-22 05:17:25.959734,0 days 00:03:46.110969,16,1.5,72.0,30.0,6,0.6000000000000001,0.001,22,1.5,5,0.0,-124.96458409001254,-83.82158035187199,-61.10652162936045,25.735773358757367,0.0,-19.963517891219848,403.0,COMPLETE
231,26.343821601934977,2026-07-22 05:14:49.956675,2026-07-22 05:18:36.860972,0 days 00:03:46.904297,15,1.5,72.0,29.0,6,0.6000000000000001,0.001,22,1.7,5,0.0,-126.88853654469379,-75.54648845745561,-68.4539146155275,26.343821601934977,0.0,-17.111866528289298,410.0,COMPLETE
232,26.589778932784533,2026-07-22 05:15:31.748284,2026-07-22 05:19:24.338032,0 days 00:03:52.589748,14,1.5,72.0,29.0,6,0.6000000000000001,0.001,22,1.5,5,0.0,-104.09247476330995,-67.72294921173781,-52.82298490443651,26.589778932784533,0.0,-16.453459352864353,401.0,COMPLETE
233,25.443737643417418,2026-07-22 05:16:03.938277,2026-07-22 05:19:57.895259,0 days 00:03:53.956982,16,1.5,72.0,29.0,6,0.6000000000000001,0.001,22,1.5,5,0.0,-129.34383245585147,-81.22214893239766,-64.88552725539617,25.443737643417418,0.0,-16.763843731942277,400.0,COMPLETE
234,25.443737643417418,2026-07-22 05:16:11.158642,2026-07-22 05:20:03.074471,0 days 00:03:51.915829,16,1.5,72.0,29.0,6,0.6000000000000001,0.001,22,1.5,5,0.0,-129.34383245585147,-81.22214893239766,-64.88552725539617,25.443737643417418,0.0,-16.763843731942277,400.0,COMPLETE
235,25.443737643417418,2026-07-22 05:16:17.397537,2026-07-22 05:20:08.676990,0 days 00:03:51.279453,16,1.5,72.0,29.0,6,0.6000000000000001,0.001,22,1.5,5,0.0,-129.34383245585147,-81.22214893239766,-64.88552725539617,25.443737643417418,0.0,-16.763843731942277,400.0,COMPLETE
236,26.139251319505753,2026-07-22 05:16:22.199728,2026-07-22 05:20:14.765316,0 days 00:03:52.565588,16,1.5,72.0,31.0,6,0.6000000000000001,0.001,22,1.5,5,0.0,-128.6600698567035,-88.88574319984471,-59.737844548078705,26.139251319505753,0.0,-19.963517891219848,410.0,COMPLETE
237,25.443737643417418,2026-07-22 05:16:33.030219,2026-07-22 05:20:25.120970,0 days 00:03:52.090751,16,1.5,72.0,29.0,6,0.6000000000000001,0.001,22,1.5,5,0.0,-129.34383245585147,-81.22214893239766,-64.88552725539617,25.443737643417418,0.0,-16.763843731942277,400.0,COMPLETE
238,25.443737643417418,2026-07-22 05:16:41.124687,2026-07-22 05:20:34.371254,0 days 00:03:53.246567,16,1.5,72.0,29.0,6,0.6000000000000001,0.001,22,1.5,5,0.0,-129.34383245585147,-81.22214893239766,-64.88552725539617,25.443737643417418,0.0,-16.763843731942277,400.0,COMPLETE
239,10.771792655342768,2026-07-22 05:17:06.030940,2026-07-22 05:20:45.155522,0 days 00:03:39.124582,16,1.5,72.0,29.0,6,0.6000000000000001,0.01,21,1.8,5,0.0,-18.523288720675808,-31.314395497280955,-16.868955640369187,10.771792655342768,0.0,-29.660062416974252,167.0,COMPLETE
240,26.972313656944042,2026-07-22 05:17:26.020784,2026-07-22 05:21:10.366800,0 days 00:03:44.346016,15,1.5,71.0,29.0,6,0.6000000000000001,0.001,21,1.8,5,0.0,-128.8869096839845,-74.91037287032435,-64.95562577493128,26.972313656944042,0.0,-10.979088961271152,416.0,COMPLETE
241,26.52728596741278,2026-07-22 05:18:36.911429,2026-07-22 05:22:29.083410,0 days 00:03:52.171981,16,1.5,71.0,31.0,6,0.6000000000000001,0.001,21,1.8,5,0.0,-130.83622367973283,-89.90694760076883,-56.669410757951745,26.52728596741278,0.0,-15.740134678987681,414.0,COMPLETE
242,26.773099787561513,2026-07-22 05:19:24.395112,2026-07-22 05:23:16.436106,0 days 00:03:52.040994,16,1.5,71.0,31.0,6,0.5,0.001,21,2.0,5,0.0,-136.5478141373285,-91.8933677576841,-60.39458105863206,26.773099787561513,0.0,-15.740134678987681,420.0,COMPLETE
243,10.3631987514527,2026-07-22 05:19:57.947597,2026-07-22 05:23:37.708507,0 days 00:03:39.760910,12,2.8,71.0,31.0,5,0.7000000000000001,0.001,21,1.8,5,0.0,-5.324898564747116,-18.178995934415017,-16.009951632687045,10.3631987514527,0.0,-28.864049002354886,156.0,COMPLETE
244,10.800178364142841,2026-07-22 05:20:03.130623,2026-07-22 05:23:42.768685,0 days 00:03:39.638062,12,1.5,71.0,31.0,5,0.7000000000000001,0.01,21,2.0,5,0.0,-13.888570192445137,-28.76028882214765,-14.78834378727181,10.800178364142841,0.0,-29.660062416974252,166.0,COMPLETE
245,28.156101651062055,2026-07-22 05:20:08.739795,2026-07-22 05:24:02.367705,0 days 00:03:53.627910,12,1.5,71.0,31.0,5,0.5,0.001,21,1.8,5,0.0,-115.19328262638717,-80.90833167271337,-42.99982549984412,28.156101651062055,0.0,-8.714874546170378,425.0,COMPLETE
246,11.128804257457587,2026-07-22 05:20:14.830570,2026-07-22 05:23:54.210997,0 days 00:03:39.380427,12,2.7,71.0,31.0,5,0.7000000000000001,0.001,21,1.8,5,0.0,-4.015085121433693,-14.920763929441538,-17.958370194347104,11.128804257457587,0.0,-28.864049002354886,165.0,COMPLETE
247,11.128804257457587,2026-07-22 05:20:25.183763,2026-07-22 05:24:04.927598,0 days 00:03:39.743835,12,2.7,71.0,31.0,5,0.7000000000000001,0.001,21,2.0,5,0.0,-4.015085121433693,-14.920763929441538,-17.958370194347104,11.128804257457587,0.0,-28.864049002354886,165.0,COMPLETE
248,22.21894331584757,2026-07-22 05:20:34.428481,2026-07-22 05:24:23.585258,0 days 00:03:49.156777,12,1.6,71.0,31.0,5,0.7000000000000001,0.001,21,1.8,18,0.0,-96.26958499746985,-70.97949424457164,-33.04422742323774,22.21894331584757,0.0,-7.754136670339536,340.0,COMPLETE
249,26.014709385330338,2026-07-22 05:20:45.204071,2026-07-22 05:24:34.763788,0 days 00:03:49.559717,12,1.6,71.0,31.0,5,0.7000000000000001,0.001,21,1.6,5,0.0,-96.2871985383129,-74.13838966358286,-34.82403843077202,26.014709385330338,0.0,-12.675229556042058,389.0,COMPLETE
250,28.798198886110878,2026-07-22 05:21:10.420806,2026-07-22 05:24:58.735262,0 days 00:03:48.314456,13,1.5,71.0,31.0,5,0.5,0.001,21,2.0,5,0.0,-126.07259339959654,-83.0609622640296,-51.80379182413162,28.798198886110878,0.0,-8.792160688564596,438.0,COMPLETE
251,28.798198886110878,2026-07-22 05:22:29.141310,2026-07-22 05:26:19.639421,0 days 00:03:50.498111,13,1.5,71.0,31.0,5,0.5,0.001,21,1.6,5,0.0,-126.07259339959654,-83.0609622640296,-51.80379182413162,28.798198886110878,0.0,-8.792160688564596,438.0,COMPLETE
252,26.303944430814337,2026-07-22 05:23:16.490928,2026-07-22 05:27:07.688076,0 days 00:03:51.197148,13,1.6,71.0,32.0,5,0.5,0.001,21,1.6,5,0.0,-104.2264223480715,-83.80663599277747,-32.15747264443141,26.303944430814337,0.0,-11.737686289137324,399.0,COMPLETE
253,26.303944430814337,2026-07-22 05:23:37.763176,2026-07-22 05:27:31.956642,0 days 00:03:54.193466,13,1.6,71.0,32.0,5,0.5,0.001,21,1.6,5,0.0,-104.2264223480715,-83.80663599277747,-32.15747264443141,26.303944430814337,0.0,-11.737686289137324,399.0,COMPLETE
254,26.303944430814337,2026-07-22 05:23:42.888975,2026-07-22 05:27:35.537953,0 days 00:03:52.648978,13,1.6,71.0,32.0,5,0.5,0.001,21,1.6,5,0.0,-104.2264223480715,-83.80663599277747,-32.15747264443141,26.303944430814337,0.0,-11.737686289137324,399.0,COMPLETE
255,26.454400335845293,2026-07-22 05:23:54.258618,2026-07-22 05:27:46.537812,0 days 00:03:52.279194,13,1.6,64.0,32.0,5,0.5,0.001,21,1.6,5,0.0,-104.84380691592348,-89.06799823441676,-25.171721390931456,26.454400335845293,0.0,-9.395912709424659,399.0,COMPLETE
256,26.303944430814337,2026-07-22 05:24:02.426804,2026-07-22 05:27:52.635477,0 days 00:03:50.208673,13,1.6,71.0,32.0,5,0.5,0.001,21,1.6,5,0.0,-104.2264223480715,-83.80663599277747,-32.15747264443141,26.303944430814337,0.0,-11.737686289137324,399.0,COMPLETE
257,26.506667358554786,2026-07-22 05:24:04.983302,2026-07-22 05:27:58.784243,0 days 00:03:53.800941,13,1.6,71.0,32.0,5,0.5,0.001,20,1.6,5,0.0,-103.3472897591184,-83.77830906467125,-29.649994075696178,26.506667358554786,0.0,-10.081013381248962,401.0,COMPLETE
258,28.664549811515574,2026-07-22 05:24:23.642612,2026-07-22 05:28:19.047311,0 days 00:03:55.404699,13,1.5,71.0,32.0,6,0.5,0.001,20,1.6,5,0.0,-106.89357898950888,-76.40023764643752,-42.8053632014498,28.664549811515574,0.0,-12.312021858378486,428.0,COMPLETE
259,28.710706758143026,2026-07-22 05:24:34.823170,2026-07-22 05:28:31.591977,0 days 00:03:56.768807,13,1.5,65.0,32.0,6,0.5,0.001,20,1.6,5,0.0,-126.7509781976485,-86.27903116828801,-48.54582878800865,28.710706758143026,0.0,-8.07388175864812,437.0,COMPLETE
260,28.92774938995207,2026-07-22 05:24:58.794211,2026-07-22 05:28:47.448316,0 days 00:03:48.654105,13,1.5,71.0,32.0,5,0.5,0.001,20,1.7,5,0.0,-122.99645378264528,-83.03669773589371,-46.54812960989662,28.92774938995207,0.0,-6.58837356314506,438.0,COMPLETE
261,28.92774938995207,2026-07-22 05:26:19.691684,2026-07-22 05:30:07.662596,0 days 00:03:47.970912,13,1.5,71.0,32.0,5,0.5,0.001,20,1.6,5,0.0,-122.99645378264528,-83.03669773589371,-46.54812960989662,28.92774938995207,0.0,-6.58837356314506,438.0,COMPLETE
262,29.288538868081975,2026-07-22 05:27:07.745037,2026-07-22 05:31:00.396866,0 days 00:03:52.651829,14,1.5,65.0,32.0,5,0.5,0.001,20,1.7,5,0.0,-103.17156084949451,-82.51827961501888,-25.779986277532846,29.288538868081975,0.0,-5.12670504305725,431.0,COMPLETE
263,29.288538868081975,2026-07-22 05:27:32.013046,2026-07-22 05:31:30.174357,0 days 00:03:58.161311,14,1.5,65.0,32.0,5,0.5,0.001,20,1.7,5,0.0,-103.17156084949451,-82.51827961501888,-25.779986277532846,29.288538868081975,0.0,-5.12670504305725,431.0,COMPLETE
264,29.288538868081975,2026-07-22 05:27:35.588982,2026-07-22 05:31:32.005465,0 days 00:03:56.416483,14,1.5,65.0,32.0,5,0.5,0.001,20,1.6,5,0.0,-103.17156084949451,-82.51827961501888,-25.779986277532846,29.288538868081975,0.0,-5.12670504305725,431.0,COMPLETE
265,29.288538868081975,2026-07-22 05:27:46.597051,2026-07-22 05:31:41.339494,0 days 00:03:54.742443,14,1.5,65.0,32.0,5,0.5,0.001,20,1.7,5,0.0,-103.17156084949451,-82.51827961501888,-25.779986277532846,29.288538868081975,0.0,-5.12670504305725,431.0,COMPLETE
266,28.578452901936725,2026-07-22 05:27:52.699324,2026-07-22 05:31:47.446032,0 days 00:03:54.746708,14,1.5,71.0,32.0,6,0.5,0.001,20,1.7,5,0.0,-93.61866172220536,-71.77798231551893,-31.932071454138697,28.578452901936725,0.0,-10.091392047452263,420.0,COMPLETE
267,28.271274585223672,2026-07-22 05:27:58.871376,2026-07-22 05:31:52.737613,0 days 00:03:53.866237,14,1.5,71.0,30.0,6,0.5,0.001,20,1.7,5,0.0,-92.87032958537253,-66.24869314991292,-37.679858837105066,28.271274585223672,0.0,-11.058222401645498,415.0,COMPLETE
268,29.039553096212547,2026-07-22 05:28:19.105766,2026-07-22 05:32:12.996341,0 days 00:03:53.890575,14,1.5,65.0,32.0,6,0.5,0.001,20,1.7,5,0.0,-100.97842283835402,-80.95326651105353,-25.151861370357715,29.039553096212547,0.0,-5.12670504305725,427.0,COMPLETE
269,15.424350361622842,2026-07-22 05:28:31.654405,2026-07-22 05:32:13.343261,0 days 00:03:41.688856,14,2.2,71.0,32.0,6,0.5,0.001,20,1.7,5,0.0,-71.55250512416882,-48.070297866377786,-44.368069616983995,15.424350361622842,0.0,-20.885862359192977,249.0,COMPLETE
270,17.01158780035724,2026-07-22 05:28:47.516096,2026-07-22 05:32:25.776183,0 days 00:03:38.260087,14,2.1,71.0,32.0,5,0.5,0.001,20,1.7,5,0.0,-73.46589599621623,-51.262518343476984,-39.910074379885636,17.01158780035724,0.0,-17.70669672714643,270.0,COMPLETE
271,28.12892343295482,2026-07-22 05:30:07.724054,2026-07-22 05:33:56.492292,0 days 00:03:48.768238,11,1.5,65.0,33.0,5,0.5,0.001,20,1.7,5,0.0,-96.30743147284167,-66.47455969500247,-38.06393010120232,28.12892343295482,0.0,-8.231058323363136,414.0,COMPLETE
272,28.12892343295482,2026-07-22 05:31:00.532675,2026-07-22 05:34:53.479074,0 days 00:03:52.946399,11,1.5,65.0,33.0,5,0.5,0.001,20,1.7,5,0.0,-96.30743147284167,-66.47455969500247,-38.06393010120232,28.12892343295482,0.0,-8.231058323363136,414.0,COMPLETE
273,27.929614061465635,2026-07-22 05:31:30.232242,2026-07-22 05:35:25.015555,0 days 00:03:54.783313,11,1.5,72.0,33.0,5,0.5,0.001,20,1.7,5,0.0,-87.33529387586933,-66.45691927680183,-34.95410462866522,27.929614061465635,0.0,-14.07573002959774,410.0,COMPLETE
274,28.466571938186593,2026-07-22 05:31:32.059965,2026-07-22 05:35:27.315314,0 days 00:03:55.255349,15,1.5,65.0,33.0,5,0.5,0.001,20,1.7,5,0.0,-148.10159991261287,-94.63589213713757,-58.673245274244884,28.466571938186593,0.0,-5.207537498769537,442.0,COMPLETE
275,28.466571938186593,2026-07-22 05:31:41.414551,2026-07-22 05:35:36.022447,0 days 00:03:54.607896,15,1.5,65.0,33.0,5,0.5,0.001,20,1.7,5,0.0,-148.10159991261287,-94.63589213713757,-58.673245274244884,28.466571938186593,0.0,-5.207537498769537,442.0,COMPLETE
276,28.449016656826757,2026-07-22 05:31:47.522001,2026-07-22 05:35:41.564246,0 days 00:03:54.042245,15,1.5,65.0,32.0,5,0.5,0.001,20,1.7,5,0.0,-146.04649675591673,-92.58078898044143,-58.673245274244884,28.449016656826757,0.0,-5.207537498769537,441.0,COMPLETE
277,28.655986119824703,2026-07-22 05:31:52.812998,2026-07-22 05:35:48.713358,0 days 00:03:55.900360,15,1.5,65.0,32.0,5,0.5,0.001,19,1.7,5,0.0,-145.96441431024004,-91.48649005143294,-58.58260475531305,28.655986119824703,0.0,-4.1046804965058366,443.0,COMPLETE
278,28.673567772160805,2026-07-22 05:32:13.064267,2026-07-22 05:36:08.073379,0 days 00:03:55.009112,15,1.5,65.0,33.0,5,0.5,0.001,19,1.7,5,0.0,-148.01951746693624,-93.54159320812909,-58.58260475531305,28.673567772160805,0.0,-4.1046804965058366,444.0,COMPLETE
279,28.185050717777727,2026-07-22 05:32:13.486508,2026-07-22 05:36:08.045737,0 days 00:03:54.559229,15,1.5,65.0,33.0,5,0.5,0.001,19,1.7,6,0.0,-148.7131598467668,-94.27384266759708,-62.247554676330424,28.185050717777727,0.0,-7.808237497160594,440.0,COMPLETE
280,28.522914286213872,2026-07-22 05:32:25.846782,2026-07-22 05:36:13.521016,0 days 00:03:47.674234,11,1.5,65.0,33.0,5,0.5,0.001,19,1.7,6,0.0,-87.58324639039367,-65.20369906568847,-31.931720707000025,28.522914286213872,0.0,-9.552173382294836,414.0,COMPLETE
281,28.230248297889787,2026-07-22 05:33:56.556101,2026-07-22 05:37:48.186286,0 days 00:03:51.630185,15,1.5,65.0,33.0,5,0.5,0.001,18,1.7,6,0.0,-148.7131598467668,-95.16505650204277,-62.26272259607664,28.230248297889787,0.0,-8.714619251352515,441.0,COMPLETE
282,28.212013632402943,2026-07-22 05:34:53.537249,2026-07-22 05:38:45.794143,0 days 00:03:52.256894,15,1.5,64.0,32.0,5,0.5,0.001,18,1.7,6,0.0,-146.67674323941634,-93.12863989469234,-62.26272259607664,28.212013632402943,0.0,-8.714619251352515,440.0,COMPLETE
283,28.212013632402943,2026-07-22 05:35:25.067237,2026-07-22 05:39:20.168104,0 days 00:03:55.100867,15,1.5,64.0,32.0,5,0.5,0.001,18,1.7,6,0.0,-146.67674323941634,-93.12863989469234,-62.26272259607664,28.212013632402943,0.0,-8.714619251352515,440.0,COMPLETE
284,28.212013632402943,2026-07-22 05:35:27.377138,2026-07-22 05:39:21.781408,0 days 00:03:54.404270,15,1.5,64.0,32.0,5,0.5,0.001,18,1.7,6,0.0,-146.67674323941634,-93.12863989469234,-62.26272259607664,28.212013632402943,0.0,-8.714619251352515,440.0,COMPLETE
285,26.259046176088912,2026-07-22 05:35:36.083036,2026-07-22 05:39:26.568735,0 days 00:03:50.485699,13,1.5,64.0,33.0,5,0.5,0.002,18,1.7,6,0.0,-96.7698674820261,-84.19340300509651,-24.759085204245856,26.259046176088912,0.0,-12.182620727316246,394.0,COMPLETE
286,25.334674453654184,2026-07-22 05:35:41.618611,2026-07-22 05:39:33.652844,0 days 00:03:52.034233,15,1.5,64.0,33.0,5,0.5,0.002,18,1.7,6,0.0,-112.28947777681732,-85.42075854705644,-37.89714112840351,25.334674453654184,0.0,-11.028421898642584,387.0,COMPLETE
287,25.334674453654184,2026-07-22 05:35:48.777654,2026-07-22 05:39:41.501827,0 days 00:03:52.724173,15,1.5,64.0,33.0,5,0.5,0.002,18,1.7,6,0.0,-112.28947777681732,-85.42075854705644,-37.89714112840351,25.334674453654184,0.0,-11.028421898642584,387.0,COMPLETE
288,11.936859487733203,2026-07-22 05:36:08.153388,2026-07-22 05:39:48.670220,0 days 00:03:40.516832,15,1.6,64.0,33.0,5,0.5,0.009000000000000001,18,1.7,6,0.0,-7.817015266897995,-18.943384673399613,-21.409445333157198,11.936859487733203,0.0,-32.53581473965877,177.0,COMPLETE
289,24.545119399805085,2026-07-22 05:36:08.153531,2026-07-22 05:39:57.611602,0 days 00:03:49.458071,15,1.6,64.0,33.0,5,0.5,0.002,18,1.7,6,0.0,-88.65408900142847,-73.43562413625699,-30.722000601627926,24.545119399805085,0.0,-15.503535736456483,367.0,COMPLETE
290,27.486296215079612,2026-07-22 05:36:13.569571,2026-07-22 05:40:00.500702,0 days 00:03:46.931131,15,1.6,64.0,33.0,5,0.5,0.001,18,1.7,6,0.0,-112.23466651595376,-79.62039640211054,-45.54923337046874,27.486296215079612,0.0,-12.934963256625563,415.0,COMPLETE
291,24.262166351725654,2026-07-22 05:37:48.243207,2026-07-22 05:41:35.333586,0 days 00:03:47.090379,18,1.6,64.0,33.0,5,0.5,0.002,18,1.7,6,0.0,-93.30951560045933,-73.26951688460579,-37.92098740535767,24.262166351725654,0.0,-17.88098868950413,367.0,COMPLETE
292,22.65819933514985,2026-07-22 05:38:45.865187,2026-07-22 05:42:33.467005,0 days 00:03:47.601818,15,1.6,65.0,22.0,5,0.5,0.002,19,1.7,6,0.0,-100.31336647002608,-75.2460703180878,-38.73326378829952,22.65819933514985,0.0,-13.66596763636123,348.0,COMPLETE
293,23.124263262855102,2026-07-22 05:39:20.229497,2026-07-22 05:43:12.735527,0 days 00:03:52.506030,18,1.6,65.0,25.0,5,0.4,0.002,19,1.7,6,0.0,-82.81212502728786,-70.07757850198234,-29.11404478744829,23.124263262855102,0.0,-16.37949826214277,347.0,COMPLETE
294,24.32879072956236,2026-07-22 05:39:21.842956,2026-07-22 05:43:10.475214,0 days 00:03:48.632258,10,1.6,65.0,33.0,5,0.4,0.002,19,1.7,6,0.0,-84.50040002845775,-51.734669864424134,-33.80175489352001,24.32879072956236,0.0,-1.0360247294863882,358.0,COMPLETE
295,26.550143211359117,2026-07-22 05:39:26.621960,2026-07-22 05:43:21.535397,0 days 00:03:54.913437,13,1.6,65.0,33.0,5,0.4,0.001,19,1.7,6,0.0,-105.74118866756507,-88.10252076927412,-28.813485115414768,26.550143211359117,0.0,-11.174817217123762,401.0,COMPLETE
296,23.632873931929446,2026-07-22 05:39:33.712448,2026-07-22 05:43:26.522027,0 days 00:03:52.809579,13,1.6,65.0,34.0,5,1.2000000000000002,0.001,19,1.7,6,0.0,-88.19100583584537,-85.0711287496426,-24.534982584978938,23.632873931929446,0.0,-21.41510549877621,359.0,COMPLETE
297,14.75870041401287,2026-07-22 05:39:41.618690,2026-07-22 05:43:26.964781,0 days 00:03:45.346091,17,2.4,65.0,34.0,5,0.4,0.001,19,1.7,5,0.0,-46.78796575600401,-36.31409372210744,-37.578608042204785,14.75870041401287,0.0,-27.10473600830822,233.0,COMPLETE
298,26.95541753167975,2026-07-22 05:39:48.735310,2026-07-22 05:43:44.601195,0 days 00:03:55.865885,17,1.6,65.0,34.0,5,0.4,0.001,19,2.8,5,0.0,-131.52721037593278,-81.44792348992038,-68.65798008093627,26.95541753167975,0.0,-18.57869319492383,421.0,COMPLETE
299,19.804042843806908,2026-07-22 05:39:57.663291,2026-07-22 05:43:43.281205,0 days 00:03:45.617914,13,2.0,65.0,25.0,5,0.4,0.001,19,2.8,5,0.0,-50.53848377045139,-27.124468001102727,-42.81059344470617,19.804042843806908,0.0,-19.39657767535759,293.0,COMPLETE
300,27.804915765806534,2026-07-22 05:40:00.555513,2026-07-22 05:43:51.881745,0 days 00:03:51.326232,17,1.5,65.0,32.0,5,0.4,0.001,19,1.7,5,0.0,-150.4094817633579,-96.34948105461442,-64.81520313381039,27.804915765806534,0.0,-10.755202425066791,438.0,COMPLETE
301,25.80968226656439,2026-07-22 05:41:35.382427,2026-07-22 05:45:23.410301,0 days 00:03:48.027874,17,1.5,65.0,23.0,5,0.4,0.001,19,2.8,5,0.0,-143.8276679310647,-93.04312217260133,-58.09642305932422,25.80968226656439,0.0,-7.311877300860909,407.0,COMPLETE
302,28.85695634895795,2026-07-22 05:42:33.517474,2026-07-22 05:46:26.127782,0 days 00:03:52.610308,13,1.5,65.0,34.0,5,0.4,0.001,19,1.6,5,0.0,-127.37870047319576,-88.13504204408665,-46.21368618857695,28.85695634895795,0.0,-6.97002775946778,439.0,COMPLETE
303,27.83594854063813,2026-07-22 05:43:10.530073,2026-07-22 05:47:05.956345,0 days 00:03:55.426272,13,1.5,66.0,26.0,5,0.4,0.001,19,1.6,5,0.0,-134.64261424690497,-83.55953271703949,-55.48354162290763,27.83594854063813,0.0,-4.4004600930420565,428.0,COMPLETE
304,28.790215413587635,2026-07-22 05:43:12.789299,2026-07-22 05:47:10.436511,0 days 00:03:57.647212,13,1.5,66.0,34.0,5,0.4,0.001,19,2.8,5,0.0,-126.80371619160333,-87.56005776249421,-46.21368618857695,28.790215413587635,0.0,-6.97002775946778,438.0,COMPLETE
305,29.00645602937138,2026-07-22 05:43:21.591332,2026-07-22 05:47:16.072766,0 days 00:03:54.481434,12,1.5,65.0,32.0,5,0.4,0.001,19,2.8,5,0.0,-115.52630109688127,-86.60458796569296,-35.54828711817774,29.00645602937138,0.0,-6.626573986989486,435.0,COMPLETE
306,28.78981372855805,2026-07-22 05:43:26.576639,2026-07-22 05:47:20.450569,0 days 00:03:53.873930,12,1.5,66.0,34.0,5,0.4,0.001,19,1.6,5,0.0,-114.89075721666039,-86.57648874307118,-35.54828711817774,28.78981372855805,0.0,-7.234018644588607,432.0,COMPLETE
307,28.950504192655593,2026-07-22 05:43:27.020503,2026-07-22 05:47:21.496787,0 days 00:03:54.476284,12,1.5,66.0,32.0,5,0.4,0.001,19,1.6,5,0.0,-114.95131681528883,-86.02960368410052,-35.54828711817774,28.950504192655593,0.0,-6.626573986989486,434.0,COMPLETE
308,28.71480996391138,2026-07-22 05:43:43.333403,2026-07-22 05:47:36.902732,0 days 00:03:53.569329,12,1.5,66.0,32.0,5,0.6000000000000001,0.001,19,1.6,5,0.0,-114.05058926377669,-85.59721112986449,-36.05009461040382,28.71480996391138,0.0,-7.59671647649167,431.0,COMPLETE
309,28.4596273582342,2026-07-22 05:43:44.660046,2026-07-22 05:47:39.288048,0 days 00:03:54.628002,12,1.5,66.0,32.0,5,0.6000000000000001,0.001,20,1.6,5,0.0,-115.04173913266806,-86.22972033523588,-35.6476577882175,28.4596273582342,0.0,-6.835638990785423,428.0,COMPLETE
310,28.4596273582342,2026-07-22 05:43:51.929011,2026-07-22 05:47:39.193911,0 days 00:03:47.264900,12,1.5,66.0,32.0,5,0.6000000000000001,0.001,20,1.6,5,0.0,-115.04173913266806,-86.22972033523588,-35.6476577882175,28.4596273582342,0.0,-6.835638990785423,428.0,COMPLETE
311,19.545102837598595,2026-07-22 05:45:23.461737,2026-07-22 05:49:06.299537,0 days 00:03:42.837800,12,1.5,66.0,32.0,5,2.0,0.001,20,1.6,5,0.0,-27.753944799425092,-42.634134361042534,-5.8544965068434776,19.545102837598595,0.0,-20.734686068460938,277.0,COMPLETE
312,25.8058894337819,2026-07-22 05:46:26.173981,2026-07-22 05:50:17.712010,0 days 00:03:51.538029,12,1.5,66.0,32.0,5,0.6000000000000001,0.001,20,1.6,14,0.0,-116.19743717319537,-86.97349657771328,-33.222692262610906,25.8058894337819,0.0,-3.9987516671289187,393.0,COMPLETE
313,28.4596273582342,2026-07-22 05:47:06.028948,2026-07-22 05:50:58.937856,0 days 00:03:52.908908,12,1.5,66.0,32.0,5,0.6000000000000001,0.001,20,1.6,5,0.0,-115.04173913266806,-86.22972033523588,-35.6476577882175,28.4596273582342,0.0,-6.835638990785423,428.0,COMPLETE
314,28.4596273582342,2026-07-22 05:47:10.498065,2026-07-22 05:51:05.235479,0 days 00:03:54.737414,12,1.5,66.0,32.0,5,0.6000000000000001,0.001,20,1.6,5,0.0,-115.04173913266806,-86.22972033523588,-35.6476577882175,28.4596273582342,0.0,-6.835638990785423,428.0,COMPLETE
315,19.102840657161533,2026-07-22 05:47:16.139966,2026-07-22 05:51:03.221846,0 days 00:03:47.081880,11,1.5,66.0,32.0,18,0.4,0.001,20,1.6,5,0.0,-25.867969700168878,-23.399249435704952,-13.117830446052729,19.102840657161533,0.0,-10.64911018158881,266.0,COMPLETE
316,28.950504192655593,2026-07-22 05:47:20.515044,2026-07-22 05:51:14.109520,0 days 00:03:53.594476,12,1.5,66.0,32.0,5,0.4,0.001,19,1.6,5,0.0,-114.95131681528883,-86.02960368410052,-35.54828711817774,28.950504192655593,0.0,-6.626573986989486,434.0,COMPLETE
317,28.950504192655593,2026-07-22 05:47:21.559278,2026-07-22 05:51:17.040660,0 days 00:03:55.481382,12,1.5,66.0,32.0,5,0.4,0.001,19,1.6,5,0.0,-114.95131681528883,-86.02960368410052,-35.54828711817774,28.950504192655593,0.0,-6.626573986989486,434.0,COMPLETE
318,26.008532499716765,2026-07-22 05:47:36.963178,2026-07-22 05:51:31.159183,0 days 00:03:54.196005,12,1.5,66.0,34.0,5,0.4,0.001,19,1.6,13,0.0,-116.57916993582431,-91.64154558428416,-33.415713576046,26.008532499716765,0.0,-8.478089224505933,398.0,COMPLETE
319,25.534679269511876,2026-07-22 05:47:39.331674,2026-07-22 05:51:21.048039,0 days 00:03:41.716365,12,1.5,66.0,34.0,12,0.4,0.001,19,1.6,5,0.0,-84.80651403149706,-71.9556630033836,-37.235466051874496,25.534679269511876,0.0,-24.384615023761082,382.0,COMPLETE
320,28.78981372855805,2026-07-22 05:47:39.343030,2026-07-22 05:51:34.710114,0 days 00:03:55.367084,12,1.5,66.0,34.0,5,0.4,0.001,19,1.6,5,0.0,-114.89075721666039,-86.57648874307118,-35.54828711817774,28.78981372855805,0.0,-7.234018644588607,432.0,COMPLETE
321,25.90289013405937,2026-07-22 05:49:06.365813,2026-07-22 05:52:58.540033,0 days 00:03:52.174220,12,1.5,66.0,34.0,5,0.4,0.001,17,1.6,14,0.0,-117.19028001989456,-87.44351476939062,-34.06022731643766,25.90289013405937,0.0,-4.313462065933826,395.0,COMPLETE
322,21.470498771082234,2026-07-22 05:50:17.765197,2026-07-22 05:54:02.619851,0 days 00:03:44.854654,12,1.5,66.0,34.0,17,0.4,0.001,19,1.6,5,0.0,-48.81769263789013,-48.25381048735823,-19.573312294549584,21.470498771082234,0.0,-19.009430144017653,311.0,COMPLETE
323,25.534679269511876,2026-07-22 05:50:58.992276,2026-07-22 05:54:47.895877,0 days 00:03:48.903601,12,1.5,66.0,34.0,12,0.4,0.001,19,1.6,5,0.0,-84.80651403149706,-71.9556630033836,-37.235466051874496,25.534679269511876,0.0,-24.384615023761082,382.0,COMPLETE
324,29.266866194977208,2026-07-22 05:51:03.271889,2026-07-22 05:54:58.094710,0 days 00:03:54.822821,12,1.5,66.0,34.0,5,0.4,0.001,17,1.6,5,0.0,-113.86319272176225,-83.45495987983091,-34.84850639003534,29.266866194977208,0.0,-4.440273548104064,436.0,COMPLETE
325,28.78981372855805,2026-07-22 05:51:05.300295,2026-07-22 05:55:02.283551,0 days 00:03:56.983256,12,1.5,66.0,34.0,5,0.4,0.001,19,1.6,5,0.0,-114.89075721666039,-86.57648874307118,-35.54828711817774,28.78981372855805,0.0,-7.234018644588607,432.0,COMPLETE
326,29.341953674144722,2026-07-22 05:51:14.167250,2026-07-22 05:55:09.266159,0 days 00:03:55.098909,12,1.5,66.0,34.0,5,0.30000000000000004,0.001,17,1.6,5,0.0,-112.06140271436975,-81.6999853510705,-34.80169091140324,29.341953674144722,0.0,-4.440273548104064,436.0,COMPLETE
327,28.787016640685156,2026-07-22 05:51:17.098080,2026-07-22 05:55:11.976154,0 days 00:03:54.878074,11,1.5,66.0,34.0,5,0.30000000000000004,0.001,17,1.6,5,0.0,-97.50243686641139,-64.81866895160628,-35.43293499242368,28.787016640685156,0.0,-2.7491670776186368,421.0,COMPLETE
328,28.882137452420086,2026-07-22 05:51:21.096902,2026-07-22 05:55:07.027498,0 days 00:03:45.930596,10,1.5,66.0,34.0,5,0.30000000000000004,0.001,19,1.6,5,0.0,-112.84496659118594,-79.25423683015488,-29.94702531502788,28.882137452420086,0.0,3.643704446003241,426.0,COMPLETE
329,28.994438858267202,2026-07-22 05:51:31.222114,2026-07-22 05:55:25.812874,0 days 00:03:54.590760,11,1.5,66.0,31.0,5,0.30000000000000004,0.001,17,2.8,5,0.0,-100.65539607119443,-62.138287809010656,-39.74212609161049,28.994438858267202,0.0,-1.2250178294267402,424.0,COMPLETE
330,13.367082393870177,2026-07-22 05:51:34.762143,2026-07-22 05:55:13.413024,0 days 00:03:38.650881,10,1.5,66.0,34.0,5,0.4,0.008,19,1.6,5,0.0,-12.926324816055157,-15.392901693727893,-22.804041278806743,13.367082393870177,0.0,-25.27061815647944,194.0,COMPLETE
331,28.311378838689457,2026-07-22 05:52:58.590067,2026-07-22 05:56:46.694298,0 days 00:03:48.104231,11,1.5,66.0,35.0,5,0.30000000000000004,0.001,19,1.6,5,0.0,-97.28865913469215,-67.87194178485315,-36.1327157205661,28.311378838689457,0.0,-6.715998370727128,417.0,COMPLETE
332,29.713817423919274,2026-07-22 05:54:02.681259,2026-07-22 05:57:54.351120,0 days 00:03:51.669861,10,1.5,66.0,31.0,5,0.30000000000000004,0.001,17,1.9,5,0.0,-114.80376127413044,-73.14967115948815,-32.565947558494315,29.713817423919274,0.0,9.08814255614799,434.0,COMPLETE
333,29.713817423919274,2026-07-22 05:54:47.949637,2026-07-22 05:58:42.455739,0 days 00:03:54.506102,10,1.5,66.0,31.0,5,0.30000000000000004,0.001,17,2.9000000000000004,5,0.0,-114.80376127413044,-73.14967115948815,-32.565947558494315,29.713817423919274,0.0,9.08814255614799,434.0,COMPLETE
334,28.79579773956939,2026-07-22 05:54:58.151565,2026-07-22 05:58:53.901841,0 days 00:03:55.750276,11,1.5,66.0,35.0,5,0.30000000000000004,0.001,17,1.5,5,0.0,-96.26109463979404,-64.75041292161286,-35.43293499242368,28.79579773956939,0.0,-3.9222532742425837,421.0,COMPLETE
335,27.39553928021512,2026-07-22 05:55:02.333313,2026-07-22 05:58:58.547853,0 days 00:03:56.214540,11,1.6,66.0,35.0,5,0.30000000000000004,0.001,17,1.5,5,0.0,-98.73962991418117,-71.53581064277805,-33.90385512504655,27.39553928021512,0.0,-6.700035853643397,405.0,COMPLETE
336,29.41959249300335,2026-07-22 05:55:07.072968,2026-07-22 05:58:55.571950,0 days 00:03:48.498982,10,1.5,66.0,35.0,5,0.30000000000000004,0.001,17,1.5,5,0.0,-111.55062721587785,-77.03901928312857,-29.247244586885472,29.41959249300335,0.0,5.264363345863851,431.0,COMPLETE
337,27.469863610078388,2026-07-22 05:55:09.337520,2026-07-22 05:59:02.791743,0 days 00:03:53.454223,11,1.6,66.0,34.0,5,0.30000000000000004,0.001,16,1.5,5,0.0,-99.98097214079854,-71.50561235195597,-33.930166441417256,27.469863610078388,0.0,-5.454806652574674,406.0,COMPLETE
338,28.468239571938156,2026-07-22 05:55:12.043953,2026-07-22 05:59:06.257566,0 days 00:03:54.213613,10,1.6,66.0,35.0,5,0.30000000000000004,0.001,17,1.5,5,0.0,-75.31867129395191,-53.59445577703582,-15.46343277148002,28.468239571938156,0.0,6.260782745436153,401.0,COMPLETE
339,27.39553928021512,2026-07-22 05:55:13.482843,2026-07-22 05:59:07.506028,0 days 00:03:54.023185,11,1.6,67.0,35.0,5,0.30000000000000004,0.001,17,1.5,5,0.0,-98.73962991418117,-71.53581064277805,-33.90385512504655,27.39553928021512,0.0,-6.700035853643397,405.0,COMPLETE
340,28.468239571938156,2026-07-22 05:55:25.876008,2026-07-22 05:59:17.701552,0 days 00:03:51.825544,10,1.6,67.0,35.0,5,0.30000000000000004,0.001,17,2.8,5,0.0,-75.31867129395191,-53.59445577703582,-15.46343277148002,28.468239571938156,0.0,6.260782745436153,401.0,COMPLETE
341,28.115007384579435,2026-07-22 05:56:46.765852,2026-07-22 06:00:31.768095,0 days 00:03:45.002243,10,1.6,67.0,35.0,5,0.30000000000000004,0.001,18,2.9000000000000004,5,0.0,-75.66266677940907,-55.64113004964671,-16.163213499622426,28.115007384579435,0.0,3.8583232301399857,398.0,COMPLETE
342,28.115007384579435,2026-07-22 05:57:54.420005,2026-07-22 06:01:44.697404,0 days 00:03:50.277399,10,1.6,67.0,35.0,5,0.30000000000000004,0.001,18,1.9,5,0.0,-75.66266677940907,-55.64113004964671,-16.163213499622426,28.115007384579435,0.0,3.8583232301399857,398.0,COMPLETE
343,28.89702787351401,2026-07-22 05:58:42.518158,2026-07-22 06:02:33.872132,0 days 00:03:51.353974,10,1.6,67.0,31.0,5,0.30000000000000004,0.001,16,2.9000000000000004,5,0.0,-81.33705982444748,-53.00650280767038,-19.641733264706367,28.89702787351401,0.0,8.688823752070753,407.0,COMPLETE
344,28.555560984816022,2026-07-22 05:58:53.977493,2026-07-22 06:02:44.955480,0 days 00:03:50.977987,10,1.6,66.0,35.0,5,0.30000000000000004,0.001,16,2.9000000000000004,5,0.0,-76.54189632242309,-53.54614028806755,-15.48974408785073,28.555560984816022,0.0,7.506011946504866,402.0,COMPLETE
345,28.555560984816022,2026-07-22 05:58:55.649752,2026-07-22 06:02:41.807092,0 days 00:03:46.157340,10,1.6,67.0,35.0,5,0.30000000000000004,0.001,16,2.9000000000000004,5,0.0,-76.54189632242309,-53.54614028806755,-15.48974408785073,28.555560984816022,0.0,7.506011946504866,402.0,COMPLETE
346,11.973051268046609,2026-07-22 05:58:58.608557,2026-07-22 06:02:37.247931,0 days 00:03:38.639374,10,2.9000000000000004,67.0,31.0,5,0.30000000000000004,0.001,16,2.9000000000000004,5,0.0,0.0,-10.864013038251596,-11.6252924960656,11.973051268046609,0.0,-22.48930553431717,172.0,COMPLETE
347,28.555560984816022,2026-07-22 05:59:02.863764,2026-07-22 06:02:54.342915,0 days 00:03:51.479151,10,1.6,67.0,35.0,5,0.30000000000000004,0.001,16,1.9,5,0.0,-76.54189632242309,-53.54614028806755,-15.48974408785073,28.555560984816022,0.0,7.506011946504866,402.0,COMPLETE
348,28.89702787351401,2026-07-22 05:59:06.337258,2026-07-22 06:03:00.418910,0 days 00:03:54.081652,10,1.6,67.0,31.0,5,0.30000000000000004,0.001,16,2.9000000000000004,5,0.0,-81.33705982444748,-53.00650280767038,-19.641733264706367,28.89702787351401,0.0,8.688823752070753,407.0,COMPLETE
349,29.711784904507915,2026-07-22 05:59:07.577893,2026-07-22 06:03:01.797241,0 days 00:03:54.219348,10,1.5,67.0,31.0,5,0.2,0.001,17,2.9000000000000004,5,0.0,-114.82202904675034,-73.69084856273409,-32.04303792786827,29.711784904507915,0.0,9.08814255614799,434.0,COMPLETE
350,29.850279831181957,2026-07-22 05:59:17.764126,2026-07-22 06:03:10.847448,0 days 00:03:53.083322,10,1.5,67.0,31.0,5,0.2,0.001,16,1.9,5,0.0,-114.21435200828893,-72.34885925419053,-32.069349244238964,29.850279831181957,0.0,9.796143509859425,435.0,COMPLETE
351,29.711784904507915,2026-07-22 06:00:31.829525,2026-07-22 06:04:21.325270,0 days 00:03:49.495745,10,1.5,67.0,31.0,5,0.2,0.001,17,1.9,5,0.0,-114.82202904675034,-73.69084856273409,-32.04303792786827,29.711784904507915,0.0,9.08814255614799,434.0,COMPLETE
352,29.999477010850757,2026-07-22 06:01:44.747440,2026-07-22 06:05:36.117774,0 days 00:03:51.370334,10,1.5,65.0,31.0,5,0.2,0.001,16,2.1,5,0.0,-110.74533295357662,-68.28544963397337,-32.66373980974387,29.999477010850757,0.0,9.796143509859425,435.0,COMPLETE
353,29.054815895147275,2026-07-22 06:02:33.925842,2026-07-22 06:06:22.353353,0 days 00:03:48.427511,10,1.6,65.0,31.0,5,0.2,0.001,16,2.9000000000000004,5,0.0,-79.5561606142722,-51.154122662616295,-19.713214199585224,29.054815895147275,0.0,8.688823752070753,408.0,COMPLETE
354,29.054815895147275,2026-07-22 06:02:37.304361,2026-07-22 06:06:30.031820,0 days 00:03:52.727459,10,1.6,65.0,31.0,5,0.2,0.001,16,2.9000000000000004,5,0.0,-79.5561606142722,-51.154122662616295,-19.713214199585224,29.054815895147275,0.0,8.688823752070753,408.0,COMPLETE
355,29.999477010850757,2026-07-22 06:02:41.860535,2026-07-22 06:06:28.161193,0 days 00:03:46.300658,10,1.5,65.0,31.0,5,0.2,0.001,16,2.9000000000000004,5,0.0,-110.74533295357662,-68.28544963397337,-32.66373980974387,29.999477010850757,0.0,9.796143509859425,435.0,COMPLETE
356,29.209199338948196,2026-07-22 06:02:45.087782,2026-07-22 06:06:36.657209,0 days 00:03:51.569427,11,1.5,65.0,31.0,5,0.2,0.001,17,2.1,5,0.0,-97.74240346390353,-59.22529520171974,-39.74212609161049,29.209199338948196,0.0,-1.2250178294267402,425.0,COMPLETE
357,29.348475820287696,2026-07-22 06:02:54.412820,2026-07-22 06:06:48.895493,0 days 00:03:54.482673,11,1.5,65.0,31.0,5,0.2,0.001,15,2.9000000000000004,5,0.0,-97.13472642544211,-57.50387885661328,-39.768437407981196,29.348475820287696,0.0,-0.13758983915238998,426.0,COMPLETE
358,28.920815724344692,2026-07-22 06:03:00.476536,2026-07-22 06:06:51.114565,0 days 00:03:50.638029,10,1.6,68.0,31.0,5,0.2,0.001,16,2.9000000000000004,5,0.0,-80.68685526174632,-53.54768021091633,-18.450351298759266,28.920815724344692,0.0,8.688823752070753,407.0,COMPLETE
359,28.920815724344692,2026-07-22 06:03:01.850347,2026-07-22 06:06:52.899455,0 days 00:03:51.049108,10,1.6,68.0,31.0,5,0.2,0.001,16,2.9000000000000004,5,0.0,-80.68685526174632,-53.54768021091633,-18.450351298759266,28.920815724344692,0.0,8.688823752070753,407.0,COMPLETE
360,28.931456310714108,2026-07-22 06:03:10.916369,2026-07-22 06:07:00.616636,0 days 00:03:49.700267,10,1.6,68.0,31.0,5,0.2,0.001,15,2.8,5,0.0,-80.68685526174632,-53.16825317435342,-18.450351298759266,28.931456310714108,0.0,9.068250788633671,407.0,COMPLETE
361,15.008110781744522,2026-07-22 06:04:21.386967,2026-07-22 06:07:59.130923,0 days 00:03:37.743956,10,1.6,68.0,31.0,5,0.2,0.007,15,2.9000000000000004,5,0.0,-9.283154154285441,-17.342598059899522,-15.305770891239503,15.008110781744522,0.0,-23.36521479685354,215.0,COMPLETE
362,28.556500156484162,2026-07-22 06:05:36.180997,2026-07-22 06:09:24.832037,0 days 00:03:48.651040,10,1.6,68.0,31.0,5,0.1,0.001,15,2.9000000000000004,6,0.0,-77.56362921830926,-48.864411052895385,-20.666479472336384,28.556500156484162,0.0,8.03273869307754,401.0,COMPLETE
363,28.556500156484162,2026-07-22 06:06:22.428978,2026-07-22 06:10:14.196970,0 days 00:03:51.767992,10,1.6,68.0,31.0,5,0.1,0.001,15,2.9000000000000004,6,0.0,-77.56362921830926,-48.864411052895385,-20.666479472336384,28.556500156484162,0.0,8.03273869307754,401.0,COMPLETE
364,28.6909055268573,2026-07-22 06:06:28.222339,2026-07-22 06:10:12.386451,0 days 00:03:44.164112,10,1.6,65.0,31.0,5,0.1,0.001,15,2.9000000000000004,6,0.0,-76.43293457083517,-46.47085350459535,-21.929342373162335,28.6909055268573,0.0,8.03273869307754,402.0,COMPLETE
365,28.6909055268573,2026-07-22 06:06:30.107011,2026-07-22 06:10:20.899918,0 days 00:03:50.792907,10,1.6,63.0,31.0,5,0.1,0.001,15,2.9000000000000004,6,0.0,-76.43293457083517,-46.47085350459535,-21.929342373162335,28.6909055268573,0.0,8.03273869307754,402.0,COMPLETE
366,27.55540917744518,2026-07-22 06:06:36.714396,2026-07-22 06:10:29.928002,0 days 00:03:53.213606,11,1.6,63.0,31.0,5,0.1,0.001,15,2.9000000000000004,6,0.0,-83.93075863004613,-62.17840565695895,-28.341213121203126,27.55540917744518,0.0,-6.5888601481158835,399.0,COMPLETE
367,24.756222840320177,2026-07-22 06:06:48.967201,2026-07-22 06:10:36.472751,0 days 00:03:47.505550,11,1.6,65.0,31.0,5,0.1,0.002,15,2.1,6,0.0,-85.87217429117365,-61.377597973192856,-31.56727907934539,24.756222840320177,0.0,-7.072702761364578,366.0,COMPLETE
368,26.650580869873856,2026-07-22 06:06:51.178065,2026-07-22 06:10:43.921520,0 days 00:03:52.743455,11,1.5,65.0,31.0,5,0.1,0.002,15,1.9,6,0.0,-74.39301594450424,-50.991075200981165,-29.301589676354318,26.650580869873856,0.0,-5.899648932831285,385.0,COMPLETE
369,26.650580869873856,2026-07-22 06:06:52.959878,2026-07-22 06:10:44.335669,0 days 00:03:51.375791,11,1.5,65.0,31.0,5,0.1,0.002,15,1.9,6,0.0,-74.39301594450424,-50.991075200981165,-29.301589676354318,26.650580869873856,0.0,-5.899648932831285,385.0,COMPLETE
370,22.03868732423056,2026-07-22 06:07:00.688691,2026-07-22 06:10:50.877219,0 days 00:03:50.188528,11,1.6,65.0,31.0,5,0.1,0.002,17,2.1,10,0.0,-88.84860824307174,-70.57196264071598,-34.354111596943014,22.03868732423056,0.0,-16.07746599458729,338.0,COMPLETE
371,22.029253034925564,2026-07-22 06:07:59.197836,2026-07-22 06:11:42.032107,0 days 00:03:42.834271,11,1.7,65.0,31.0,5,0.1,0.001,15,1.9,19,0.0,-86.1694065163799,-62.05000639921382,-32.713666639811755,22.029253034925564,0.0,-8.594266522645583,332.0,COMPLETE
372,24.756222840320177,2026-07-22 06:09:24.887053,2026-07-22 06:13:14.141593,0 days 00:03:49.254540,11,1.6,65.0,31.0,5,0.1,0.002,14,2.1,6,0.0,-85.87217429117365,-61.377597973192856,-31.56727907934539,24.756222840320177,0.0,-7.072702761364578,366.0,COMPLETE
373,24.756222840320177,2026-07-22 06:10:12.450628,2026-07-22 06:13:57.948889,0 days 00:03:45.498261,11,1.6,65.0,31.0,5,0.1,0.002,14,3.0,6,0.0,-85.87217429117365,-61.377597973192856,-31.56727907934539,24.756222840320177,0.0,-7.072702761364578,366.0,COMPLETE
374,26.5550698622431,2026-07-22 06:10:14.258651,2026-07-22 06:14:06.536315,0 days 00:03:52.277664,11,1.5,65.0,31.0,5,0.2,0.002,17,2.1,6,0.0,-74.39301594450424,-51.93322188699093,-29.27527835998361,26.5550698622431,0.0,-6.815484302470345,384.0,COMPLETE
375,24.258761672154954,2026-07-22 06:10:20.953386,2026-07-22 06:14:10.871228,0 days 00:03:49.917842,11,1.7,65.0,31.0,5,0.2,0.002,14,2.1,5,0.0,-79.02218844172296,-53.16617792321756,-35.476421237574634,24.258761672154954,0.0,-9.620410719069184,358.0,COMPLETE
376,21.1950465719263,2026-07-22 06:10:29.986160,2026-07-22 06:14:18.934430,0 days 00:03:48.948270,11,1.7,65.0,30.0,5,0.2,0.002,14,2.1,10,0.0,-79.98765315823296,-57.09074515328884,-41.24429437276772,21.1950465719263,0.0,-18.347386367823578,323.0,COMPLETE
377,29.414698547173433,2026-07-22 06:10:36.537956,2026-07-22 06:14:31.928385,0 days 00:03:55.390429,11,1.5,65.0,30.0,5,0.2,0.001,14,2.2,5,0.0,-97.20052238208272,-57.78446820577363,-40.48128955502183,29.414698547173433,0.0,-1.0652353787127675,427.0,COMPLETE
378,26.949376667714333,2026-07-22 06:10:43.980013,2026-07-22 06:14:36.295277,0 days 00:03:52.315264,11,1.7,64.0,30.0,5,0.2,0.001,14,2.1,5,0.0,-85.31486413213581,-61.67342598653867,-33.41546830852606,26.949376667714333,0.0,-9.774030162928819,393.0,COMPLETE
379,26.949376667714333,2026-07-22 06:10:44.404645,2026-07-22 06:14:35.547044,0 days 00:03:51.142399,11,1.7,64.0,30.0,5,0.2,0.001,14,2.2,5,0.0,-85.31486413213581,-61.67342598653867,-33.41546830852606,26.949376667714333,0.0,-9.774030162928819,393.0,COMPLETE
380,26.866550727827914,2026-07-22 06:10:50.939266,2026-07-22 06:14:40.375773,0 days 00:03:49.436507,11,1.7,64.0,30.0,5,0.2,0.001,17,3.0,5,0.0,-85.31486413213581,-61.77188030735416,-33.38915699215535,26.866550727827914,0.0,-9.846173167373594,392.0,COMPLETE
381,29.414698547173433,2026-07-22 06:11:42.086082,2026-07-22 06:15:31.905259,0 days 00:03:49.819177,11,1.5,64.0,30.0,5,0.2,0.001,14,2.2,5,0.0,-97.20052238208272,-57.78446820577363,-40.48128955502183,29.414698547173433,0.0,-1.0652353787127675,427.0,COMPLETE
382,26.112631132172908,2026-07-22 06:13:14.202893,2026-07-22 06:17:03.354822,0 days 00:03:49.151929,11,1.5,64.0,20.0,5,0.2,0.001,17,2.2,5,0.0,-101.38584477502182,-72.50287216492735,-33.542695513333285,26.112631132172908,0.0,-4.6597229032388015,388.0,COMPLETE
383,29.597398917612907,2026-07-22 06:13:58.005500,2026-07-22 06:17:46.262665,0 days 00:03:48.257165,10,1.5,64.0,30.0,5,0.2,0.001,17,2.8,5,0.0,-110.00650249403361,-68.54881055168988,-34.190783697676295,29.597398917612907,0.0,7.2669082446673965,431.0,COMPLETE
384,19.16938951902259,2026-07-22 06:14:06.585057,2026-07-22 06:17:50.806271,0 days 00:03:44.221214,10,1.7,64.0,30.0,14,0.2,0.001,16,2.2,5,0.0,-51.98219782784721,-42.70023398733875,-27.803785556263417,19.16938951902259,0.0,-18.521821715755003,282.0,COMPLETE
385,29.736210521228813,2026-07-22 06:14:10.931298,2026-07-22 06:18:05.477477,0 days 00:03:54.546179,10,1.5,64.0,30.0,5,0.2,0.001,16,2.8,5,0.0,-109.3988254555722,-67.20682124314635,-34.217095014047004,29.736210521228813,0.0,7.974909198378829,432.0,COMPLETE
386,29.597398917612907,2026-07-22 06:14:18.984225,2026-07-22 06:18:10.901540,0 days 00:03:51.917315,10,1.5,64.0,30.0,5,0.2,0.001,17,2.8,5,0.0,-110.00650249403361,-68.54881055168988,-34.190783697676295,29.597398917612907,0.0,7.2669082446673965,431.0,COMPLETE
387,29.597398917612907,2026-07-22 06:14:32.063721,2026-07-22 06:18:24.783840,0 days 00:03:52.720119,10,1.5,64.0,30.0,5,0.2,0.001,17,3.0,5,0.0,-110.00650249403361,-68.54881055168988,-34.190783697676295,29.597398917612907,0.0,7.2669082446673965,431.0,COMPLETE
388,29.597398917612907,2026-07-22 06:14:35.599618,2026-07-22 06:18:28.146777,0 days 00:03:52.547159,10,1.5,64.0,30.0,5,0.2,0.001,17,2.2,5,0.0,-110.00650249403361,-68.54881055168988,-34.190783697676295,29.597398917612907,0.0,7.2669082446673965,431.0,COMPLETE
389,29.597398917612907,2026-07-22 06:14:36.352202,2026-07-22 06:18:30.638654,0 days 00:03:54.286452,10,1.5,64.0,30.0,5,0.2,0.001,17,3.0,5,0.0,-110.00650249403361,-68.54881055168988,-34.190783697676295,29.597398917612907,0.0,7.2669082446673965,431.0,COMPLETE
390,29.736210521228813,2026-07-22 06:14:40.435596,2026-07-22 06:18:33.505526,0 days 00:03:53.069930,10,1.5,65.0,30.0,5,0.2,0.001,16,1.9,5,0.0,-109.3988254555722,-67.20682124314635,-34.217095014047004,29.736210521228813,0.0,7.974909198378829,432.0,COMPLETE
391,29.597398917612907,2026-07-22 06:15:31.968539,2026-07-22 06:19:20.758292,0 days 00:03:48.789753,10,1.5,64.0,30.0,5,0.2,0.001,17,1.9,5,0.0,-110.00650249403361,-68.54881055168988,-34.190783697676295,29.597398917612907,0.0,7.2669082446673965,431.0,COMPLETE
392,29.777814237685252,2026-07-22 06:17:03.408893,2026-07-22 06:20:55.292590,0 days 00:03:51.883697,10,1.5,64.0,30.0,5,0.2,0.001,12,2.2,5,0.0,-108.88481195140582,-67.20682124314635,-32.980383657427396,29.777814237685252,0.0,8.69760705083204,432.0,COMPLETE
393,29.147987057314197,2026-07-22 06:17:46.311755,2026-07-22 06:21:31.282252,0 days 00:03:44.970497,10,1.5,64.0,28.0,5,0.2,0.001,16,2.8,5,0.0,-117.26894157263794,-64.5395056168915,-43.66310320500804,29.147987057314197,0.0,9.066332750738377,428.0,COMPLETE
394,11.956850066939257,2026-07-22 06:17:50.861397,2026-07-22 06:21:29.845790,0 days 00:03:38.984393,10,2.6,64.0,30.0,5,0.2,0.001,17,2.2,5,0.0,-4.229339693722316,-14.497620410906103,-13.376269356492566,11.956850066939257,0.0,-23.644550073676317,173.0,COMPLETE
395,18.032102659360426,2026-07-22 06:18:05.535085,2026-07-22 06:21:49.080884,0 days 00:03:43.545799,10,1.5,63.0,30.0,20,0.2,0.001,16,2.8,5,0.0,-54.40271841975152,-46.047354643153675,-14.71707927367662,18.032102659360426,0.0,-6.361715497078746,265.0,COMPLETE
396,29.822564461905053,2026-07-22 06:18:10.968910,2026-07-22 06:22:04.083533,0 days 00:03:53.114623,10,1.5,63.0,30.0,5,0.2,0.001,16,2.8,5,0.0,-109.2421504496655,-67.20682124314635,-34.0604200081403,29.822564461905053,0.0,7.974909198378829,433.0,COMPLETE
397,29.864166329192702,2026-07-22 06:18:24.845263,2026-07-22 06:22:17.160482,0 days 00:03:52.315219,10,1.5,63.0,30.0,5,0.2,0.001,12,3.0,5,0.0,-108.7281369454991,-67.20682124314635,-32.82370865152069,29.864166329192702,0.0,8.69760705083204,433.0,COMPLETE
398,25.50340816380691,2026-07-22 06:18:28.204170,2026-07-22 06:22:20.090378,0 days 00:03:51.886208,10,1.5,63.0,30.0,5,0.2,0.001,16,2.2,17,0.0,-107.00546055178808,-81.75049175160662,-27.81014179855021,25.50340816380691,0.0,-2.555172998368696,384.0,COMPLETE
399,29.736210521228813,2026-07-22 06:18:30.692923,2026-07-22 06:22:24.533896,0 days 00:03:53.840973,10,1.5,64.0,30.0,5,0.2,0.001,16,3.0,5,0.0,-109.3988254555722,-67.20682124314635,-34.217095014047004,29.736210521228813,0.0,7.974909198378829,432.0,COMPLETE
400,29.864166329192702,2026-07-22 06:18:33.554567,2026-07-22 06:22:26.777019,0 days 00:03:53.222452,10,1.5,63.0,30.0,5,0.2,0.001,12,2.2,5,0.0,-108.7281369454991,-67.20682124314635,-32.82370865152069,29.864166329192702,0.0,8.69760705083204,433.0,COMPLETE
401,29.864166329192702,2026-07-22 06:19:20.808542,2026-07-22 06:23:10.411760,0 days 00:03:49.603218,10,1.5,63.0,30.0,5,0.2,0.001,12,3.0,5,0.0,-108.7281369454991,-67.20682124314635,-32.82370865152069,29.864166329192702,0.0,8.69760705083204,433.0,COMPLETE
402,29.777814237685252,2026-07-22 06:20:55.348231,2026-07-22 06:24:44.994680,0 days 00:03:49.646449,10,1.5,64.0,30.0,5,0.2,0.001,11,2.2,5,0.0,-108.88481195140582,-67.20682124314635,-32.980383657427396,29.777814237685252,0.0,8.69760705083204,432.0,COMPLETE
403,29.822564461905053,2026-07-22 06:21:29.898126,2026-07-22 06:25:22.508586,0 days 00:03:52.610460,10,1.5,63.0,30.0,5,0.2,0.001,16,3.0,5,0.0,-109.2421504496655,-67.20682124314635,-34.0604200081403,29.822564461905053,0.0,7.974909198378829,433.0,COMPLETE
404,29.822564461905053,2026-07-22 06:21:31.341786,2026-07-22 06:25:17.547084,0 days 00:03:46.205298,10,1.5,63.0,30.0,5,0.2,0.001,16,2.2,5,0.0,-109.2421504496655,-67.20682124314635,-34.0604200081403,29.822564461905053,0.0,7.974909198378829,433.0,COMPLETE
405,29.822564461905053,2026-07-22 06:21:49.135417,2026-07-22 06:25:42.778484,0 days 00:03:53.643067,10,1.5,63.0,30.0,5,0.2,0.001,16,2.2,5,0.0,-109.2421504496655,-67.20682124314635,-34.0604200081403,29.822564461905053,0.0,7.974909198378829,433.0,COMPLETE
406,29.864166329192702,2026-07-22 06:22:04.140682,2026-07-22 06:25:57.187159,0 days 00:03:53.046477,10,1.5,63.0,30.0,5,0.2,0.001,12,1.9,5,0.0,-108.7281369454991,-67.20682124314635,-32.82370865152069,29.864166329192702,0.0,8.69760705083204,433.0,COMPLETE
407,29.987066940443732,2026-07-22 06:22:17.213844,2026-07-22 06:26:12.644004,0 days 00:03:55.430160,10,1.5,63.0,29.0,5,0.2,0.001,11,3.0,5,0.0,-110.57143138370157,-65.96925911744216,-35.114239353122116,29.987066940443732,0.0,9.487932913137241,435.0,COMPLETE
408,29.987066940443732,2026-07-22 06:22:20.149213,2026-07-22 06:26:16.465410,0 days 00:03:56.316197,10,1.5,63.0,29.0,5,0.2,0.001,11,3.0,5,0.0,-110.57143138370157,-65.96925911744216,-35.114239353122116,29.987066940443732,0.0,9.487932913137241,435.0,COMPLETE
409,29.987066940443732,2026-07-22 06:22:24.595805,2026-07-22 06:26:19.825766,0 days 00:03:55.229961,10,1.5,63.0,29.0,5,0.2,0.001,13,3.0,5,0.0,-110.57143138370157,-65.96925911744216,-35.114239353122116,29.987066940443732,0.0,9.487932913137241,435.0,COMPLETE
410,29.987066940443732,2026-07-22 06:22:26.837606,2026-07-22 06:26:19.499066,0 days 00:03:52.661460,10,1.5,63.0,29.0,5,0.2,0.001,11,3.0,5,0.0,-110.57143138370157,-65.96925911744216,-35.114239353122116,29.987066940443732,0.0,9.487932913137241,435.0,COMPLETE
411,29.642401895237533,2026-07-22 06:23:10.477942,2026-07-22 06:26:58.802377,0 days 00:03:48.324435,10,1.5,63.0,29.0,5,0.2,0.001,12,3.0,6,0.0,-102.34676818666563,-67.24848135556233,-28.840229444122922,29.642401895237533,0.0,6.25805738698036,428.0,COMPLETE
412,29.987066940443732,2026-07-22 06:24:45.046765,2026-07-22 06:28:33.444869,0 days 00:03:48.398104,10,1.5,63.0,29.0,5,0.2,0.001,11,3.0,5,0.0,-110.57143138370157,-65.96925911744216,-35.114239353122116,29.987066940443732,0.0,9.487932913137241,435.0,COMPLETE
413,29.642401895237533,2026-07-22 06:25:17.604970,2026-07-22 06:29:03.781172,0 days 00:03:46.176202,10,1.5,62.0,29.0,5,0.2,0.001,12,3.0,6,0.0,-102.34676818666563,-67.24848135556233,-28.840229444122922,29.642401895237533,0.0,6.25805738698036,428.0,COMPLETE
414,29.740889554946616,2026-07-22 06:25:22.557549,2026-07-22 06:29:16.278392,0 days 00:03:53.720843,10,1.5,62.0,29.0,5,0.2,0.001,10,3.0,6,0.0,-102.34676818666563,-67.24848135556233,-24.738878509254707,29.740889554946616,0.0,10.359408321848575,427.0,COMPLETE
415,29.642401895237533,2026-07-22 06:25:42.828007,2026-07-22 06:29:39.560427,0 days 00:03:56.732420,10,1.5,62.0,29.0,5,0.2,0.001,11,3.0,6,0.0,-102.34676818666563,-67.24848135556233,-28.840229444122922,29.642401895237533,0.0,6.25805738698036,428.0,COMPLETE
416,29.642401895237533,2026-07-22 06:25:57.241245,2026-07-22 06:29:51.767954,0 days 00:03:54.526709,10,1.5,63.0,29.0,5,0.2,0.001,11,3.0,6,0.0,-102.34676818666563,-67.24848135556233,-28.840229444122922,29.642401895237533,0.0,6.25805738698036,428.0,COMPLETE
417,29.924673130764905,2026-07-22 06:26:12.707764,2026-07-22 06:30:06.815874,0 days 00:03:54.108110,10,1.5,62.0,29.0,5,0.1,0.001,11,3.0,6,0.0,-95.78294037732385,-60.196158617186484,-29.328724373157083,29.924673130764905,0.0,6.25805738698036,428.0,COMPLETE
418,29.924673130764905,2026-07-22 06:26:16.518944,2026-07-22 06:30:09.420249,0 days 00:03:52.901305,10,1.5,62.0,29.0,5,0.1,0.001,11,3.0,6,0.0,-95.78294037732385,-60.196158617186484,-29.328724373157083,29.924673130764905,0.0,6.25805738698036,428.0,COMPLETE
419,29.924673130764905,2026-07-22 06:26:19.563628,2026-07-22 06:30:11.578240,0 days 00:03:52.014612,10,1.5,62.0,29.0,5,0.1,0.001,11,3.0,6,0.0,-95.78294037732385,-60.196158617186484,-29.328724373157083,29.924673130764905,0.0,6.25805738698036,428.0,COMPLETE
420,29.215544993736202,2026-07-22 06:26:19.923837,2026-07-22 06:30:12.853853,0 days 00:03:52.930016,10,1.5,62.0,28.0,5,0.1,0.001,11,3.0,6,0.0,-101.80976205618717,-58.7664051166358,-36.48420186251668,29.215544993736202,0.0,6.5591550770347045,422.0,COMPLETE
421,29.215544993736202,2026-07-22 06:26:58.871880,2026-07-22 06:30:48.251159,0 days 00:03:49.379279,10,1.5,62.0,28.0,5,0.1,0.001,11,3.0,6,0.0,-101.80976205618717,-58.7664051166358,-36.48420186251668,29.215544993736202,0.0,6.5591550770347045,422.0,COMPLETE
422,29.215544993736202,2026-07-22 06:28:33.494133,2026-07-22 06:32:25.232773,0 days 00:03:51.738640,10,1.5,62.0,28.0,5,0.1,0.001,11,3.0,6,0.0,-101.80976205618717,-58.7664051166358,-36.48420186251668,29.215544993736202,0.0,6.5591550770347045,422.0,COMPLETE
423,29.215544993736202,2026-07-22 06:29:03.831454,2026-07-22 06:32:50.599265,0 days 00:03:46.767811,10,1.5,63.0,28.0,5,0.1,0.001,11,3.0,6,0.0,-101.80976205618717,-58.7664051166358,-36.48420186251668,29.215544993736202,0.0,6.5591550770347045,422.0,COMPLETE
424,29.924673130764905,2026-07-22 06:29:16.337973,2026-07-22 06:33:07.600989,0 days 00:03:51.263016,10,1.5,62.0,29.0,5,0.1,0.001,11,3.0,6,0.0,-95.78294037732385,-60.196158617186484,-29.328724373157083,29.924673130764905,0.0,6.25805738698036,428.0,COMPLETE
425,29.215544993736202,2026-07-22 06:29:39.616864,2026-07-22 06:33:33.131466,0 days 00:03:53.514602,10,1.5,63.0,28.0,5,0.1,0.001,11,3.0,6,0.0,-101.80976205618717,-58.7664051166358,-36.48420186251668,29.215544993736202,0.0,6.5591550770347045,422.0,COMPLETE
426,29.31495025904809,2026-07-22 06:29:51.829233,2026-07-22 06:33:44.480121,0 days 00:03:52.650888,10,1.5,62.0,28.0,5,0.1,0.001,10,3.0,6,0.0,-101.80976205618717,-58.7664051166358,-32.382850927648484,29.31495025904809,0.0,10.66050601190292,421.0,COMPLETE
427,21.356014579156277,2026-07-22 06:30:06.879116,2026-07-22 06:33:51.446079,0 days 00:03:44.566963,10,1.5,62.0,28.0,5,0.1,0.004,10,3.0,6,0.0,-49.75101725936544,-34.31620263323443,-26.95277053676678,21.356014579156277,0.0,-11.517955910635793,306.0,COMPLETE
428,27.47686627036814,2026-07-22 06:30:09.487546,2026-07-22 06:34:01.255923,0 days 00:03:51.768377,10,1.5,63.0,28.0,6,0.1,0.001,10,3.0,6,0.0,-102.93994565454844,-57.79025110684076,-35.63029855196288,27.47686627036814,0.0,9.519395995744796,399.0,COMPLETE
429,27.49553196161353,2026-07-22 06:30:11.636542,2026-07-22 06:34:03.445664,0 days 00:03:51.809122,10,1.5,62.0,28.0,6,0.1,0.001,10,3.0,6,0.0,-104.37807246795086,-59.22837792024318,-35.63029855196288,27.49553196161353,0.0,9.519395995744796,400.0,COMPLETE
430,27.47686627036814,2026-07-22 06:30:12.916019,2026-07-22 06:34:03.469326,0 days 00:03:50.553307,10,1.5,63.0,28.0,6,0.1,0.001,10,3.0,6,0.0,-102.93994565454844,-57.79025110684076,-35.63029855196288,27.47686627036814,0.0,9.519395995744796,399.0,COMPLETE
431,27.47686627036814,2026-07-22 06:30:48.299086,2026-07-22 06:34:34.793277,0 days 00:03:46.494191,10,1.5,63.0,28.0,6,0.1,0.001,10,3.0,6,0.0,-102.93994565454844,-57.79025110684076,-35.63029855196288,27.47686627036814,0.0,9.519395995744796,399.0,COMPLETE
432,24.127257889595985,2026-07-22 06:32:25.285475,2026-07-22 06:36:12.910358,0 days 00:03:47.624883,11,1.5,63.0,28.0,6,0.0,0.001,10,3.0,6,0.0,-66.67811282843782,-53.13226179976787,-24.520626973325903,24.127257889595985,0.0,-10.974775944656002,349.0,COMPLETE
433,28.07073596978029,2026-07-22 06:32:50.647489,2026-07-22 06:36:36.071470,0 days 00:03:45.423981,11,1.5,63.0,29.0,6,0.1,0.001,10,3.0,6,0.0,-99.35183042540255,-52.0584673566452,-45.69015587643988,28.07073596978029,0.0,1.6032071923174687,409.0,COMPLETE
434,23.691545479078155,2026-07-22 06:33:07.651035,2026-07-22 06:36:57.304606,0 days 00:03:49.653571,11,1.5,63.0,29.0,6,0.0,0.001,10,3.0,7,0.0,-75.67886436789563,-60.34236434397376,-26.406033761383107,23.691545479078155,0.0,-11.069533737461349,349.0,COMPLETE
435,23.691545479078155,2026-07-22 06:33:33.190208,2026-07-22 06:37:23.113265,0 days 00:03:49.923057,11,1.5,63.0,29.0,6,0.0,0.001,10,3.0,7,0.0,-75.67886436789563,-60.34236434397376,-26.406033761383107,23.691545479078155,0.0,-11.069533737461349,349.0,COMPLETE
436,24.412314336700483,2026-07-22 06:33:44.535760,2026-07-22 06:37:34.060871,0 days 00:03:49.525111,11,1.5,63.0,29.0,6,0.0,0.001,12,3.0,6,0.0,-71.64919613686139,-55.276366051426855,-31.44895696495864,24.412314336700483,0.0,-15.076126879524217,357.0,COMPLETE
437,23.629530601360756,2026-07-22 06:33:51.498596,2026-07-22 06:37:40.509964,0 days 00:03:49.011368,11,1.5,63.0,29.0,6,0.0,0.001,12,3.0,7,0.0,-75.67886436789563,-60.34236434397376,-30.507384696251307,23.629530601360756,0.0,-15.170884672329565,350.0,COMPLETE
438,27.470183810921068,2026-07-22 06:34:01.301925,2026-07-22 06:37:52.473147,0 days 00:03:51.171222,11,1.5,63.0,29.0,6,0.1,0.001,12,3.0,7,0.0,-101.91947513377427,-58.45210278638622,-49.67945065503816,27.470183810921068,0.0,-6.212078307650092,407.0,COMPLETE
439,27.991503552496674,2026-07-22 06:34:03.544478,2026-07-22 06:37:55.418729,0 days 00:03:51.874251,11,1.5,63.0,29.0,6,0.1,0.001,12,3.0,6,0.0,-99.35183042540255,-52.0584673566452,-49.79150681130809,27.991503552496674,0.0,-2.498143742550747,410.0,COMPLETE
440,24.412314336700483,2026-07-22 06:34:03.566879,2026-07-22 06:37:53.527951,0 days 00:03:49.961072,11,1.5,63.0,29.0,6,0.0,0.001,12,3.0,6,0.0,-71.64919613686139,-55.276366051426855,-31.44895696495864,24.412314336700483,0.0,-15.076126879524217,357.0,COMPLETE
441,24.87837207462844,2026-07-22 06:34:34.842894,2026-07-22 06:38:20.138344,0 days 00:03:45.295450,11,1.5,63.0,29.0,5,0.0,0.001,12,3.0,7,0.0,-59.49759157274992,-62.06817572124894,-12.921962393893754,24.87837207462844,0.0,-15.492546542392814,358.0,COMPLETE
442,24.87837207462844,2026-07-22 06:36:12.957777,2026-07-22 06:40:00.412428,0 days 00:03:47.454651,11,1.5,63.0,29.0,5,0.0,0.001,12,3.0,7,0.0,-59.49759157274992,-62.06817572124894,-12.921962393893754,24.87837207462844,0.0,-15.492546542392814,358.0,COMPLETE
443,24.87837207462844,2026-07-22 06:36:36.130173,2026-07-22 06:40:17.696490,0 days 00:03:41.566317,11,1.5,61.0,29.0,5,0.0,0.001,12,3.0,7,0.0,-59.49759157274992,-62.06817572124894,-12.921962393893754,24.87837207462844,0.0,-15.492546542392814,358.0,COMPLETE
444,28.713653494400262,2026-07-22 06:36:57.366055,2026-07-22 06:40:49.860214,0 days 00:03:52.494159,11,1.5,61.0,29.0,5,0.2,0.001,12,3.0,7,0.0,-90.76337432013379,-65.34100022606327,-33.42809606354819,28.713653494400262,0.0,-8.00572196947772,418.0,COMPLETE
445,29.304336515571975,2026-07-22 06:37:23.167289,2026-07-22 06:41:17.829797,0 days 00:03:54.662508,11,1.5,61.0,29.0,5,0.2,0.001,12,3.0,6,0.0,-88.19572961176205,-58.94736479632227,-34.101508356174115,29.304336515571975,0.0,-4.853143540734343,422.0,COMPLETE
446,28.714411529017685,2026-07-22 06:37:34.122800,2026-07-22 06:41:27.190094,0 days 00:03:53.067294,11,1.5,62.0,29.0,5,0.2,0.001,12,3.0,7,0.0,-90.72961160821124,-65.30723751414072,-33.42809606354819,28.714411529017685,0.0,-8.00572196947772,418.0,COMPLETE
447,17.04438344752994,2026-07-22 06:37:40.563550,2026-07-22 06:41:22.244576,0 days 00:03:41.681026,11,2.1,61.0,29.0,5,0.2,0.001,12,3.0,6,0.0,-80.53590162049784,-37.80537611321509,-58.52266895226092,17.04438344752994,0.0,-15.792143444978183,270.0,COMPLETE
448,29.304336515571975,2026-07-22 06:37:52.531797,2026-07-22 06:41:46.188011,0 days 00:03:53.656214,11,1.5,61.0,29.0,5,0.2,0.001,12,2.2,6,0.0,-88.19572961176205,-58.94736479632227,-34.101508356174115,29.304336515571975,0.0,-4.853143540734343,422.0,COMPLETE
449,29.642401895237533,2026-07-22 06:37:53.581679,2026-07-22 06:41:46.769732,0 days 00:03:53.188053,10,1.5,61.0,29.0,5,0.2,0.001,12,2.2,6,0.0,-102.34676818666563,-67.24848135556233,-28.840229444122922,29.642401895237533,0.0,6.25805738698036,428.0,COMPLETE
450,29.642401895237533,2026-07-22 06:37:55.476911,2026-07-22 06:41:48.079914,0 days 00:03:52.603003,10,1.5,61.0,29.0,5,0.2,0.001,11,3.0,6,0.0,-102.34676818666563,-67.24848135556233,-28.840229444122922,29.642401895237533,0.0,6.25805738698036,428.0,COMPLETE
451,28.66028427312641,2026-07-22 06:38:20.189697,2026-07-22 06:42:08.472602,0 days 00:03:48.282905,10,1.5,62.0,27.0,5,0.2,0.001,13,2.2,6,0.0,-106.40008587214903,-63.09808631817181,-37.652701879746026,28.66028427312641,0.0,5.649297674231139,418.0,COMPLETE
452,29.642401895237533,2026-07-22 06:40:00.478281,2026-07-22 06:43:51.701159,0 days 00:03:51.222878,10,1.5,61.0,29.0,5,0.2,0.001,11,2.2,6,0.0,-102.34676818666563,-67.24848135556233,-28.840229444122922,29.642401895237533,0.0,6.25805738698036,428.0,COMPLETE
453,29.642401895237533,2026-07-22 06:40:17.745495,2026-07-22 06:44:03.157492,0 days 00:03:45.411997,10,1.5,62.0,29.0,5,0.2,0.001,11,2.2,6,0.0,-102.34676818666563,-67.24848135556233,-28.840229444122922,29.642401895237533,0.0,6.25805738698036,428.0,COMPLETE
454,29.518634554845796,2026-07-22 06:40:49.929179,2026-07-22 06:44:43.255198,0 days 00:03:53.326019,10,1.5,62.0,30.0,5,0.2,0.001,13,2.2,6,0.0,-100.50347374846316,-68.48604348126652,-26.549698742521503,29.518634554845796,0.0,5.467731524675159,426.0,COMPLETE
455,20.456612038057614,2026-07-22 06:41:17.913227,2026-07-22 06:45:05.062520,0 days 00:03:47.149293,10,1.5,62.0,30.0,15,0.2,0.001,13,2.2,6,0.0,-52.938878538560274,-43.63185510776613,-24.28259483991106,20.456612038057614,0.0,-14.9755714091169,298.0,COMPLETE
456,26.045004918041837,2026-07-22 06:41:22.299472,2026-07-22 06:45:11.469705,0 days 00:03:49.170233,10,1.5,62.0,30.0,5,0.2,0.002,11,2.2,6,0.0,-99.8323052538106,-55.905672059876615,-41.77703510441122,26.045004918041837,0.0,2.1495980895227538,384.0,COMPLETE
457,29.518634554845796,2026-07-22 06:41:27.245150,2026-07-22 06:45:21.117295,0 days 00:03:53.872145,10,1.5,62.0,30.0,5,0.2,0.001,11,2.2,6,0.0,-100.50347374846316,-68.48604348126652,-26.549698742521503,29.518634554845796,0.0,5.467731524675159,426.0,COMPLETE
458,28.19004365168968,2026-07-22 06:41:46.244468,2026-07-22 06:45:37.783102,0 days 00:03:51.538634,10,1.6,62.0,30.0,5,0.2,0.001,13,2.3,6,0.0,-79.32518284852524,-50.02476193342719,-22.549330265544302,28.19004365168968,0.0,6.751090649553795,398.0,COMPLETE
459,24.82756595860906,2026-07-22 06:41:46.819323,2026-07-22 06:45:35.971610,0 days 00:03:49.152287,10,1.6,62.0,30.0,5,0.1,0.002,13,2.3,6,0.0,-79.73997748703114,-40.53759389332566,-35.39583871699839,24.82756595860906,0.0,3.806544876707081,360.0,COMPLETE
460,24.82756595860906,2026-07-22 06:41:48.180375,2026-07-22 06:45:35.976984,0 days 00:03:47.796609,10,1.6,62.0,30.0,5,0.1,0.002,11,2.3,6,0.0,-79.73997748703114,-40.53759389332566,-35.39583871699839,24.82756595860906,0.0,3.806544876707081,360.0,COMPLETE
461,16.67452664635198,2026-07-22 06:42:08.523848,2026-07-22 06:45:45.399885,0 days 00:03:36.876037,10,1.6,62.0,30.0,19,0.1,0.002,11,2.3,6,0.0,-50.016328347502274,-42.717087521357335,-21.381916857905562,16.67452664635198,0.0,-14.082676031760606,249.0,COMPLETE
462,25.42228383667471,2026-07-22 06:43:51.762864,2026-07-22 06:47:37.645519,0 days 00:03:45.882655,10,1.6,62.0,30.0,5,0.1,0.002,11,2.0,5,0.0,-78.71814835349592,-40.20065466897535,-32.562708733646275,25.42228383667471,0.0,5.954784950874249,366.0,COMPLETE
463,14.117641276746854,2026-07-22 06:44:03.208405,2026-07-22 06:47:36.227531,0 days 00:03:33.019126,10,2.3,62.0,30.0,5,0.1,0.002,13,2.3,5,0.0,-40.26821480617923,-22.377652493208835,-25.90778128411681,14.117641276746854,0.0,-8.017218971146406,210.0,COMPLETE
464,5.7644437707075,2026-07-22 06:44:43.308534,2026-07-22 06:48:20.285001,0 days 00:03:36.976467,10,1.6,62.0,30.0,5,0.1,0.007,11,3.0,20,0.0,-7.76746901775696,-7.728139967038959,-6.046007170416478,5.7644437707075,0.0,-6.006678119698477,86.0,COMPLETE
465,25.42228383667471,2026-07-22 06:45:05.126334,2026-07-22 06:48:55.204759,0 days 00:03:50.078425,10,1.6,62.0,30.0,5,0.1,0.002,11,2.3,5,0.0,-78.71814835349592,-40.20065466897535,-32.562708733646275,25.42228383667471,0.0,5.954784950874249,366.0,COMPLETE
466,13.056336636357766,2026-07-22 06:45:11.527296,2026-07-22 06:48:48.328461,0 days 00:03:36.801165,10,1.6,62.0,30.0,5,0.1,0.009000000000000001,11,2.3,5,0.0,-10.386423469821178,-17.630013204117446,-18.834901134985156,13.056336636357766,0.0,-26.078490869281406,189.0,COMPLETE
467,25.42228383667471,2026-07-22 06:45:21.173030,2026-07-22 06:49:09.184976,0 days 00:03:48.011946,10,1.6,63.0,30.0,5,0.1,0.002,11,2.3,5,0.0,-78.71814835349592,-40.20065466897535,-32.562708733646275,25.42228383667471,0.0,5.954784950874249,366.0,COMPLETE
468,29.016522138905362,2026-07-22 06:45:36.037244,2026-07-22 06:49:28.153931,0 days 00:03:52.116687,10,1.6,63.0,30.0,5,0.1,0.001,11,2.0,5,0.0,-74.15829853801769,-45.44093087943525,-20.58749409758229,29.016522138905362,0.0,8.12987356100022,405.0,COMPLETE
469,29.016522138905362,2026-07-22 06:45:36.040895,2026-07-22 06:49:26.761809,0 days 00:03:50.720914,10,1.6,63.0,30.0,5,0.1,0.001,11,2.0,5,0.0,-74.15829853801769,-45.44093087943525,-20.58749409758229,29.016522138905362,0.0,8.12987356100022,405.0,COMPLETE
470,29.016522138905362,2026-07-22 06:45:37.847693,2026-07-22 06:49:27.601564,0 days 00:03:49.753871,10,1.6,63.0,30.0,5,0.1,0.001,11,2.0,5,0.0,-74.15829853801769,-45.44093087943525,-20.58749409758229,29.016522138905362,0.0,8.12987356100022,405.0,COMPLETE
471,19.455738796032286,2026-07-22 06:45:45.459209,2026-07-22 06:49:23.963195,0 days 00:03:38.503986,10,2.0,63.0,30.0,5,0.1,0.001,11,2.0,5,0.0,-57.858255741728144,-27.135499436914866,-41.53974884656141,19.455738796032286,0.0,-10.816992541748172,286.0,COMPLETE
472,30.119334694995633,2026-07-22 06:47:36.276781,2026-07-22 06:51:21.360333,0 days 00:03:45.083552,10,1.5,63.0,30.0,5,0.1,0.001,11,3.0,5,0.0,-100.92674701045317,-58.91693637906629,-33.31220358055485,30.119334694995633,0.0,8.69760705083204,432.0,COMPLETE
473,24.97129731832167,2026-07-22 06:47:37.702809,2026-07-22 06:51:26.745700,0 days 00:03:49.042891,11,1.5,63.0,29.0,5,0.1,0.001,11,3.0,20,0.0,-88.11129967719735,-60.99977591411747,-32.79783625028777,24.97129731832167,0.0,-5.686312487207829,369.0,COMPLETE
474,29.777507976210725,2026-07-22 06:48:20.353255,2026-07-22 06:52:13.867248,0 days 00:03:53.513993,11,1.5,63.0,29.0,5,0.1,0.001,11,3.0,5,0.0,-92.16651732157327,-52.51057620250112,-41.42639446999253,29.777507976210725,0.0,-1.77045335092043,429.0,COMPLETE
475,29.65171831025377,2026-07-22 06:48:48.382708,2026-07-22 06:52:40.157241,0 days 00:03:51.774533,11,1.5,63.0,29.0,5,0.2,0.001,11,3.0,5,0.0,-96.95191439581161,-57.78446820577363,-40.937899540958384,29.65171831025377,0.0,-1.77045335092043,430.0,COMPLETE
476,28.942030215043165,2026-07-22 06:48:55.258317,2026-07-22 06:52:49.573899,0 days 00:03:54.315582,11,1.5,63.0,27.0,5,0.2,0.001,10,3.0,5,0.0,-102.03118439998276,-54.63997240680684,-41.99249739158769,28.942030215043165,0.0,5.398714601588215,420.0,COMPLETE
477,29.737079275011443,2026-07-22 06:49:09.252129,2026-07-22 06:53:02.363820,0 days 00:03:53.111691,11,1.5,63.0,29.0,5,0.2,0.001,10,3.0,5,0.0,-96.95191439581161,-57.78446820577363,-36.836548606090176,29.737079275011443,0.0,2.3308975839477837,429.0,COMPLETE
478,28.942030215043165,2026-07-22 06:49:24.019134,2026-07-22 06:53:13.129415,0 days 00:03:49.110281,11,1.5,63.0,27.0,5,0.2,0.001,10,3.0,5,0.0,-102.03118439998276,-54.63997240680684,-41.99249739158769,28.942030215043165,0.0,5.398714601588215,420.0,COMPLETE
479,29.737079275011443,2026-07-22 06:49:26.899808,2026-07-22 06:53:19.625879,0 days 00:03:52.726071,11,1.5,63.0,29.0,5,0.2,0.001,10,3.0,5,0.0,-96.95191439581161,-57.78446820577363,-36.836548606090176,29.737079275011443,0.0,2.3308975839477837,429.0,COMPLETE
480,29.737079275011443,2026-07-22 06:49:27.654380,2026-07-22 06:53:20.233428,0 days 00:03:52.579048,11,1.5,63.0,29.0,5,0.2,0.001,10,3.0,5,0.0,-96.95191439581161,-57.78446820577363,-36.836548606090176,29.737079275011443,0.0,2.3308975839477837,429.0,COMPLETE
481,28.780898662982615,2026-07-22 06:49:28.218508,2026-07-22 06:53:20.670004,0 days 00:03:52.451496,11,1.5,63.0,29.0,6,0.2,0.001,10,3.0,5,0.0,-101.76523379842196,-56.203225481291604,-40.87611093499895,28.780898662982615,0.0,4.685897382131379,418.0,COMPLETE
482,28.780898662982615,2026-07-22 06:51:21.424446,2026-07-22 06:55:06.848934,0 days 00:03:45.424488,11,1.5,63.0,29.0,6,0.2,0.001,10,3.0,5,0.0,-101.76523379842196,-56.203225481291604,-40.87611093499895,28.780898662982615,0.0,4.685897382131379,418.0,COMPLETE
483,28.67869235704178,2026-07-22 06:51:26.803281,2026-07-22 06:55:17.442537,0 days 00:03:50.639256,11,1.5,63.0,29.0,6,0.2,0.001,13,3.0,5,0.0,-101.76523379842196,-56.203225481291604,-44.97746186986717,28.67869235704178,0.0,0.584546447263167,419.0,COMPLETE
484,28.780898662982615,2026-07-22 06:52:13.934476,2026-07-22 06:56:04.310394,0 days 00:03:50.375918,11,1.5,63.0,29.0,6,0.2,0.001,10,3.0,5,0.0,-101.76523379842196,-56.203225481291604,-40.87611093499895,28.780898662982615,0.0,4.685897382131379,418.0,COMPLETE
485,27.9840046995532,2026-07-22 06:52:40.223685,2026-07-22 06:56:30.412821,0 days 00:03:50.189136,11,1.5,63.0,27.0,6,0.2,0.001,10,3.0,5,0.0,-85.92869361959083,-52.59993484658012,-32.26712893169834,27.9840046995532,0.0,1.0616298413123757,402.0,COMPLETE
486,28.780898662982615,2026-07-22 06:52:49.642209,2026-07-22 06:56:44.876789,0 days 00:03:55.234580,11,1.5,63.0,29.0,6,0.2,0.001,10,3.0,5,0.0,-101.76523379842196,-56.203225481291604,-40.87611093499895,28.780898662982615,0.0,4.685897382131379,418.0,COMPLETE
487,28.67869235704178,2026-07-22 06:53:02.423814,2026-07-22 06:56:56.882620,0 days 00:03:54.458806,11,1.5,63.0,29.0,6,0.2,0.001,13,3.0,5,0.0,-101.76523379842196,-56.203225481291604,-44.97746186986717,28.67869235704178,0.0,0.584546447263167,419.0,COMPLETE
488,28.80449605573256,2026-07-22 06:53:13.197388,2026-07-22 06:57:01.372946,0 days 00:03:48.175558,11,1.5,63.0,29.0,6,0.1,0.001,12,2.9000000000000004,5,0.0,-96.97983672418364,-50.92933347801911,-45.46595679890133,28.80449605573256,0.0,0.584546447263167,418.0,COMPLETE
489,19.247847746136095,2026-07-22 06:53:19.688258,2026-07-22 06:57:02.890365,0 days 00:03:43.202107,11,1.5,63.0,28.0,6,0.1,0.005,12,2.9000000000000004,5,0.0,-34.67231407572895,-36.08040156618778,-28.763787063056405,19.247847746136095,0.0,-30.171874553515213,282.0,COMPLETE
490,28.3784279874943,2026-07-22 06:53:20.306309,2026-07-22 06:57:13.245527,0 days 00:03:52.939218,11,1.5,63.0,28.0,6,0.1,0.001,12,2.9000000000000004,5,0.0,-87.9328246715683,-48.70396039271299,-38.644317831592176,28.3784279874943,0.0,0.584546447263167,408.0,COMPLETE
491,13.688819136380962,2026-07-22 06:53:20.729097,2026-07-22 06:57:01.852902,0 days 00:03:41.123805,11,2.5,63.0,28.0,6,0.1,0.001,13,2.9000000000000004,5,0.0,-7.321842231601413,-12.013214197373205,-18.958237468859693,13.688819136380962,0.0,-23.64960943463147,196.0,COMPLETE
492,28.18013544645192,2026-07-22 06:55:06.907728,2026-07-22 06:58:50.565120,0 days 00:03:43.657392,10,1.5,63.0,28.0,6,0.1,0.001,13,2.9000000000000004,5,0.0,-100.05103542601199,-56.51102886872058,-34.89208597025794,28.18013544645192,0.0,8.647920587033463,407.0,COMPLETE
493,13.109873666015217,2026-07-22 06:55:17.498419,2026-07-22 06:58:53.406168,0 days 00:03:35.907749,10,1.5,63.0,28.0,6,0.1,0.008,12,2.9000000000000004,6,0.0,-14.003105197407208,-14.742592605539546,-26.580183224759498,13.109873666015217,0.0,-27.31967063289179,192.0,COMPLETE
494,29.215544993736202,2026-07-22 06:56:04.375066,2026-07-22 06:59:56.321410,0 days 00:03:51.946344,10,1.5,62.0,28.0,5,0.1,0.001,12,2.9000000000000004,6,0.0,-101.80976205618717,-58.7664051166358,-36.48420186251668,29.215544993736202,0.0,6.5591550770347045,422.0,COMPLETE
495,29.215544993736202,2026-07-22 06:56:30.523497,2026-07-22 07:00:22.216142,0 days 00:03:51.692645,10,1.5,62.0,28.0,5,0.1,0.001,12,2.9000000000000004,6,0.0,-101.80976205618717,-58.7664051166358,-36.48420186251668,29.215544993736202,0.0,6.5591550770347045,422.0,COMPLETE
496,29.215544993736202,2026-07-22 06:56:44.937097,2026-07-22 07:00:38.661689,0 days 00:03:53.724592,10,1.5,62.0,28.0,5,0.1,0.001,12,2.9000000000000004,6,0.0,-101.80976205618717,-58.7664051166358,-36.48420186251668,29.215544993736202,0.0,6.5591550770347045,422.0,COMPLETE
497,29.215544993736202,2026-07-22 06:56:56.946037,2026-07-22 07:00:49.705692,0 days 00:03:52.759655,10,1.5,62.0,28.0,5,0.1,0.001,12,2.9000000000000004,6,0.0,-101.80976205618717,-58.7664051166358,-36.48420186251668,29.215544993736202,0.0,6.5591550770347045,422.0,COMPLETE
498,29.215544993736202,2026-07-22 06:57:01.427611,2026-07-22 07:00:47.893351,0 days 00:03:46.465740,10,1.5,62.0,28.0,5,0.1,0.001,12,2.9000000000000004,6,0.0,-101.80976205618717,-58.7664051166358,-36.48420186251668,29.215544993736202,0.0,6.5591550770347045,422.0,COMPLETE
499,29.215544993736202,2026-07-22 06:57:01.919619,2026-07-22 07:00:54.340255,0 days 00:03:52.420636,10,1.5,62.0,28.0,5,0.1,0.001,12,2.9000000000000004,6,0.0,-101.80976205618717,-58.7664051166358,-36.48420186251668,29.215544993736202,0.0,6.5591550770347045,422.0,COMPLETE
500,28.875799665813027,2026-07-22 06:57:02.957143,2026-07-22 07:00:54.734192,0 days 00:03:51.777049,10,1.5,62.0,28.0,5,0.30000000000000004,0.001,12,3.0,6,0.0,-107.83241246228295,-65.2775504517657,-35.995706933482516,28.875799665813027,0.0,6.5591550770347045,421.0,COMPLETE
501,27.4313738876509,2026-07-22 06:57:13.303005,2026-07-22 07:01:05.032254,0 days 00:03:51.729249,10,1.5,62.0,30.0,5,0.1,0.001,30,3.0,6,0.0,-95.47499829809348,-71.96573439794135,-30.445499078004126,27.4313738876509,0.0,-6.936235177851913,404.0,COMPLETE
502,29.77299138470097,2026-07-22 06:58:50.625918,2026-07-22 07:02:34.610867,0 days 00:03:43.984949,10,1.5,62.0,30.0,5,0.1,0.001,12,3.0,6,0.0,-92.70208381341723,-60.196158617186484,-27.038193671555657,29.77299138470097,0.0,5.467731524675159,425.0,COMPLETE
503,29.461480060737088,2026-07-22 06:58:53.472881,2026-07-22 07:02:44.511414,0 days 00:03:51.038533,10,1.5,62.0,30.0,5,0.30000000000000004,0.001,12,3.0,6,0.0,-99.96229634521723,-67.94486607802055,-26.549698742521503,29.461480060737088,0.0,5.467731524675159,425.0,COMPLETE
504,29.461480060737088,2026-07-22 06:59:56.384021,2026-07-22 07:03:48.791400,0 days 00:03:52.407379,10,1.5,62.0,30.0,5,0.30000000000000004,0.001,12,3.0,6,0.0,-99.96229634521723,-67.94486607802055,-26.549698742521503,29.461480060737088,0.0,5.467731524675159,425.0,COMPLETE
505,29.461480060737088,2026-07-22 07:00:22.279020,2026-07-22 07:04:13.649867,0 days 00:03:51.370847,10,1.5,62.0,30.0,5,0.30000000000000004,0.001,11,3.0,6,0.0,-99.96229634521723,-67.94486607802055,-26.549698742521503,29.461480060737088,0.0,5.467731524675159,425.0,COMPLETE
506,29.720717992190473,2026-07-22 07:00:38.709903,2026-07-22 07:04:30.901087,0 days 00:03:52.191184,10,1.5,64.0,30.0,5,0.30000000000000004,0.001,11,3.0,5,0.0,-108.34363454815986,-66.6656438399004,-32.980383657427396,29.720717992190473,0.0,8.69760705083204,431.0,COMPLETE
507,12.125194935542183,2026-07-22 07:00:47.952481,2026-07-22 07:04:22.318242,0 days 00:03:34.365761,10,3.0,64.0,30.0,5,0.30000000000000004,0.001,11,3.0,5,0.0,0.0,-11.975868344366528,-10.756477033758033,12.125194935542183,0.0,-22.732345378124553,174.0,COMPLETE
508,29.720717992190473,2026-07-22 07:00:49.765370,2026-07-22 07:04:39.881139,0 days 00:03:50.115769,10,1.5,64.0,30.0,5,0.30000000000000004,0.001,11,3.0,5,0.0,-108.34363454815986,-66.6656438399004,-32.980383657427396,29.720717992190473,0.0,8.69760705083204,431.0,COMPLETE
509,24.42385723998468,2026-07-22 07:00:54.392131,2026-07-22 07:04:42.386442,0 days 00:03:47.994311,10,1.6,64.0,30.0,5,0.30000000000000004,0.001,11,3.0,12,0.0,-84.59975925440732,-64.5008371421042,-24.202581320550287,24.42385723998468,0.0,-4.103659208247126,360.0,COMPLETE
510,28.777523146254605,2026-07-22 07:00:54.793322,2026-07-22 07:04:44.943057,0 days 00:03:50.149735,10,1.6,64.0,30.0,5,0.30000000000000004,0.001,11,3.0,5,0.0,-77.76217631174406,-49.53330358219575,-20.098999168548136,28.777523146254605,0.0,8.12987356100022,404.0,COMPLETE
511,28.777523146254605,2026-07-22 07:01:05.081692,2026-07-22 07:04:54.814359,0 days 00:03:49.732667,10,1.6,64.0,30.0,5,0.30000000000000004,0.001,11,3.0,5,0.0,-77.76217631174406,-49.53330358219575,-20.098999168548136,28.777523146254605,0.0,8.12987356100022,404.0,COMPLETE
512,25.154966530261785,2026-07-22 07:02:34.657115,2026-07-22 07:06:17.820608,0 days 00:03:43.163493,10,1.6,64.0,30.0,5,0.0,0.001,11,3.0,5,0.0,-62.648935717765426,-60.427672423811245,-15.553796235670616,25.154966530261785,0.0,-13.33253294171649,362.0,COMPLETE
513,25.154966530261785,2026-07-22 07:02:44.573628,2026-07-22 07:06:31.067834,0 days 00:03:46.494206,10,1.6,64.0,30.0,5,0.0,0.001,11,3.0,5,0.0,-62.648935717765426,-60.427672423811245,-15.553796235670616,25.154966530261785,0.0,-13.33253294171649,362.0,COMPLETE
514,21.414922900660734,2026-07-22 07:03:48.850193,2026-07-22 07:07:33.297427,0 days 00:03:44.447234,11,1.6,64.0,30.0,11,0.0,0.001,11,3.0,5,0.0,-49.25049238858327,-59.92279472518965,-6.000896316559806,21.414922900660734,0.0,-16.673198653166214,308.0,COMPLETE
515,19.168202600595894,2026-07-22 07:04:13.707522,2026-07-22 07:07:57.658847,0 days 00:03:43.951325,11,1.6,64.0,30.0,13,0.0,0.001,11,3.0,5,0.0,-56.91541575224337,-56.0231458995477,-22.522739723748092,19.168202600595894,0.0,-21.630469871052437,286.0,COMPLETE
516,23.858391885864997,2026-07-22 07:04:22.368804,2026-07-22 07:08:05.245414,0 days 00:03:42.876610,11,1.6,64.0,29.0,5,0.0,0.001,11,2.1,5,0.0,-77.10603531773502,-63.7545793241271,-26.440138101602273,23.858391885864997,0.0,-13.08868210799439,353.0,COMPLETE
517,23.85244687177923,2026-07-22 07:04:31.031558,2026-07-22 07:08:20.254536,0 days 00:03:49.222978,11,1.6,64.0,29.0,5,0.0,0.001,13,3.0,5,0.0,-77.10603531773502,-63.7545793241271,-26.61177517239293,23.85244687177923,0.0,-13.260319178785053,353.0,COMPLETE
518,23.85244687177923,2026-07-22 07:04:39.930636,2026-07-22 07:08:27.639801,0 days 00:03:47.709165,11,1.6,63.0,29.0,5,0.0,0.001,13,3.0,5,0.0,-77.10603531773502,-63.7545793241271,-26.61177517239293,23.85244687177923,0.0,-13.260319178785053,353.0,COMPLETE
519,23.85244687177923,2026-07-22 07:04:42.444106,2026-07-22 07:08:31.132563,0 days 00:03:48.688457,11,1.6,63.0,29.0,5,0.0,0.001,13,3.0,5,0.0,-77.10603531773502,-63.7545793241271,-26.61177517239293,23.85244687177923,0.0,-13.260319178785053,353.0,COMPLETE
520,23.85244687177923,2026-07-22 07:04:45.002700,2026-07-22 07:08:33.198337,0 days 00:03:48.195637,11,1.6,63.0,29.0,5,0.0,0.001,13,2.1,5,0.0,-77.10603531773502,-63.7545793241271,-26.61177517239293,23.85244687177923,0.0,-13.260319178785053,353.0,COMPLETE
521,23.85244687177923,2026-07-22 07:04:54.870334,2026-07-22 07:08:44.984271,0 days 00:03:50.113937,11,1.6,63.0,29.0,5,0.0,0.001,13,2.1,5,0.0,-77.10603531773502,-63.7545793241271,-26.61177517239293,23.85244687177923,0.0,-13.260319178785053,353.0,COMPLETE
522,25.887422965934864,2026-07-22 07:06:17.880316,2026-07-22 07:10:01.130280,0 days 00:03:43.249964,11,1.5,63.0,29.0,5,0.0,0.001,13,2.1,5,0.0,-64.9857014097969,-54.145356022534955,-21.999759315788275,25.887422965934864,0.0,-11.159413928526336,372.0,COMPLETE
523,29.65171831025377,2026-07-22 07:06:31.121494,2026-07-22 07:10:21.736336,0 days 00:03:50.614842,11,1.5,63.0,29.0,5,0.2,0.001,13,2.1,5,0.0,-96.95191439581161,-57.78446820577363,-40.937899540958384,29.65171831025377,0.0,-1.77045335092043,430.0,COMPLETE
524,29.65171831025377,2026-07-22 07:07:33.363182,2026-07-22 07:11:26.243156,0 days 00:03:52.879974,11,1.5,63.0,29.0,5,0.2,0.001,13,2.1,5,0.0,-96.95191439581161,-57.78446820577363,-40.937899540958384,29.65171831025377,0.0,-1.77045335092043,430.0,COMPLETE
525,29.65171831025377,2026-07-22 07:07:57.720595,2026-07-22 07:11:51.200482,0 days 00:03:53.479887,11,1.5,63.0,29.0,5,0.2,0.001,13,2.1,5,0.0,-96.95191439581161,-57.78446820577363,-40.937899540958384,29.65171831025377,0.0,-1.77045335092043,430.0,COMPLETE
526,29.65171831025377,2026-07-22 07:08:05.311484,2026-07-22 07:11:53.767391,0 days 00:03:48.455907,11,1.5,63.0,29.0,5,0.2,0.001,13,2.2,5,0.0,-96.95191439581161,-57.78446820577363,-40.937899540958384,29.65171831025377,0.0,-1.77045335092043,430.0,COMPLETE
527,29.65171831025377,2026-07-22 07:08:20.313615,2026-07-22 07:12:16.656564,0 days 00:03:56.342949,11,1.5,63.0,29.0,5,0.2,0.001,13,2.2,5,0.0,-96.95191439581161,-57.78446820577363,-40.937899540958384,29.65171831025377,0.0,-1.77045335092043,430.0,COMPLETE
528,29.65171831025377,2026-07-22 07:08:27.700784,2026-07-22 07:12:22.597630,0 days 00:03:54.896846,11,1.5,63.0,29.0,5,0.2,0.001,13,2.2,5,0.0,-96.95191439581161,-57.78446820577363,-40.937899540958384,29.65171831025377,0.0,-1.77045335092043,430.0,COMPLETE
529,29.5595909532104,2026-07-22 07:08:31.183913,2026-07-22 07:12:25.028728,0 days 00:03:53.844815,11,1.5,63.0,29.0,5,0.2,0.001,14,2.2,5,0.0,-96.95191439581161,-57.78446820577363,-41.66059739341159,29.5595909532104,0.0,-2.493151203373639,429.0,COMPLETE
530,12.078151900020316,2026-07-22 07:08:33.242871,2026-07-22 07:12:11.695769,0 days 00:03:38.452898,12,2.9000000000000004,61.0,29.0,5,0.2,0.001,12,2.2,5,0.0,0.0,-10.864013038251596,-10.756477033758033,12.078151900020316,0.0,-21.62049007200962,173.0,COMPLETE
531,29.987066940443732,2026-07-22 07:08:45.041492,2026-07-22 07:12:37.297918,0 days 00:03:52.256426,10,1.5,61.0,29.0,5,0.2,0.001,12,2.2,5,0.0,-110.57143138370157,-65.96925911744216,-35.114239353122116,29.987066940443732,0.0,9.487932913137241,435.0,COMPLETE
532,29.987066940443732,2026-07-22 07:10:01.180791,2026-07-22 07:13:45.599808,0 days 00:03:44.419017,10,1.5,63.0,29.0,5,0.2,0.001,12,3.0,5,0.0,-110.57143138370157,-65.96925911744216,-35.114239353122116,29.987066940443732,0.0,9.487932913137241,435.0,COMPLETE
533,15.73168104333629,2026-07-22 07:10:21.792821,2026-07-22 07:14:00.174048,0 days 00:03:38.381227,10,2.2,61.0,21.0,5,0.2,0.001,12,2.2,5,0.0,-42.9398712508572,-23.326857993048417,-29.420527622604066,15.73168104333629,0.0,-9.807514364795292,231.0,COMPLETE
534,29.864166329192702,2026-07-22 07:11:26.296991,2026-07-22 07:15:20.090208,0 days 00:03:53.793217,10,1.5,61.0,30.0,5,0.2,0.001,12,2.2,5,0.0,-108.7281369454991,-67.20682124314635,-32.82370865152069,29.864166329192702,0.0,8.69760705083204,433.0,COMPLETE
535,29.518634554845796,2026-07-22 07:11:51.247923,2026-07-22 07:15:43.221387,0 days 00:03:51.973464,10,1.5,61.0,30.0,5,0.2,0.001,12,2.2,6,0.0,-100.50347374846316,-68.48604348126652,-26.549698742521503,29.518634554845796,0.0,5.467731524675159,426.0,COMPLETE
536,28.91668515567885,2026-07-22 07:11:53.818308,2026-07-22 07:15:40.577278,0 days 00:03:46.758970,10,1.5,61.0,30.0,6,0.2,0.001,12,3.0,6,0.0,-99.6669401549802,-62.753242463446384,-31.56549770735699,28.91668515567885,0.0,5.348199984176794,418.0,COMPLETE
537,24.607034468094916,2026-07-22 07:12:11.767782,2026-07-22 07:16:02.578628,0 days 00:03:50.810846,10,1.5,62.0,30.0,6,0.1,0.001,12,3.0,18,0.0,-99.31433549663497,-70.85653833923574,-29.42503850445332,24.607034468094916,0.0,-0.9672413470540933,368.0,COMPLETE
538,25.96092331014327,2026-07-22 07:12:16.714187,2026-07-22 07:16:07.926263,0 days 00:03:51.212076,10,1.5,61.0,30.0,6,0.1,0.002,12,3.0,6,0.0,-90.57111740562063,-51.94678127606865,-38.34096379765297,25.96092331014327,0.0,0.2833723318989736,380.0,COMPLETE
539,18.507470831645897,2026-07-22 07:12:22.654115,2026-07-22 07:16:08.972008,0 days 00:03:46.317893,10,1.5,62.0,30.0,6,1.8,0.002,12,3.0,6,0.0,-49.685368880566116,-47.53060846256612,-20.525197607956912,18.507470831645897,0.0,-18.370437189956974,276.0,COMPLETE
540,25.987866408551664,2026-07-22 07:12:25.087923,2026-07-22 07:16:15.672356,0 days 00:03:50.584433,10,1.5,62.0,30.0,6,0.1,0.002,12,3.0,6,0.0,-87.88247189842745,-51.94678127606865,-35.652318290459796,25.987866408551664,0.0,0.2833723318989736,379.0,COMPLETE
541,26.477777739428696,2026-07-22 07:12:37.358461,2026-07-22 07:16:28.090352,0 days 00:03:50.731891,10,1.5,61.0,30.0,6,0.2,0.002,12,2.2,5,0.0,-88.67576714399426,-50.70911873511077,-33.683943388106826,26.477777739428696,0.0,4.282705020776602,384.0,COMPLETE
542,26.50496210607317,2026-07-22 07:13:45.653659,2026-07-22 07:17:28.665480,0 days 00:03:43.011821,10,1.5,62.0,30.0,6,0.2,0.002,12,2.2,5,0.0,-85.98712163680109,-50.70911873511077,-30.99529788091364,26.50496210607317,0.0,4.282705020776602,383.0,COMPLETE
543,26.564673451888527,2026-07-22 07:14:00.230557,2026-07-22 07:17:49.954792,0 days 00:03:49.724235,10,1.5,60.0,30.0,6,0.2,0.002,12,3.0,5,0.0,-88.52405251742108,-50.485923173658726,-33.755424322985675,26.564673451888527,0.0,4.282705020776602,385.0,COMPLETE
544,26.37934993290797,2026-07-22 07:15:20.148312,2026-07-22 07:19:08.350267,0 days 00:03:48.201955,10,1.5,61.0,30.0,6,0.2,0.002,14,3.0,5,0.0,-88.67576714399426,-50.70911873511077,-34.406641240560035,26.37934993290797,0.0,3.5600071683233967,383.0,COMPLETE
545,19.384685590627356,2026-07-22 07:15:40.623891,2026-07-22 07:19:21.270455,0 days 00:03:40.646564,10,1.5,61.0,30.0,6,1.8,0.002,12,2.9000000000000004,5,0.0,-48.08913819650098,-44.33461853475282,-15.068541257836609,19.384685590627356,0.0,-11.314021596088502,284.0,COMPLETE
546,23.418383452926033,2026-07-22 07:15:43.274573,2026-07-22 07:19:31.130671,0 days 00:03:47.856098,10,1.5,61.0,30.0,6,0.2,0.002,34,2.9000000000000004,5,0.0,-89.59393545021008,-60.75824691182406,-39.14544040855328,23.418383452926033,0.0,-10.309751870167268,352.0,COMPLETE
547,26.004179206724725,2026-07-22 07:16:02.639526,2026-07-22 07:19:49.522618,0 days 00:03:46.883092,10,1.5,62.0,29.0,6,0.2,0.002,14,3.0,5,0.0,-90.5667645109498,-51.236487279835615,-34.722749677398426,26.004179206724725,0.0,4.607527553715688,378.0,COMPLETE
548,25.9766756163983,2026-07-22 07:16:07.987548,2026-07-22 07:19:57.391677,0 days 00:03:49.404129,10,1.5,61.0,29.0,6,0.2,0.002,14,1.9,5,0.0,-93.255410018143,-51.236487279835615,-37.41139518459161,25.9766756163983,0.0,4.607527553715688,379.0,COMPLETE
549,27.249853937678957,2026-07-22 07:16:09.033712,2026-07-22 07:20:00.456413,0 days 00:03:51.422701,10,1.5,60.0,29.0,5,0.2,0.001,34,1.9,5,0.0,-101.7819240641048,-73.96485900889101,-32.970626552069646,27.249853937678957,0.0,-5.153561496855844,404.0,COMPLETE
550,29.94545815930773,2026-07-22 07:16:15.739180,2026-07-22 07:20:07.949960,0 days 00:03:52.210780,10,1.5,62.0,29.0,5,0.2,0.001,14,1.9,5,0.0,-111.08544488786794,-65.96925911744216,-36.35095070974171,29.94545815930773,0.0,8.765235060684033,435.0,COMPLETE
551,29.94545815930773,2026-07-22 07:16:28.139450,2026-07-22 07:20:21.377465,0 days 00:03:53.238015,10,1.5,61.0,29.0,5,0.2,0.001,14,2.9000000000000004,5,0.0,-111.08544488786794,-65.96925911744216,-36.35095070974171,29.94545815930773,0.0,8.765235060684033,435.0,COMPLETE
552,26.929641954241454,2026-07-22 07:17:28.715584,2026-07-22 07:21:14.421108,0 days 00:03:45.705524,12,1.5,60.0,29.0,5,0.2,0.001,36,2.9000000000000004,5,0.0,-111.89486404584032,-74.67305904670806,-40.77397985126548,26.929641954241454,0.0,-3.552174852133269,404.0,COMPLETE
553,26.63174816241302,2026-07-22 07:17:50.058379,2026-07-22 07:21:40.272010,0 days 00:03:50.213631,12,1.5,61.0,29.0,5,1.1,0.001,15,2.9000000000000004,5,0.0,-83.18628052578376,-67.68630190405031,-28.125869083059275,26.63174816241302,0.0,-12.625890461325893,392.0,COMPLETE
554,29.54083970544544,2026-07-22 07:19:08.407571,2026-07-22 07:23:02.370991,0 days 00:03:53.963420,12,1.5,63.0,29.0,5,0.30000000000000004,0.001,15,2.9000000000000004,5,0.0,-114.07523153631712,-77.66588002828138,-40.07328113075522,29.54083970544544,0.0,-3.6639296227195377,439.0,COMPLETE
555,29.54083970544544,2026-07-22 07:19:21.323705,2026-07-22 07:23:10.481683,0 days 00:03:49.157978,12,1.5,63.0,29.0,5,0.30000000000000004,0.001,15,1.9,5,0.0,-114.07523153631712,-77.66588002828138,-40.07328113075522,29.54083970544544,0.0,-3.6639296227195377,439.0,COMPLETE
556,29.62692778628984,2026-07-22 07:19:31.183366,2026-07-22 07:23:23.720860,0 days 00:03:52.537494,12,1.5,62.0,29.0,5,0.30000000000000004,0.001,15,1.9,5,0.0,-113.77796353704342,-77.66588002828138,-39.77601313148152,29.62692778628984,0.0,-3.6639296227195377,440.0,COMPLETE
557,29.5955124884683,2026-07-22 07:19:49.578030,2026-07-22 07:23:42.001826,0 days 00:03:52.423796,12,1.5,63.0,29.0,5,0.2,0.001,15,1.9,5,0.0,-114.6800249984503,-78.27067349041457,-40.07328113075522,29.5955124884683,0.0,-3.6639296227195377,440.0,COMPLETE
558,29.54083970544544,2026-07-22 07:19:57.440976,2026-07-22 07:23:52.823317,0 days 00:03:55.382341,12,1.5,63.0,29.0,5,0.30000000000000004,0.001,15,2.9000000000000004,5,0.0,-114.07523153631712,-77.66588002828138,-40.07328113075522,29.54083970544544,0.0,-3.6639296227195377,439.0,COMPLETE
559,29.54083970544544,2026-07-22 07:20:00.512828,2026-07-22 07:23:54.262489,0 days 00:03:53.749661,12,1.5,63.0,29.0,5,0.30000000000000004,0.001,15,2.9000000000000004,5,0.0,-114.07523153631712,-77.66588002828138,-40.07328113075522,29.54083970544544,0.0,-3.6639296227195377,439.0,COMPLETE
560,29.30028350162372,2026-07-22 07:20:08.005351,2026-07-22 07:24:01.893197,0 days 00:03:53.887846,12,1.5,62.0,28.0,5,0.30000000000000004,0.001,15,1.9,5,0.0,-118.13556174385293,-77.57407465803144,-43.924319018486656,29.30028350162372,0.0,-3.3628319326651903,438.0,COMPLETE
561,16.610028882612305,2026-07-22 07:20:21.445684,2026-07-22 07:24:03.398369,0 days 00:03:41.952685,12,1.5,60.0,28.0,5,0.30000000000000004,0.006,15,1.9,5,0.0,-10.605129327794213,-24.711732415856943,-19.816711947631607,16.610028882612305,0.0,-33.92331503569427,240.0,COMPLETE
562,29.62551365496116,2026-07-22 07:21:14.473896,2026-07-22 07:25:00.213583,0 days 00:03:45.739687,12,1.5,60.0,29.0,5,0.30000000000000004,0.001,15,1.9,5,0.0,-113.81172624896597,-77.69964274020393,-39.77601313148152,29.62551365496116,0.0,-3.6639296227195377,440.0,COMPLETE
563,27.165812881790444,2026-07-22 07:21:40.335382,2026-07-22 07:25:28.618772,0 days 00:03:48.283390,11,1.6,60.0,28.0,5,0.30000000000000004,0.001,14,1.9,5,0.0,-96.85082001644146,-64.39073109553857,-37.430639197556395,27.165812881790444,0.0,-4.970550276653515,400.0,COMPLETE
564,27.165812881790444,2026-07-22 07:23:02.434452,2026-07-22 07:26:51.596309,0 days 00:03:49.161857,11,1.6,60.0,28.0,5,0.30000000000000004,0.001,14,1.9,5,0.0,-96.85082001644146,-64.39073109553857,-37.430639197556395,27.165812881790444,0.0,-4.970550276653515,400.0,COMPLETE
565,21.361346358770128,2026-07-22 07:23:10.535894,2026-07-22 07:26:49.944664,0 days 00:03:39.408770,11,1.6,60.0,28.0,5,0.30000000000000004,0.004,14,1.8,5,0.0,-46.23281848880476,-37.88665757776281,-23.715861559355368,21.361346358770128,0.0,-15.369700648313472,307.0,COMPLETE
566,27.346235187781556,2026-07-22 07:23:23.792405,2026-07-22 07:27:12.925925,0 days 00:03:49.133520,11,1.6,62.0,28.0,5,0.1,0.001,14,1.9,5,0.0,-92.6702164043363,-59.72163255439929,-37.91913412659054,27.346235187781556,0.0,-4.970550276653515,400.0,COMPLETE
567,27.1009853219064,2026-07-22 07:23:42.058939,2026-07-22 07:27:32.173405,0 days 00:03:50.114466,11,1.6,62.0,28.0,5,0.1,0.001,14,1.8,6,0.0,-83.27259186990277,-59.66901047923369,-30.315629820462988,27.1009853219064,0.0,-6.7120484297938425,393.0,COMPLETE
568,27.1009853219064,2026-07-22 07:23:52.878171,2026-07-22 07:27:44.789239,0 days 00:03:51.911068,11,1.6,60.0,28.0,5,0.1,0.001,14,3.0,6,0.0,-83.27259186990277,-59.66901047923369,-30.315629820462988,27.1009853219064,0.0,-6.7120484297938425,393.0,COMPLETE
569,27.1009853219064,2026-07-22 07:23:54.351119,2026-07-22 07:27:44.605063,0 days 00:03:50.253944,11,1.6,60.0,28.0,5,0.1,0.001,14,1.8,6,0.0,-83.27259186990277,-59.66901047923369,-30.315629820462988,27.1009853219064,0.0,-6.7120484297938425,393.0,COMPLETE
570,24.796204707422643,2026-07-22 07:24:01.949253,2026-07-22 07:27:56.581696,0 days 00:03:54.632443,29,1.6,62.0,28.0,5,0.1,0.001,14,1.8,6,0.0,-147.44012204165952,-107.17012475305945,-51.406289754173216,24.796204707422643,0.0,-11.136292465573062,399.0,COMPLETE
571,27.1009853219064,2026-07-22 07:24:03.454281,2026-07-22 07:27:53.106027,0 days 00:03:49.651746,11,1.6,60.0,28.0,5,0.1,0.001,14,1.8,6,0.0,-83.27259186990277,-59.66901047923369,-30.315629820462988,27.1009853219064,0.0,-6.7120484297938425,393.0,COMPLETE
572,27.1009853219064,2026-07-22 07:25:00.265637,2026-07-22 07:28:41.704583,0 days 00:03:41.438946,11,1.6,61.0,28.0,5,0.1,0.001,14,3.0,6,0.0,-83.27259186990277,-59.66901047923369,-30.315629820462988,27.1009853219064,0.0,-6.7120484297938425,393.0,COMPLETE
573,27.809615204035662,2026-07-22 07:25:28.682093,2026-07-22 07:29:17.975788,0 days 00:03:49.293695,10,1.6,61.0,28.0,5,0.1,0.001,14,1.8,6,0.0,-79.41049357522051,-44.15364970171658,-28.204655533895814,27.809615204035662,0.0,7.05218833960814,392.0,COMPLETE
574,28.326755123563057,2026-07-22 07:26:50.005828,2026-07-22 07:30:36.533058,0 days 00:03:46.527230,10,1.6,62.0,29.0,5,0.1,0.001,11,3.0,6,0.0,-72.38968112999915,-44.15364970171658,-21.48494077872881,28.326755123563057,0.0,6.751090649553795,396.0,COMPLETE
575,29.924673130764905,2026-07-22 07:26:51.662803,2026-07-22 07:30:45.726115,0 days 00:03:54.063312,10,1.5,61.0,29.0,5,0.1,0.001,11,3.0,6,0.0,-95.78294037732385,-60.196158617186484,-29.328724373157083,29.924673130764905,0.0,6.25805738698036,428.0,COMPLETE
576,27.966058183098422,2026-07-22 07:27:12.985631,2026-07-22 07:31:02.625869,0 days 00:03:49.640238,10,1.5,74.0,29.0,5,0.1,0.001,11,3.0,6,0.0,-87.69991318744488,-68.70306969571622,-30.8815209620856,27.966058183098422,0.0,-11.884677470356943,408.0,COMPLETE
577,25.760479596569155,2026-07-22 07:27:32.239609,2026-07-22 07:31:21.774298,0 days 00:03:49.534689,10,1.5,61.0,29.0,5,1.3,0.001,11,3.0,6,0.0,-64.01047374850701,-65.93160717020257,-16.716115584666916,25.760479596569155,0.0,-18.637249006362552,372.0,COMPLETE
578,29.740889554946616,2026-07-22 07:27:44.734372,2026-07-22 07:31:36.973419,0 days 00:03:52.239047,10,1.5,61.0,29.0,5,0.2,0.001,10,3.0,6,0.0,-102.34676818666563,-67.24848135556233,-24.738878509254707,29.740889554946616,0.0,10.359408321848575,427.0,COMPLETE
579,29.642401895237533,2026-07-22 07:27:44.846564,2026-07-22 07:31:38.098024,0 days 00:03:53.251460,10,1.5,61.0,29.0,5,0.2,0.001,11,3.0,6,0.0,-102.34676818666563,-67.24848135556233,-28.840229444122922,29.642401895237533,0.0,6.25805738698036,428.0,COMPLETE
580,18.31103417981491,2026-07-22 07:27:53.155314,2026-07-22 07:31:37.954307,0 days 00:03:44.798993,10,1.5,62.0,29.0,17,0.2,0.001,11,3.0,6,0.0,-75.64750056022655,-59.0929377370935,-28.118646785947636,18.31103417981491,0.0,-11.564083962814605,281.0,COMPLETE
581,29.740889554946616,2026-07-22 07:27:56.640374,2026-07-22 07:31:49.463925,0 days 00:03:52.823551,10,1.5,62.0,29.0,5,0.2,0.001,10,3.0,6,0.0,-102.34676818666563,-67.24848135556233,-24.738878509254707,29.740889554946616,0.0,10.359408321848575,427.0,COMPLETE
582,30.084314809995863,2026-07-22 07:28:41.760778,2026-07-22 07:32:27.778147,0 days 00:03:46.017369,10,1.5,61.0,29.0,5,0.2,0.001,10,3.0,5,0.0,-110.57143138370157,-65.96925911744216,-31.012888418253915,30.084314809995863,0.0,13.589283848005461,434.0,COMPLETE
583,30.084314809995863,2026-07-22 07:29:18.025308,2026-07-22 07:33:09.664794,0 days 00:03:51.639486,10,1.5,61.0,29.0,5,0.2,0.001,10,3.0,5,0.0,-110.57143138370157,-65.96925911744216,-31.012888418253915,30.084314809995863,0.0,13.589283848005461,434.0,COMPLETE
584,30.084314809995863,2026-07-22 07:30:36.610850,2026-07-22 07:34:24.785834,0 days 00:03:48.174984,10,1.5,61.0,29.0,5,0.2,0.001,10,3.0,5,0.0,-110.57143138370157,-65.96925911744216,-31.012888418253915,30.084314809995863,0.0,13.589283848005461,434.0,COMPLETE
585,23.584413196485944,2026-07-22 07:30:45.786274,2026-07-22 07:34:31.654600,0 days 00:03:45.868326,10,1.8,61.0,29.0,5,0.2,0.001,10,3.0,7,0.0,-67.78442350124084,-48.87837478108966,-26.88732969127335,23.584413196485944,0.0,-7.9812809711221835,341.0,COMPLETE
586,29.740889554946616,2026-07-22 07:31:02.680073,2026-07-22 07:34:54.085133,0 days 00:03:51.405060,10,1.5,61.0,29.0,5,0.2,0.001,10,3.0,6,0.0,-102.34676818666563,-67.24848135556233,-24.738878509254707,29.740889554946616,0.0,10.359408321848575,427.0,COMPLETE
587,29.27399592773554,2026-07-22 07:31:21.830269,2026-07-22 07:35:12.981422,0 days 00:03:51.151153,10,1.5,61.0,29.0,5,0.2,0.001,10,3.0,7,0.0,-105.84047822749088,-73.22864398969516,-25.681503452977683,29.27399592773554,0.0,6.930330784818047,425.0,COMPLETE
588,19.05451942187284,2026-07-22 07:31:37.025828,2026-07-22 07:35:21.293144,0 days 00:03:44.267316,10,1.5,61.0,29.0,16,0.2,0.001,10,3.0,7,0.0,-56.845744419625284,-42.01442225333085,-24.62065362468231,19.05451942187284,0.0,-9.789331458387842,281.0,COMPLETE
589,27.487719307844706,2026-07-22 07:31:38.071385,2026-07-22 07:35:29.226587,0 days 00:03:51.155202,10,1.5,61.0,29.0,6,0.2,0.001,10,2.9000000000000004,7,0.0,-118.322324132605,-69.2267036718728,-42.656800735570265,27.487719307844706,0.0,6.438819725161869,409.0,COMPLETE
590,28.62473146925633,2026-07-22 07:31:38.177641,2026-07-22 07:35:31.218120,0 days 00:03:53.040479,10,1.5,61.0,29.0,6,0.2,0.001,10,2.9000000000000004,5,0.0,-112.8261302672435,-61.967318799619804,-38.10953994572195,28.62473146925633,0.0,12.749271521901678,417.0,COMPLETE
591,27.68585931182255,2026-07-22 07:31:49.523366,2026-07-22 07:35:39.950717,0 days 00:03:50.427351,10,1.5,61.0,27.0,6,0.2,0.001,10,2.9000000000000004,5,0.0,-104.55795227485974,-65.01284511354447,-30.153487722133736,27.68585931182255,0.0,9.391619439181525,403.0,COMPLETE
592,27.487719307844706,2026-07-22 07:32:27.850426,2026-07-22 07:36:11.943636,0 days 00:03:44.093210,10,1.5,61.0,29.0,6,0.2,0.001,10,2.9000000000000004,7,0.0,-118.322324132605,-69.2267036718728,-42.656800735570265,27.487719307844706,0.0,6.438819725161869,409.0,COMPLETE
593,27.409774328492464,2026-07-22 07:33:09.728440,2026-07-22 07:36:59.079832,0 days 00:03:49.351392,11,1.5,61.0,29.0,6,0.2,0.001,10,3.0,7,0.0,-106.70487220801262,-63.72599478965868,-45.08960479113579,27.409774328492464,0.0,-2.1107273727818656,407.0,COMPLETE
594,27.769671910326505,2026-07-22 07:34:24.844729,2026-07-22 07:38:10.409193,0 days 00:03:45.564464,10,1.5,61.0,29.0,6,0.1,0.001,10,3.0,7,0.0,-111.75849632326329,-62.17438093349695,-43.145295664604426,27.769671910326505,0.0,6.438819725161869,409.0,COMPLETE
595,11.609314727517917,2026-07-22 07:34:31.712814,2026-07-22 07:38:08.999620,0 days 00:03:37.286806,11,2.6,61.0,29.0,6,0.1,0.001,10,3.0,7,0.0,-3.584481202989109,-6.792888667400759,-19.216981152684404,11.609314727517917,0.0,-22.425388617096058,168.0,COMPLETE
596,27.535000459870794,2026-07-22 07:34:54.136608,2026-07-22 07:38:44.836663,0 days 00:03:50.700055,11,1.5,61.0,29.0,6,0.1,0.001,10,3.0,7,0.0,-101.91947513377427,-58.45210278638622,-45.57809972016995,27.535000459870794,0.0,-2.1107273727818656,406.0,COMPLETE
597,27.535000459870794,2026-07-22 07:35:13.038467,2026-07-22 07:39:02.543247,0 days 00:03:49.504780,11,1.5,61.0,29.0,6,0.1,0.001,10,3.0,7,0.0,-101.91947513377427,-58.45210278638622,-45.57809972016995,27.535000459870794,0.0,-2.1107273727818656,406.0,COMPLETE
598,27.535000459870794,2026-07-22 07:35:21.353907,2026-07-22 07:39:12.268048,0 days 00:03:50.914141,11,1.5,61.0,29.0,6,0.1,0.001,10,2.9000000000000004,7,0.0,-101.91947513377427,-58.45210278638622,-45.57809972016995,27.535000459870794,0.0,-2.1107273727818656,406.0,COMPLETE
599,28.907757492670417,2026-07-22 07:35:29.287165,2026-07-22 07:39:22.041271,0 days 00:03:52.754106,11,1.5,61.0,29.0,6,0.1,0.001,10,3.0,5,0.0,-96.97983672418364,-50.92933347801911,-41.36460586403311,28.907757492670417,0.0,4.685897382131379,417.0,COMPLETE
600,28.907757492670417,2026-07-22 07:35:31.268485,2026-07-22 07:39:25.523963,0 days 00:03:54.255478,11,1.5,61.0,29.0,6,0.1,0.001,10,3.0,5,0.0,-96.97983672418364,-50.92933347801911,-41.36460586403311,28.907757492670417,0.0,4.685897382131379,417.0,COMPLETE
601,29.776748926264226,2026-07-22 07:35:40.011980,2026-07-22 07:39:33.882797,0 days 00:03:53.870817,11,1.5,60.0,29.0,5,0.1,0.001,11,3.0,5,0.0,-92.20028003349582,-52.544338914423655,-41.42639446999253,29.776748926264226,0.0,-1.77045335092043,429.0,COMPLETE
602,29.776748926264226,2026-07-22 07:36:12.077101,2026-07-22 07:39:58.328716,0 days 00:03:46.251615,11,1.5,60.0,29.0,5,0.1,0.001,11,3.0,5,0.0,-92.20028003349582,-52.544338914423655,-41.42639446999253,29.776748926264226,0.0,-1.77045335092043,429.0,COMPLETE
603,29.776748926264226,2026-07-22 07:36:59.138782,2026-07-22 07:40:50.493213,0 days 00:03:51.354431,11,1.5,60.0,29.0,5,0.1,0.001,11,3.0,5,0.0,-92.20028003349582,-52.544338914423655,-41.42639446999253,29.776748926264226,0.0,-1.77045335092043,429.0,COMPLETE
604,29.284549355064186,2026-07-22 07:38:09.062777,2026-07-22 07:42:01.231632,0 days 00:03:52.168855,11,1.5,60.0,28.0,5,0.1,0.001,11,3.0,5,0.0,-94.46397195044126,-50.13378142410095,-45.7995461872063,29.284549355064186,0.0,-1.4693556608660854,424.0,COMPLETE
605,29.284549355064186,2026-07-22 07:38:10.463124,2026-07-22 07:41:57.695302,0 days 00:03:47.232178,11,1.5,60.0,28.0,5,0.1,0.001,11,3.0,5,0.0,-94.46397195044126,-50.13378142410095,-45.7995461872063,29.284549355064186,0.0,-1.4693556608660854,424.0,COMPLETE
606,14.663182706954924,2026-07-22 07:38:44.891597,2026-07-22 07:42:24.070231,0 days 00:03:39.178634,11,2.4,60.0,28.0,5,0.1,0.001,11,3.0,5,0.0,-32.70018462705135,-21.31881032004302,-25.518001642779428,14.663182706954924,0.0,-14.136627335771093,214.0,COMPLETE
607,29.284549355064186,2026-07-22 07:39:02.605917,2026-07-22 07:42:55.610334,0 days 00:03:53.004417,11,1.5,60.0,28.0,5,0.1,0.001,11,3.0,5,0.0,-94.46397195044126,-50.13378142410095,-45.7995461872063,29.284549355064186,0.0,-1.4693556608660854,424.0,COMPLETE
608,29.284549355064186,2026-07-22 07:39:12.315115,2026-07-22 07:43:05.313155,0 days 00:03:52.998040,11,1.5,60.0,28.0,5,0.1,0.001,11,3.0,5,0.0,-94.46397195044126,-50.13378142410095,-45.7995461872063,29.284549355064186,0.0,-1.4693556608660854,424.0,COMPLETE
609,29.284549355064186,2026-07-22 07:39:22.104884,2026-07-22 07:43:15.990841,0 days 00:03:53.885957,11,1.5,60.0,28.0,5,0.1,0.001,11,3.0,5,0.0,-94.46397195044126,-50.13378142410095,-45.7995461872063,29.284549355064186,0.0,-1.4693556608660854,424.0,COMPLETE
610,29.276085678335843,2026-07-22 07:39:25.582759,2026-07-22 07:43:19.531171,0 days 00:03:53.948412,10,1.5,60.0,28.0,5,0.2,0.001,11,3.0,5,0.0,-116.59825306256482,-64.5395056168915,-42.26971684248173,29.276085678335843,0.0,9.789030603191586,429.0,COMPLETE
611,29.987066940443732,2026-07-22 07:39:33.936849,2026-07-22 07:43:27.630717,0 days 00:03:53.693868,10,1.5,60.0,29.0,5,0.2,0.001,11,3.0,5,0.0,-110.57143138370157,-65.96925911744216,-35.114239353122116,29.987066940443732,0.0,9.487932913137241,435.0,COMPLETE
612,13.680430283930129,2026-07-22 07:39:58.379850,2026-07-22 07:43:31.716574,0 days 00:03:33.336724,10,2.4,62.0,28.0,5,0.2,0.001,11,3.0,5,0.0,-9.173264918083753,-13.032138818958462,-19.36619499998398,13.680430283930129,0.0,-23.22506890085867,197.0,COMPLETE
613,29.276085678335843,2026-07-22 07:40:50.552660,2026-07-22 07:44:39.891901,0 days 00:03:49.339241,10,1.5,62.0,28.0,5,0.2,0.001,11,3.0,5,0.0,-116.59825306256482,-64.5395056168915,-42.26971684248173,29.276085678335843,0.0,9.789030603191586,429.0,COMPLETE
614,28.932904507536268,2026-07-22 07:41:57.756938,2026-07-22 07:45:46.155065,0 days 00:03:48.398127,10,1.5,62.0,28.0,5,0.2,0.001,13,3.0,6,0.0,-108.37358986552888,-65.81872785501167,-35.995706933482516,28.932904507536268,0.0,6.5591550770347045,422.0,COMPLETE
615,27.627191642301238,2026-07-22 07:42:01.291306,2026-07-22 07:45:50.564301,0 days 00:03:49.272995,10,1.6,62.0,28.0,5,0.2,0.001,13,3.0,6,0.0,-83.55554875219279,-48.78719980772302,-27.71616060486166,27.627191642301238,0.0,7.05218833960814,392.0,COMPLETE
616,23.404722976964713,2026-07-22 07:42:24.135068,2026-07-22 07:46:11.385986,0 days 00:03:47.250918,10,1.6,62.0,28.0,5,0.2,0.001,13,3.0,15,0.0,-90.70555476847265,-63.3872640624929,-30.552204773863718,23.404722976964713,0.0,-3.233914067883955,350.0,COMPLETE
617,27.627191642301238,2026-07-22 07:42:55.668829,2026-07-22 07:46:42.835339,0 days 00:03:47.166510,10,1.6,62.0,28.0,5,0.2,0.001,12,2.9000000000000004,6,0.0,-83.55554875219279,-48.78719980772302,-27.71616060486166,27.627191642301238,0.0,7.05218833960814,392.0,COMPLETE
618,24.07721201676053,2026-07-22 07:43:05.377309,2026-07-22 07:46:51.850021,0 days 00:03:46.472712,10,1.6,62.0,30.0,5,0.2,0.001,13,2.9000000000000004,15,0.0,-86.4751888648051,-64.62482618819708,-24.506559511174228,24.07721201676053,0.0,-2.656196834566166,356.0,COMPLETE
619,23.643723797821863,2026-07-22 07:43:16.052463,2026-07-22 07:47:00.742863,0 days 00:03:44.690400,10,1.6,62.0,30.0,5,1.4000000000000001,0.001,13,2.9000000000000004,6,0.0,-59.584812749787204,-61.300733266100735,-17.403811542567976,23.643723797821863,0.0,-19.119732058881553,344.0,COMPLETE
620,20.57527751401889,2026-07-22 07:43:19.584182,2026-07-22 07:47:03.937027,0 days 00:03:44.352845,10,1.6,62.0,30.0,13,0.2,0.001,13,2.9000000000000004,6,0.0,-53.07574914865346,-42.91570461263831,-22.370012477106247,20.57527751401889,0.0,-12.209967941091094,298.0,COMPLETE
621,27.562606185103277,2026-07-22 07:43:27.688775,2026-07-22 07:47:16.222523,0 days 00:03:48.533748,10,1.6,62.0,27.0,5,0.30000000000000004,0.001,13,2.9000000000000004,6,0.0,-79.15200766562185,-44.92110325636315,-27.540095831834122,27.562606185103277,0.0,6.690808577424594,389.0,COMPLETE
622,28.08759810611316,2026-07-22 07:43:31.772544,2026-07-22 07:47:13.814220,0 days 00:03:42.041676,10,1.6,62.0,29.0,5,0.30000000000000004,0.001,12,2.9000000000000004,6,0.0,-75.99355890372546,-48.24602240447707,-20.996445849694656,28.08759810611316,0.0,6.751090649553795,395.0,COMPLETE
623,25.739394795238958,2026-07-22 07:44:39.940844,2026-07-22 07:48:25.594763,0 days 00:03:45.653919,10,1.6,78.0,29.0,5,0.2,0.001,13,2.9000000000000004,6,0.0,-60.50679493952573,-51.55488419146981,-22.33114533541784,25.739394795238958,0.0,-13.379234587361896,368.0,COMPLETE
624,28.08759810611316,2026-07-22 07:45:46.221476,2026-07-22 07:49:30.326052,0 days 00:03:44.104576,10,1.6,62.0,29.0,5,0.30000000000000004,0.001,12,2.9000000000000004,6,0.0,-75.99355890372546,-48.24602240447707,-20.996445849694656,28.08759810611316,0.0,6.751090649553795,395.0,COMPLETE
625,28.08759810611316,2026-07-22 07:45:50.706628,2026-07-22 07:49:38.893570,0 days 00:03:48.186942,10,1.6,62.0,29.0,5,0.30000000000000004,0.001,12,2.9000000000000004,6,0.0,-75.99355890372546,-48.24602240447707,-20.996445849694656,28.08759810611316,0.0,6.751090649553795,395.0,COMPLETE
626,28.08759810611316,2026-07-22 07:46:11.454122,2026-07-22 07:49:59.195298,0 days 00:03:47.741176,10,1.6,62.0,29.0,5,0.30000000000000004,0.001,12,2.9000000000000004,6,0.0,-75.99355890372546,-48.24602240447707,-20.996445849694656,28.08759810611316,0.0,6.751090649553795,395.0,COMPLETE
627,24.615525200880885,2026-07-22 07:46:42.895406,2026-07-22 07:50:29.446178,0 days 00:03:46.550772,10,1.6,62.0,29.0,5,0.30000000000000004,0.001,12,2.9000000000000004,11,0.0,-78.85898050097292,-63.221905296090156,-22.862166055586997,24.615525200880885,0.0,-7.225090850704202,361.0,COMPLETE
628,29.58528029023437,2026-07-22 07:46:51.905617,2026-07-22 07:50:42.292172,0 days 00:03:50.386555,10,1.5,62.0,29.0,5,0.30000000000000004,0.001,12,2.9000000000000004,6,0.0,-101.80559078341966,-66.70730395231637,-28.840229444122922,29.58528029023437,0.0,6.25805738698036,427.0,COMPLETE
629,20.03409682571394,2026-07-22 07:47:00.808872,2026-07-22 07:50:45.887437,0 days 00:03:45.078565,10,1.5,62.0,29.0,5,1.9000000000000001,0.001,12,2.9000000000000004,6,0.0,-39.750888408242695,-63.28331226134013,-0.7622249406491981,20.03409682571394,0.0,-24.29464879374665,291.0,COMPLETE
630,29.58528029023437,2026-07-22 07:47:03.993642,2026-07-22 07:50:55.281439,0 days 00:03:51.287797,10,1.5,62.0,29.0,5,0.30000000000000004,0.001,12,3.0,6,0.0,-101.80559078341966,-66.70730395231637,-28.840229444122922,29.58528029023437,0.0,6.25805738698036,427.0,COMPLETE
631,29.92999589409212,2026-07-22 07:47:13.871407,2026-07-22 07:50:57.285211,0 days 00:03:43.413804,10,1.5,62.0,29.0,5,0.30000000000000004,0.001,12,3.0,5,0.0,-110.03025398045563,-65.42808171419621,-35.114239353122116,29.92999589409212,0.0,9.487932913137241,434.0,COMPLETE
632,27.743444446808862,2026-07-22 07:47:16.282668,2026-07-22 07:51:04.457791,0 days 00:03:48.175123,10,1.5,78.0,29.0,5,0.30000000000000004,0.001,12,3.0,5,0.0,-79.70356011167553,-67.05638058968468,-19.203736252612202,27.743444446808862,0.0,-6.5565567306214,399.0,COMPLETE
633,28.692982655820277,2026-07-22 07:48:25.646427,2026-07-22 07:52:12.520762,0 days 00:03:46.874335,11,1.5,75.0,29.0,5,0.30000000000000004,0.001,12,3.0,5,0.0,-79.53880884945184,-49.660230616599456,-38.22998648561041,28.692982655820277,0.0,-8.351408252758082,412.0,COMPLETE
634,29.596560391260894,2026-07-22 07:49:30.379844,2026-07-22 07:53:17.234922,0 days 00:03:46.855078,11,1.5,61.0,29.0,5,0.30000000000000004,0.001,12,3.0,5,0.0,-96.38088364560095,-57.21343745556296,-40.937899540958384,29.596560391260894,0.0,-1.77045335092043,429.0,COMPLETE
635,29.596560391260894,2026-07-22 07:49:38.948262,2026-07-22 07:53:30.166253,0 days 00:03:51.217991,11,1.5,61.0,29.0,5,0.30000000000000004,0.001,11,3.0,5,0.0,-96.38088364560095,-57.21343745556296,-40.937899540958384,29.596560391260894,0.0,-1.77045335092043,429.0,COMPLETE
636,29.65096500434962,2026-07-22 07:49:59.260242,2026-07-22 07:53:48.958146,0 days 00:03:49.697904,11,1.5,61.0,29.0,5,0.2,0.001,11,3.0,5,0.0,-96.98567710773416,-57.81823091769616,-40.937899540958384,29.65096500434962,0.0,-1.77045335092043,430.0,COMPLETE
637,29.65096500434962,2026-07-22 07:50:29.503280,2026-07-22 07:54:20.181695,0 days 00:03:50.678415,11,1.5,61.0,29.0,5,0.2,0.001,11,3.0,5,0.0,-96.98567710773416,-57.81823091769616,-40.937899540958384,29.65096500434962,0.0,-1.77045335092043,430.0,COMPLETE
638,29.65096500434962,2026-07-22 07:50:42.354483,2026-07-22 07:54:34.299289,0 days 00:03:51.944806,11,1.5,61.0,29.0,5,0.2,0.001,11,3.0,5,0.0,-96.98567710773416,-57.81823091769616,-40.937899540958384,29.65096500434962,0.0,-1.77045335092043,430.0,COMPLETE
639,29.65096500434962,2026-07-22 07:50:45.939705,2026-07-22 07:54:36.472022,0 days 00:03:50.532317,11,1.5,61.0,29.0,5,0.2,0.001,11,3.0,5,0.0,-96.98567710773416,-57.81823091769616,-40.937899540958384,29.65096500434962,0.0,-1.77045335092043,430.0,COMPLETE
640,28.67869235704178,2026-07-22 07:50:55.342076,2026-07-22 07:54:48.765418,0 days 00:03:53.423342,11,1.5,61.0,29.0,6,0.2,0.001,11,3.0,5,0.0,-101.76523379842196,-56.203225481291604,-44.97746186986717,28.67869235704178,0.0,0.584546447263167,419.0,COMPLETE
641,28.073725409576745,2026-07-22 07:50:57.337742,2026-07-22 07:54:39.828473,0 days 00:03:42.490731,11,1.5,61.0,29.0,6,0.9,0.001,11,3.0,5,0.0,-94.41954003809856,-57.193051852997996,-41.38874447357132,28.073725409576745,0.0,-4.162256288470779,410.0,COMPLETE
642,16.312046888931228,2026-07-22 07:51:04.519153,2026-07-22 07:54:46.264303,0 days 00:03:41.745150,11,1.5,61.0,29.0,20,1.5,0.001,11,3.0,5,0.0,-45.631963377690276,-45.419024185415914,-17.496679858542812,16.312046888931228,0.0,-17.28374066626846,244.0,COMPLETE
643,25.18311321420273,2026-07-22 07:52:12.585671,2026-07-22 07:55:58.298231,0 days 00:03:45.712560,11,1.5,61.0,29.0,6,0.0,0.001,11,3.0,5,0.0,-70.00163696357968,-52.416148601087905,-27.690247213808135,25.18311321420273,0.0,-10.104758851316456,364.0,COMPLETE
644,25.18311321420273,2026-07-22 07:53:17.300912,2026-07-22 07:57:01.612077,0 days 00:03:44.311165,11,1.5,61.0,29.0,6,0.0,0.001,11,3.0,5,0.0,-70.00163696357968,-52.416148601087905,-27.690247213808135,25.18311321420273,0.0,-10.104758851316456,364.0,COMPLETE
645,18.317812716534466,2026-07-22 07:53:30.231361,2026-07-22 07:57:14.255029,0 days 00:03:44.023668,12,1.5,61.0,29.0,6,0.0,0.002,40,3.0,5,0.0,-66.71044667022377,-61.6350770347863,-12.113222010991162,18.317812716534466,0.0,-7.037852375553714,275.0,COMPLETE
646,12.795509502288734,2026-07-22 07:53:49.011264,2026-07-22 07:57:25.520029,0 days 00:03:36.508765,11,1.5,61.0,29.0,6,0.0,0.01,10,3.0,5,0.0,-9.88971950283338,-20.344844307661432,-8.97188305304768,12.795509502288734,0.0,-19.42700785787571,184.0,COMPLETE
647,12.965972208799347,2026-07-22 07:54:20.239094,2026-07-22 07:57:57.563713,0 days 00:03:37.324619,12,1.5,61.0,29.0,6,0.0,0.01,10,3.0,5,0.0,-9.031857571747874,-20.070229400160223,-8.388636029463386,12.965972208799347,0.0,-19.42700785787571,186.0,COMPLETE
648,23.634310887724766,2026-07-22 07:54:34.359838,2026-07-22 07:58:22.838195,0 days 00:03:48.478357,12,1.5,61.0,28.0,6,0.0,0.002,10,3.0,5,0.0,-61.02822043589445,-64.79070060084325,-1.1515679020689857,23.634310887724766,0.0,-4.914048067017865,339.0,COMPLETE
649,20.69543916132349,2026-07-22 07:54:36.532707,2026-07-22 07:58:23.024494,0 days 00:03:46.491787,12,1.5,61.0,28.0,6,0.9,0.002,40,3.0,5,0.0,-71.57288676845323,-64.71100467066256,-10.879024165400551,20.69543916132349,0.0,-4.01714206760991,307.0,COMPLETE
650,15.372391185911887,2026-07-22 07:54:39.890712,2026-07-22 07:58:17.045321,0 days 00:03:37.154609,12,1.5,63.0,28.0,6,0.0,0.003,10,3.0,13,0.0,-60.00676986472272,-64.2629404896322,-23.279119836594678,15.372391185911887,0.0,-27.535290461504204,244.0,COMPLETE
651,23.634310887724766,2026-07-22 07:54:46.319620,2026-07-22 07:58:33.868729,0 days 00:03:47.549109,12,1.5,63.0,28.0,6,0.0,0.002,10,3.0,5,0.0,-61.02822043589445,-64.79070060084325,-1.1515679020689857,23.634310887724766,0.0,-4.914048067017865,339.0,COMPLETE
652,12.520425705333693,2026-07-22 07:54:48.819533,2026-07-22 07:58:26.873536,0 days 00:03:38.054003,12,2.8,63.0,27.0,6,0.0,0.002,10,3.0,5,0.0,-4.422876108554437,-13.44362667693217,-9.610243874878618,12.520425705333693,0.0,-18.630994443256345,178.0,COMPLETE
653,23.634310887724766,2026-07-22 07:55:58.353067,2026-07-22 07:59:41.956091,0 days 00:03:43.603024,12,1.5,63.0,28.0,6,0.0,0.002,10,3.0,5,0.0,-61.02822043589445,-64.79070060084325,-1.1515679020689857,23.634310887724766,0.0,-4.914048067017865,339.0,COMPLETE
654,13.670900933804264,2026-07-22 07:57:01.669354,2026-07-22 08:00:35.919943,0 days 00:03:34.250589,12,1.5,63.0,28.0,5,0.1,0.009000000000000001,10,3.0,5,0.0,-9.210287263885043,-18.79148503788653,-12.395942160411753,13.670900933804264,0.0,-21.977139934413206,195.0,COMPLETE
655,27.068475358940987,2026-07-22 07:57:14.305098,2026-07-22 08:01:03.620080,0 days 00:03:49.314982,12,1.5,63.0,28.0,5,0.1,0.002,10,3.0,5,0.0,-90.71548109190822,-68.90551981889782,-18.436485942251394,27.068475358940987,0.0,3.3734753307589527,395.0,COMPLETE
656,27.068475358940987,2026-07-22 07:57:25.573499,2026-07-22 08:01:14.369226,0 days 00:03:48.795727,12,1.5,63.0,28.0,5,0.1,0.002,10,3.0,5,0.0,-90.71548109190822,-68.90551981889782,-18.436485942251394,27.068475358940987,0.0,3.3734753307589527,395.0,COMPLETE
657,29.657200058347332,2026-07-22 07:57:57.618550,2026-07-22 08:01:48.406772,0 days 00:03:50.788222,10,1.5,63.0,28.0,5,0.1,0.001,10,3.0,5,0.0,-110.0344252532231,-57.48718287851562,-38.65686083664767,29.657200058347332,0.0,13.890381538059806,428.0,COMPLETE
658,16.280051686644516,2026-07-22 07:58:17.096324,2026-07-22 08:01:52.344762,0 days 00:03:35.248438,10,1.5,63.0,27.0,19,0.1,0.002,10,3.0,6,0.0,-48.55596745042207,-40.34055761066664,-15.638118882647067,16.280051686644516,0.0,-7.422709042891615,240.0,COMPLETE
659,29.043540621478005,2026-07-22 07:58:22.996583,2026-07-22 08:02:14.366016,0 days 00:03:51.369433,10,1.5,62.0,27.0,5,0.1,0.001,10,3.0,6,0.0,-99.83625806280726,-56.04576357979593,-34.03984587391198,29.043540621478005,0.0,9.750648609099354,417.0,COMPLETE
660,29.043540621478005,2026-07-22 07:58:23.101711,2026-07-22 08:02:12.195715,0 days 00:03:49.094004,10,1.5,62.0,27.0,5,0.1,0.001,10,3.0,6,0.0,-99.83625806280726,-56.04576357979593,-34.03984587391198,29.043540621478005,0.0,9.750648609099354,417.0,COMPLETE
661,29.872876578192457,2026-07-22 07:58:26.936865,2026-07-22 08:02:20.774289,0 days 00:03:53.837424,10,1.5,62.0,30.0,5,0.1,0.001,10,3.0,6,0.0,-92.70208381341723,-60.196158617186484,-22.936842736687442,29.872876578192457,0.0,9.569082459543372,424.0,COMPLETE
662,29.77299138470097,2026-07-22 07:58:33.921168,2026-07-22 08:02:26.268377,0 days 00:03:52.347209,10,1.5,62.0,30.0,5,0.1,0.001,11,3.0,6,0.0,-92.70208381341723,-60.196158617186484,-27.038193671555657,29.77299138470097,0.0,5.467731524675159,425.0,COMPLETE
663,20.556140079568653,2026-07-22 07:59:42.019657,2026-07-22 08:03:24.289711,0 days 00:03:42.270054,10,1.5,62.0,30.0,15,0.1,0.001,11,3.0,6,0.0,-46.8743483639134,-38.00155383557947,-24.28259483991106,20.556140079568653,0.0,-15.409800311577126,296.0,COMPLETE
664,29.77299138470097,2026-07-22 08:00:35.973419,2026-07-22 08:04:23.162531,0 days 00:03:47.189112,10,1.5,62.0,30.0,5,0.1,0.001,11,3.0,6,0.0,-92.70208381341723,-60.196158617186484,-27.038193671555657,29.77299138470097,0.0,5.467731524675159,425.0,COMPLETE
665,20.556140079568653,2026-07-22 08:01:03.689963,2026-07-22 08:04:47.485220,0 days 00:03:43.795257,10,1.5,62.0,30.0,15,0.1,0.001,11,3.0,6,0.0,-46.8743483639134,-38.00155383557947,-24.28259483991106,20.556140079568653,0.0,-15.409800311577126,296.0,COMPLETE
666,29.518634554845796,2026-07-22 08:01:14.426647,2026-07-22 08:05:04.404368,0 days 00:03:49.977721,10,1.5,62.0,30.0,5,0.2,0.001,11,2.9000000000000004,6,0.0,-100.50347374846316,-68.48604348126652,-26.549698742521503,29.518634554845796,0.0,5.467731524675159,426.0,COMPLETE
667,29.518634554845796,2026-07-22 08:01:48.456615,2026-07-22 08:05:40.191884,0 days 00:03:51.735269,10,1.5,62.0,30.0,5,0.2,0.001,11,2.9000000000000004,6,0.0,-100.50347374846316,-68.48604348126652,-26.549698742521503,29.518634554845796,0.0,5.467731524675159,426.0,COMPLETE
668,29.518634554845796,2026-07-22 08:01:52.393567,2026-07-22 08:05:37.252443,0 days 00:03:44.858876,10,1.5,62.0,30.0,5,0.2,0.001,11,2.9000000000000004,6,0.0,-100.50347374846316,-68.48604348126652,-26.549698742521503,29.518634554845796,0.0,5.467731524675159,426.0,COMPLETE
669,29.518634554845796,2026-07-22 08:02:12.258684,2026-07-22 08:06:01.859506,0 days 00:03:49.600822,10,1.5,62.0,30.0,5,0.2,0.001,11,2.9000000000000004,6,0.0,-100.50347374846316,-68.48604348126652,-26.549698742521503,29.518634554845796,0.0,5.467731524675159,426.0,COMPLETE
670,29.518634554845796,2026-07-22 08:02:14.431088,2026-07-22 08:06:05.521267,0 days 00:03:51.090179,10,1.5,62.0,30.0,5,0.2,0.001,12,2.9000000000000004,6,0.0,-100.50347374846316,-68.48604348126652,-26.549698742521503,29.518634554845796,0.0,5.467731524675159,426.0,COMPLETE
671,28.372123184478774,2026-07-22 08:02:20.843665,2026-07-22 08:06:10.739145,0 days 00:03:49.895480,10,1.6,62.0,30.0,5,0.1,0.001,11,2.9000000000000004,6,0.0,-75.18012767155294,-45.391211827420754,-23.037825194578456,28.372123184478774,0.0,6.751090649553795,398.0,COMPLETE
672,28.19004365168968,2026-07-22 08:02:26.325563,2026-07-22 08:06:14.527184,0 days 00:03:48.201621,10,1.6,62.0,30.0,5,0.2,0.001,11,2.9000000000000004,6,0.0,-79.32518284852524,-50.02476193342719,-22.549330265544302,28.19004365168968,0.0,6.751090649553795,398.0,COMPLETE
673,28.19004365168968,2026-07-22 08:03:24.340117,2026-07-22 08:07:10.761047,0 days 00:03:46.420930,10,1.6,60.0,30.0,5,0.2,0.001,11,2.9000000000000004,6,0.0,-79.32518284852524,-50.02476193342719,-22.549330265544302,28.19004365168968,0.0,6.751090649553795,398.0,COMPLETE
674,28.19004365168968,2026-07-22 08:04:23.212442,2026-07-22 08:08:08.443326,0 days 00:03:45.230884,10,1.6,60.0,30.0,5,0.2,0.001,11,2.9000000000000004,6,0.0,-79.32518284852524,-50.02476193342719,-22.549330265544302,28.19004365168968,0.0,6.751090649553795,398.0,COMPLETE
675,15.875990156390218,2026-07-22 08:04:47.546243,2026-07-22 08:08:27.657705,0 days 00:03:40.111462,10,1.9,60.0,30.0,5,0.2,0.001,11,2.9000000000000004,17,0.0,-68.11619438431941,-36.40419109157655,-41.04014520456359,15.875990156390218,0.0,-9.32814191182073,246.0,COMPLETE
676,28.19004365168968,2026-07-22 08:05:04.465979,2026-07-22 08:08:52.521816,0 days 00:03:48.055837,10,1.6,60.0,30.0,5,0.2,0.001,12,2.9000000000000004,6,0.0,-79.32518284852524,-50.02476193342719,-22.549330265544302,28.19004365168968,0.0,6.751090649553795,398.0,COMPLETE
677,27.310010278398067,2026-07-22 08:05:37.323095,2026-07-22 08:09:20.034321,0 days 00:03:42.711226,11,1.6,60.0,29.0,5,0.2,0.001,12,2.9000000000000004,6,0.0,-87.38726415859524,-66.37265598305683,-28.02775429538665,27.310010278398067,0.0,-7.013146119848187,398.0,COMPLETE
678,27.310010278398067,2026-07-22 08:05:40.251738,2026-07-22 08:09:29.212498,0 days 00:03:48.960760,11,1.6,60.0,29.0,5,0.2,0.001,12,2.9000000000000004,6,0.0,-87.38726415859524,-66.37265598305683,-28.02775429538665,27.310010278398067,0.0,-7.013146119848187,398.0,COMPLETE
679,27.310010278398067,2026-07-22 08:06:01.919788,2026-07-22 08:09:51.830851,0 days 00:03:49.911063,11,1.6,64.0,29.0,5,0.2,0.001,12,3.0,6,0.0,-87.38726415859524,-66.37265598305683,-28.02775429538665,27.310010278398067,0.0,-7.013146119848187,398.0,COMPLETE
680,27.310010278398067,2026-07-22 08:06:05.618388,2026-07-22 08:09:55.832679,0 days 00:03:50.214291,11,1.6,60.0,29.0,5,0.2,0.001,12,3.0,6,0.0,-87.38726415859524,-66.37265598305683,-28.02775429538665,27.310010278398067,0.0,-7.013146119848187,398.0,COMPLETE
681,27.647649618886085,2026-07-22 08:06:10.796725,2026-07-22 08:10:02.059877,0 days 00:03:51.263152,11,1.6,60.0,29.0,5,0.2,0.001,12,3.0,5,0.0,-96.78488869302883,-66.42527805822246,-34.90856074906102,27.647649618886085,0.0,-4.5489501142546525,406.0,COMPLETE
682,27.647649618886085,2026-07-22 08:06:14.592099,2026-07-22 08:10:05.178273,0 days 00:03:50.586174,11,1.6,60.0,29.0,5,0.2,0.001,12,3.0,5,0.0,-96.78488869302883,-66.42527805822246,-34.90856074906102,27.647649618886085,0.0,-4.5489501142546525,406.0,COMPLETE
683,27.77331838079649,2026-07-22 08:07:10.824388,2026-07-22 08:10:59.565440,0 days 00:03:48.741052,11,1.6,60.0,29.0,5,0.1,0.001,12,3.0,5,0.0,-91.99949161879046,-61.151386054949974,-35.397055678095164,27.77331838079649,0.0,-4.5489501142546525,405.0,COMPLETE
684,29.777507976210725,2026-07-22 08:08:08.507822,2026-07-22 08:11:56.789541,0 days 00:03:48.281719,11,1.5,64.0,29.0,5,0.1,0.001,12,3.0,5,0.0,-92.16651732157327,-52.51057620250112,-41.42639446999253,29.777507976210725,0.0,-1.77045335092043,429.0,COMPLETE
685,19.519893046899874,2026-07-22 08:08:27.704224,2026-07-22 08:12:09.581190,0 days 00:03:41.876966,11,1.5,64.0,29.0,5,0.1,0.005,12,3.0,5,0.0,-34.5349543990811,-33.16967941645632,-32.66888750410869,19.519893046899874,0.0,-31.30361252148386,286.0,COMPLETE
686,29.777507976210725,2026-07-22 08:08:52.580759,2026-07-22 08:12:42.763695,0 days 00:03:50.182936,11,1.5,64.0,29.0,5,0.1,0.001,12,3.0,5,0.0,-92.16651732157327,-52.51057620250112,-41.42639446999253,29.777507976210725,0.0,-1.77045335092043,429.0,COMPLETE
687,29.777507976210725,2026-07-22 08:09:20.084555,2026-07-22 08:13:06.707227,0 days 00:03:46.622672,11,1.5,64.0,29.0,5,0.1,0.001,13,3.0,5,0.0,-92.16651732157327,-52.51057620250112,-41.42639446999253,29.777507976210725,0.0,-1.77045335092043,429.0,COMPLETE
688,29.863124580326232,2026-07-22 08:09:29.271885,2026-07-22 08:13:20.680680,0 days 00:03:51.408795,11,1.5,64.0,29.0,5,0.1,0.001,10,3.0,5,0.0,-92.16651732157327,-52.51057620250112,-37.32504353512432,29.863124580326232,0.0,2.3308975839477837,428.0,COMPLETE
689,29.863124580326232,2026-07-22 08:09:51.883018,2026-07-22 08:13:43.781984,0 days 00:03:51.898966,11,1.5,64.0,29.0,5,0.1,0.001,10,3.0,5,0.0,-92.16651732157327,-52.51057620250112,-37.32504353512432,29.863124580326232,0.0,2.3308975839477837,428.0,COMPLETE
690,29.597314349811132,2026-07-22 08:09:55.886143,2026-07-22 08:13:48.441117,0 days 00:03:52.554974,11,1.5,64.0,29.0,5,0.30000000000000004,0.001,13,3.0,5,0.0,-96.3471209336784,-57.179674743640426,-40.937899540958384,29.597314349811132,0.0,-1.77045335092043,429.0,COMPLETE
691,29.777507976210725,2026-07-22 08:10:02.124187,2026-07-22 08:13:56.014434,0 days 00:03:53.890247,11,1.5,64.0,29.0,5,0.1,0.001,13,3.0,5,0.0,-92.16651732157327,-52.51057620250112,-41.42639446999253,29.777507976210725,0.0,-1.77045335092043,429.0,COMPLETE
692,24.315349571143013,2026-07-22 08:10:05.234922,2026-07-22 08:13:52.153466,0 days 00:03:46.918544,11,1.5,64.0,29.0,11,0.1,0.001,13,3.0,5,0.0,-45.70388100914535,-33.549323482198105,-12.118845989231088,24.315349571143013,0.0,0.035711537716144104,336.0,COMPLETE
693,29.84363061089835,2026-07-22 08:10:59.635490,2026-07-22 08:14:47.916121,0 days 00:03:48.280631,10,1.5,64.0,29.0,5,0.30000000000000004,0.001,13,3.0,5,0.0,-110.18692898636232,-65.42808171419621,-35.27091435902882,29.84363061089835,0.0,9.487932913137241,433.0,COMPLETE
694,30.027305961672973,2026-07-22 08:11:56.846038,2026-07-22 08:15:42.896787,0 days 00:03:46.050749,10,1.5,61.0,29.0,5,0.30000000000000004,0.001,10,3.0,5,0.0,-110.03025398045563,-65.42808171419621,-31.012888418253915,30.027305961672973,0.0,13.589283848005461,433.0,COMPLETE
695,30.16688202930401,2026-07-22 08:12:09.638380,2026-07-22 08:16:00.355863,0 days 00:03:50.717483,10,1.5,61.0,31.0,5,0.30000000000000004,0.001,10,3.0,5,0.0,-109.53346704025756,-67.7442722307274,-27.169002512349362,30.16688202930401,0.0,14.620192297180852,434.0,COMPLETE
696,29.450484765356418,2026-07-22 08:12:42.830638,2026-07-22 08:16:32.284728,0 days 00:03:49.454090,10,1.5,61.0,31.0,6,0.30000000000000004,0.001,10,3.0,5,0.0,-115.2095641416488,-68.20140013909162,-34.32873755735527,29.450484765356418,0.0,12.679426445201893,429.0,COMPLETE
697,29.450484765356418,2026-07-22 08:13:06.761230,2026-07-22 08:16:51.973601,0 days 00:03:45.212371,10,1.5,61.0,31.0,6,0.30000000000000004,0.001,10,2.4,5,0.0,-115.2095641416488,-68.20140013909162,-34.32873755735527,29.450484765356418,0.0,12.679426445201893,429.0,COMPLETE
698,29.450484765356418,2026-07-22 08:13:20.735586,2026-07-22 08:17:11.237339,0 days 00:03:50.501753,10,1.5,61.0,31.0,6,0.30000000000000004,0.001,10,3.0,5,0.0,-115.2095641416488,-68.20140013909162,-34.32873755735527,29.450484765356418,0.0,12.679426445201893,429.0,COMPLETE
699,26.573760206476052,2026-07-22 08:13:43.850343,2026-07-22 08:17:34.381547,0 days 00:03:50.531204,10,1.5,61.0,31.0,6,0.30000000000000004,0.001,31,3.0,5,0.0,-107.5710418480977,-79.16320654870393,-36.17082204150904,26.573760206476052,0.0,-7.76298674211527,400.0,COMPLETE
700,29.450484765356418,2026-07-22 08:13:48.507935,2026-07-22 08:17:41.158187,0 days 00:03:52.650252,10,1.5,61.0,31.0,6,0.30000000000000004,0.001,10,3.0,5,0.0,-115.2095641416488,-68.20140013909162,-34.32873755735527,29.450484765356418,0.0,12.679426445201893,429.0,COMPLETE
701,18.525670575739287,2026-07-22 08:13:52.201816,2026-07-22 08:17:32.794431,0 days 00:03:40.592615,10,2.1,61.0,31.0,6,0.30000000000000004,0.001,10,2.4,5,0.0,-41.09281903577756,-18.41839806463487,-26.299115948517283,18.525670575739287,0.0,-3.6246949773745767,265.0,COMPLETE
702,29.450484765356418,2026-07-22 08:13:56.074188,2026-07-22 08:17:48.720123,0 days 00:03:52.645935,10,1.5,61.0,31.0,6,0.30000000000000004,0.001,10,3.0,5,0.0,-115.2095641416488,-68.20140013909162,-34.32873755735527,29.450484765356418,0.0,12.679426445201893,429.0,COMPLETE
703,26.54126497246005,2026-07-22 08:14:47.973862,2026-07-22 08:18:36.793021,0 days 00:03:48.819159,10,1.5,62.0,31.0,6,0.30000000000000004,0.001,31,2.4,5,0.0,-106.3796598821506,-79.16320654870393,-34.97944007556194,26.54126497246005,0.0,-7.76298674211527,399.0,COMPLETE
704,27.988484671671877,2026-07-22 08:15:42.962423,2026-07-22 08:19:29.915401,0 days 00:03:46.952978,10,1.5,61.0,28.0,6,0.30000000000000004,0.001,10,3.0,5,0.0,-108.70319461145732,-64.46030101725295,-31.493622072302657,27.988484671671877,0.0,12.749271521901678,407.0,COMPLETE
705,28.716436968789086,2026-07-22 08:16:00.422963,2026-07-22 08:19:48.899839,0 days 00:03:48.476876,10,1.5,61.0,31.0,6,0.30000000000000004,0.001,10,3.0,7,0.0,-109.59218458143792,-75.46078501134461,-27.20106878527529,28.716436968789086,0.0,6.930330784818047,420.0,COMPLETE
706,20.940072989639265,2026-07-22 08:16:32.346609,2026-07-22 08:20:17.495928,0 days 00:03:45.149319,10,1.5,61.0,28.0,6,1.7000000000000002,0.001,10,3.0,5,0.0,-60.90924326496915,-59.08785987321457,-10.053606302713682,20.940072989639265,0.0,-8.232222910959171,306.0,COMPLETE
707,12.250296299564827,2026-07-22 08:16:52.048124,2026-07-22 08:20:25.344824,0 days 00:03:33.296700,10,1.5,61.0,28.0,6,0.30000000000000004,0.008,10,3.0,7,0.0,-14.003105197407208,-15.243294395169638,-21.840303456680882,12.250296299564827,0.0,-23.0804926544433,178.0,COMPLETE
708,27.187332456214595,2026-07-22 08:17:11.316072,2026-07-22 08:21:00.273458,0 days 00:03:48.957386,10,1.5,61.0,28.0,6,0.30000000000000004,0.001,10,3.0,6,0.0,-111.59210483999374,-65.7395232553731,-36.333185588875814,27.187332456214595,0.0,9.519395995744796,400.0,COMPLETE
709,25.019715698822214,2026-07-22 08:17:32.864060,2026-07-22 08:21:21.298051,0 days 00:03:48.433991,10,1.5,61.0,28.0,5,1.2000000000000002,0.001,10,3.0,7,0.0,-79.30385621252944,-76.91601089638125,-13.820676827453223,25.019715698822214,0.0,-11.43283151130509,368.0,COMPLETE
710,26.901748780090255,2026-07-22 08:17:34.452956,2026-07-22 08:21:23.068008,0 days 00:03:48.615052,10,1.5,61.0,28.0,5,0.30000000000000004,0.001,10,3.0,9,0.0,-112.2905023777223,-74.24255378108349,-34.84467508890253,26.901748780090255,0.0,3.203273507736262,401.0,COMPLETE
711,28.562784293464766,2026-07-22 08:17:41.232531,2026-07-22 08:21:33.413654,0 days 00:03:52.181123,10,1.5,61.0,28.0,5,0.30000000000000004,0.001,10,3.0,7,0.0,-111.32612250310822,-71.25771308589852,-33.39833707869327,28.562784293464766,0.0,6.670072338516425,419.0,COMPLETE
712,28.562784293464766,2026-07-22 08:17:48.783903,2026-07-22 08:21:40.601366,0 days 00:03:51.817463,10,1.5,61.0,28.0,5,0.30000000000000004,0.001,10,3.0,7,0.0,-111.32612250310822,-71.25771308589852,-33.39833707869327,28.562784293464766,0.0,6.670072338516425,419.0,COMPLETE
713,28.974313246743584,2026-07-22 08:18:36.864775,2026-07-22 08:22:25.614252,0 days 00:03:48.749477,10,1.5,61.0,28.0,5,0.30000000000000004,0.001,10,3.0,6,0.0,-107.83241246228295,-65.2775504517657,-31.89435599861433,28.974313246743584,0.0,10.66050601190292,420.0,COMPLETE
714,26.890290857777458,2026-07-22 08:19:29.979370,2026-07-22 08:23:17.030618,0 days 00:03:47.051248,10,1.5,61.0,28.0,5,0.30000000000000004,0.001,28,3.0,7,0.0,-111.92853783126405,-75.87296607922659,-39.47337873724831,26.890290857777458,0.0,-3.417806985210886,404.0,COMPLETE
715,28.974313246743584,2026-07-22 08:19:48.953875,2026-07-22 08:23:37.898766,0 days 00:03:48.944891,10,1.5,61.0,28.0,5,0.30000000000000004,0.001,10,3.0,6,0.0,-107.83241246228295,-65.2775504517657,-31.89435599861433,28.974313246743584,0.0,10.66050601190292,420.0,COMPLETE
716,24.336896232431013,2026-07-22 08:20:17.552290,2026-07-22 08:24:05.400757,0 days 00:03:47.848467,10,1.5,61.0,28.0,5,0.2,0.001,10,3.0,18,0.0,-114.97630020988578,-78.85612985484799,-37.65568611740522,24.336896232431013,0.0,-1.535515762367431,373.0,COMPLETE
717,28.759574895728772,2026-07-22 08:20:25.404634,2026-07-22 08:24:11.083028,0 days 00:03:45.678394,11,1.5,61.0,28.0,5,0.30000000000000004,0.001,11,3.0,6,0.0,-89.85462806657422,-55.93201384386635,-38.47466007338786,28.759574895728772,0.0,-4.55204585068,416.0,COMPLETE
718,28.76101181862094,2026-07-22 08:21:00.339240,2026-07-22 08:24:50.684808,0 days 00:03:50.345568,11,1.5,62.0,28.0,5,0.30000000000000004,0.001,11,3.0,6,0.0,-89.82086535465167,-55.89825113194381,-38.47466007338786,28.76101181862094,0.0,-4.55204585068,416.0,COMPLETE
719,28.76101181862094,2026-07-22 08:21:21.366605,2026-07-22 08:25:14.051606,0 days 00:03:52.685001,11,1.5,62.0,28.0,5,0.30000000000000004,0.001,11,2.9000000000000004,6,0.0,-89.82086535465167,-55.89825113194381,-38.47466007338786,28.76101181862094,0.0,-4.55204585068,416.0,COMPLETE
720,26.71992175589822,2026-07-22 08:21:23.124761,2026-07-22 08:25:11.775259,0 days 00:03:48.650498,11,1.5,62.0,23.0,5,0.2,0.001,11,2.9000000000000004,6,0.0,-103.17236351125476,-65.46892926365547,-41.74509712515338,26.71992175589822,0.0,-4.041662877554079,396.0,COMPLETE
721,29.305095845134375,2026-07-22 08:21:33.470666,2026-07-22 08:25:25.649634,0 days 00:03:52.178968,11,1.5,62.0,29.0,5,0.2,0.001,11,2.9000000000000004,6,0.0,-88.1619668998395,-58.913602084399734,-34.101508356174115,29.305095845134375,0.0,-4.853143540734343,422.0,COMPLETE
722,27.310010278398067,2026-07-22 08:21:40.668401,2026-07-22 08:25:30.122564,0 days 00:03:49.454163,11,1.6,62.0,29.0,5,0.2,0.001,11,2.9000000000000004,6,0.0,-87.38726415859524,-66.37265598305683,-28.02775429538665,27.310010278398067,0.0,-7.013146119848187,398.0,COMPLETE
723,22.63921175414035,2026-07-22 08:22:25.672683,2026-07-22 08:26:10.964173,0 days 00:03:45.291490,11,1.6,62.0,29.0,5,0.2,0.001,11,2.9000000000000004,19,0.0,-91.78125817678992,-70.62775825217271,-26.03668188031164,22.63921175414035,0.0,-4.883181955694366,342.0,COMPLETE
724,27.310010278398067,2026-07-22 08:23:17.084132,2026-07-22 08:27:02.413706,0 days 00:03:45.329574,11,1.6,62.0,29.0,5,0.2,0.001,11,2.9000000000000004,6,0.0,-87.38726415859524,-66.37265598305683,-28.02775429538665,27.310010278398067,0.0,-7.013146119848187,398.0,COMPLETE
725,27.310010278398067,2026-07-22 08:23:37.951077,2026-07-22 08:27:27.057312,0 days 00:03:49.106235,11,1.6,62.0,29.0,5,0.2,0.001,11,2.9000000000000004,6,0.0,-87.38726415859524,-66.37265598305683,-28.02775429538665,27.310010278398067,0.0,-7.013146119848187,398.0,COMPLETE
726,27.310010278398067,2026-07-22 08:24:05.453186,2026-07-22 08:27:53.447006,0 days 00:03:47.993820,11,1.6,62.0,29.0,5,0.2,0.001,11,2.9000000000000004,6,0.0,-87.38726415859524,-66.37265598305683,-28.02775429538665,27.310010278398067,0.0,-7.013146119848187,398.0,COMPLETE
727,27.310010278398067,2026-07-22 08:24:11.134416,2026-07-22 08:27:53.737746,0 days 00:03:42.603330,11,1.6,62.0,29.0,5,0.2,0.001,11,2.9000000000000004,6,0.0,-87.38726415859524,-66.37265598305683,-28.02775429538665,27.310010278398067,0.0,-7.013146119848187,398.0,COMPLETE
728,27.647649618886085,2026-07-22 08:24:50.742321,2026-07-22 08:28:39.508891,0 days 00:03:48.766570,11,1.6,62.0,29.0,5,0.2,0.001,11,2.9000000000000004,5,0.0,-96.78488869302883,-66.42527805822246,-34.90856074906102,27.647649618886085,0.0,-4.5489501142546525,406.0,COMPLETE
729,27.647649618886085,2026-07-22 08:25:11.827105,2026-07-22 08:29:00.987468,0 days 00:03:49.160363,11,1.6,62.0,29.0,5,0.2,0.001,11,2.9000000000000004,5,0.0,-96.78488869302883,-66.42527805822246,-34.90856074906102,27.647649618886085,0.0,-4.5489501142546525,406.0,COMPLETE
730,27.647649618886085,2026-07-22 08:25:14.106914,2026-07-22 08:29:03.063755,0 days 00:03:48.956841,11,1.6,62.0,29.0,5,0.2,0.001,11,2.9000000000000004,5,0.0,-96.78488869302883,-66.42527805822246,-34.90856074906102,27.647649618886085,0.0,-4.5489501142546525,406.0,COMPLETE
731,27.77331838079649,2026-07-22 08:25:25.712917,2026-07-22 08:29:17.276624,0 days 00:03:51.563707,11,1.6,62.0,29.0,5,0.1,0.001,11,3.0,5,0.0,-91.99949161879046,-61.151386054949974,-35.397055678095164,27.77331838079649,0.0,-4.5489501142546525,405.0,COMPLETE
732,27.77331838079649,2026-07-22 08:25:30.177228,2026-07-22 08:29:20.594169,0 days 00:03:50.416941,11,1.6,60.0,29.0,5,0.1,0.001,11,3.0,5,0.0,-91.99949161879046,-61.151386054949974,-35.397055678095164,27.77331838079649,0.0,-4.5489501142546525,405.0,COMPLETE
733,25.76780423716686,2026-07-22 08:26:11.024088,2026-07-22 08:30:02.965036,0 days 00:03:51.940948,30,1.6,60.0,29.0,5,0.1,0.001,11,3.0,5,0.0,-150.2917537722269,-112.83642970109517,-47.319118205027024,25.76780423716686,0.0,-9.863794133895208,412.0,COMPLETE
734,27.94457144868009,2026-07-22 08:27:02.470487,2026-07-22 08:30:48.869842,0 days 00:03:46.399355,12,1.6,60.0,29.0,5,0.1,0.001,11,3.0,5,0.0,-89.17055408650711,-66.14535591279176,-28.71479843946518,27.94457144868009,0.0,-5.68960026574986,407.0,COMPLETE
735,29.682070418687342,2026-07-22 08:27:27.114710,2026-07-22 08:31:18.583229,0 days 00:03:51.468519,12,1.5,60.0,29.0,5,0.1,0.001,11,3.0,5,0.0,-109.09897734105091,-72.25809013029935,-40.26450806051568,29.682070418687342,0.0,-3.423620849764127,438.0,COMPLETE
736,29.682070418687342,2026-07-22 08:27:53.500987,2026-07-22 08:31:44.374112,0 days 00:03:50.873125,12,1.5,60.0,29.0,5,0.1,0.001,11,3.0,5,0.0,-109.09897734105091,-72.25809013029935,-40.26450806051568,29.682070418687342,0.0,-3.423620849764127,438.0,COMPLETE
737,29.682070418687342,2026-07-22 08:27:53.837153,2026-07-22 08:31:39.170993,0 days 00:03:45.333840,12,1.5,60.0,29.0,5,0.1,0.001,11,3.0,5,0.0,-109.09897734105091,-72.25809013029935,-40.26450806051568,29.682070418687342,0.0,-3.423620849764127,438.0,COMPLETE
738,27.22026121582098,2026-07-22 08:28:39.557030,2026-07-22 08:32:31.008581,0 days 00:03:51.451551,12,1.5,60.0,29.0,5,0.1,0.001,10,3.0,10,0.0,-111.74068583475524,-80.87221420843878,-34.8651932402625,27.22026121582098,0.0,-3.996721613946084,408.0,COMPLETE
739,27.04660834870347,2026-07-22 08:29:01.043610,2026-07-22 08:32:49.261120,0 days 00:03:48.217510,10,1.5,60.0,30.0,5,0.1,0.002,10,3.0,5,0.0,-97.08051904513005,-53.811573571864535,-33.01866375999687,27.04660834870347,0.0,10.250281713268595,391.0,COMPLETE
740,22.39950703500366,2026-07-22 08:29:03.118674,2026-07-22 08:32:47.118197,0 days 00:03:43.999523,12,1.5,61.0,30.0,5,0.1,0.004,10,3.0,5,0.0,-38.077327485210674,-36.82245495666449,-15.643382290286706,22.39950703500366,0.0,-14.388509761740579,319.0,COMPLETE
741,27.049187565635208,2026-07-22 08:29:17.337857,2026-07-22 08:33:08.114528,0 days 00:03:50.776671,12,1.5,60.0,30.0,5,0.1,0.002,10,3.0,5,0.0,-92.1340908729221,-70.41811450081973,-18.659959828359547,27.049187565635208,0.0,3.0560165437427846,396.0,COMPLETE
742,24.020213743500577,2026-07-22 08:29:20.654074,2026-07-22 08:33:07.689226,0 days 00:03:47.035152,12,1.5,60.0,30.0,5,0.0,0.002,10,3.0,5,0.0,-58.98376674915384,-64.42091216888845,-1.3473028466699564,24.020213743500577,0.0,-6.784448266404651,346.0,COMPLETE
743,24.020213743500577,2026-07-22 08:30:03.025677,2026-07-22 08:33:48.657138,0 days 00:03:45.631461,12,1.5,60.0,30.0,5,0.0,0.002,10,3.0,5,0.0,-58.98376674915384,-64.42091216888845,-1.3473028466699564,24.020213743500577,0.0,-6.784448266404651,346.0,COMPLETE
744,23.947683262415936,2026-07-22 08:30:48.921606,2026-07-22 08:34:32.592912,0 days 00:03:43.671306,10,1.5,60.0,30.0,5,0.0,0.002,10,3.0,5,0.0,-66.15157620781778,-57.118927471578246,-17.15073530791518,23.947683262415936,0.0,-8.11808657167572,347.0,COMPLETE
745,26.46558169339241,2026-07-22 08:31:18.642008,2026-07-22 08:35:05.393389,0 days 00:03:46.751381,10,1.5,61.0,30.0,5,0.0,0.001,10,2.0,5,0.0,-73.97573867375935,-65.91714106959996,-16.316171333582012,26.46558169339241,0.0,-8.257573729422663,382.0,COMPLETE
746,18.807056325561923,2026-07-22 08:31:39.222275,2026-07-22 08:35:18.084134,0 days 00:03:38.861859,10,1.5,61.0,30.0,5,0.0,0.002,10,3.0,14,0.0,-74.46468791041262,-63.75958747169369,-24.883781032812973,18.807056325561923,0.0,-14.17868059409406,289.0,COMPLETE
747,19.250330858052166,2026-07-22 08:31:44.443733,2026-07-22 08:35:27.959505,0 days 00:03:43.515772,10,1.5,61.0,30.0,5,0.0,0.002,10,2.0,12,0.0,-71.9609981865962,-67.01000502472277,-25.19671291577332,19.250330858052166,0.0,-20.24571975389989,296.0,COMPLETE
748,14.24782309044571,2026-07-22 08:32:31.064854,2026-07-22 08:36:08.665653,0 days 00:03:37.600799,10,2.3,61.0,30.0,5,0.0,0.002,10,2.0,5,0.0,-37.45707740196038,-23.47254727022612,-22.018452778318643,14.24782309044571,0.0,-8.033922646584378,210.0,COMPLETE
749,26.46558169339241,2026-07-22 08:32:47.171352,2026-07-22 08:36:35.966244,0 days 00:03:48.794892,10,1.5,63.0,30.0,5,0.0,0.001,10,3.0,5,0.0,-73.97573867375935,-65.91714106959996,-16.316171333582012,26.46558169339241,0.0,-8.257573729422663,382.0,COMPLETE
750,9.34033268583256,2026-07-22 08:32:49.326644,2026-07-22 08:36:25.501699,0 days 00:03:36.175055,21,1.5,61.0,30.0,5,0.0,0.007,35,3.0,5,0.0,-12.457262903673652,-14.354820127607194,-14.40710589280921,9.34033268583256,0.0,-16.304663116742766,137.0,COMPLETE
751,26.46558169339241,2026-07-22 08:33:07.754948,2026-07-22 08:36:56.976454,0 days 00:03:49.221506,10,1.5,61.0,30.0,5,0.0,0.001,10,2.0,5,0.0,-73.97573867375935,-65.91714106959996,-16.316171333582012,26.46558169339241,0.0,-8.257573729422663,382.0,COMPLETE
752,26.406765176337565,2026-07-22 08:33:08.174706,2026-07-22 08:36:57.245048,0 days 00:03:49.070342,10,1.5,61.0,30.0,5,0.0,0.001,12,3.0,5,0.0,-73.97573867375935,-65.91714106959996,-20.417522268450245,26.406765176337565,0.0,-12.358924664290877,383.0,COMPLETE
753,29.261696412676486,2026-07-22 08:33:48.707123,2026-07-22 08:37:36.977288,0 days 00:03:48.270165,10,1.5,61.0,30.0,6,0.2,0.001,12,2.0,5,0.0,-107.8916033520161,-61.474020225326214,-37.83950761635617,29.261696412676486,0.0,8.578075510333676,425.0,COMPLETE
754,29.261696412676486,2026-07-22 08:34:32.660048,2026-07-22 08:38:18.827692,0 days 00:03:46.167644,10,1.5,61.0,30.0,6,0.2,0.001,12,3.0,5,0.0,-107.8916033520161,-61.474020225326214,-37.83950761635617,29.261696412676486,0.0,8.578075510333676,425.0,COMPLETE
755,28.49443416696497,2026-07-22 08:35:05.450936,2026-07-22 08:38:53.444903,0 days 00:03:47.993967,10,1.5,63.0,29.0,6,0.2,0.001,12,3.0,5,0.0,-111.6347483012964,-61.967318799619804,-41.01950891464307,28.49443416696497,0.0,8.647920587033463,417.0,COMPLETE
756,27.692207182993172,2026-07-22 08:35:18.184992,2026-07-22 08:39:02.616819,0 days 00:03:44.431827,10,1.5,63.0,29.0,6,0.2,0.001,12,3.0,6,0.0,-114.52365852983284,-63.24654103773999,-45.85907243121622,27.692207182993172,0.0,5.418045060876583,410.0,COMPLETE
757,28.49443416696497,2026-07-22 08:35:28.017017,2026-07-22 08:39:17.652680,0 days 00:03:49.635663,10,1.5,63.0,29.0,6,0.2,0.001,12,3.0,5,0.0,-111.6347483012964,-61.967318799619804,-41.01950891464307,28.49443416696497,0.0,8.647920587033463,417.0,COMPLETE
758,27.692207182993172,2026-07-22 08:36:08.733102,2026-07-22 08:39:58.528747,0 days 00:03:49.795645,10,1.5,63.0,29.0,6,0.2,0.001,12,3.0,6,0.0,-114.52365852983284,-63.24654103773999,-45.85907243121622,27.692207182993172,0.0,5.418045060876583,410.0,COMPLETE
759,27.692207182993172,2026-07-22 08:36:25.554853,2026-07-22 08:40:15.169214,0 days 00:03:49.614361,10,1.5,63.0,29.0,6,0.2,0.001,12,3.0,6,0.0,-114.52365852983284,-63.24654103773999,-45.85907243121622,27.692207182993172,0.0,5.418045060876583,410.0,COMPLETE
760,15.200886711261166,2026-07-22 08:36:36.033888,2026-07-22 08:40:15.060875,0 days 00:03:39.026987,10,1.5,63.0,29.0,6,0.2,0.006,12,3.0,6,0.0,-15.958065277179792,-27.40201778483054,-23.219365263938784,15.200886711261166,0.0,-34.6633177715895,224.0,COMPLETE
761,27.692207182993172,2026-07-22 08:36:57.035605,2026-07-22 08:40:48.980243,0 days 00:03:51.944638,10,1.5,62.0,29.0,6,0.2,0.001,12,3.0,6,0.0,-114.52365852983284,-63.24654103773999,-45.85907243121622,27.692207182993172,0.0,5.418045060876583,410.0,COMPLETE
762,15.200886711261166,2026-07-22 08:36:57.323156,2026-07-22 08:40:36.142697,0 days 00:03:38.819541,10,1.5,63.0,29.0,6,0.2,0.006,12,3.0,6,0.0,-15.958065277179792,-27.40201778483054,-23.219365263938784,15.200886711261166,0.0,-34.6633177715895,224.0,COMPLETE
763,27.692207182993172,2026-07-22 08:37:37.034066,2026-07-22 08:41:24.938859,0 days 00:03:47.904793,10,1.5,63.0,29.0,6,0.2,0.001,13,3.0,6,0.0,-114.52365852983284,-63.24654103773999,-45.85907243121622,27.692207182993172,0.0,5.418045060876583,410.0,COMPLETE
764,15.200886711261166,2026-07-22 08:38:18.880233,2026-07-22 08:41:54.630317,0 days 00:03:35.750084,10,1.5,62.0,29.0,6,0.2,0.006,13,3.0,6,0.0,-15.958065277179792,-27.40201778483054,-23.219365263938784,15.200886711261166,0.0,-34.6633177715895,224.0,COMPLETE
765,18.923623876125703,2026-07-22 08:38:53.498440,2026-07-22 08:42:37.547393,0 days 00:03:44.048953,10,1.5,62.0,29.0,6,1.9000000000000001,0.001,13,3.0,6,0.0,-52.80025041109563,-60.269636158439766,-15.47872625563649,18.923623876125703,0.0,-22.94811200298064,283.0,COMPLETE
766,27.43998932435061,2026-07-22 08:39:02.683965,2026-07-22 08:42:46.552691,0 days 00:03:43.868726,11,1.5,62.0,28.0,6,0.2,0.001,13,3.0,6,0.0,-95.09021544702559,-55.10698627461159,-42.481372914964766,27.43998932435061,0.0,-2.498143742550747,401.0,COMPLETE
767,28.81527860917985,2026-07-22 08:39:17.709052,2026-07-22 08:43:09.367090,0 days 00:03:51.658038,11,1.5,62.0,28.0,5,0.2,0.001,13,3.0,6,0.0,-90.42565881678492,-56.50304459407701,-38.47466007338786,28.81527860917985,0.0,-4.55204585068,417.0,COMPLETE
768,18.178242932345647,2026-07-22 08:39:58.578524,2026-07-22 08:43:41.570762,0 days 00:03:42.992238,11,1.5,62.0,28.0,18,0.1,0.001,13,3.0,6,0.0,-63.14839837197828,-47.58291949709575,-24.308779907711784,18.178242932345647,0.0,-8.743301032829278,271.0,COMPLETE
769,28.76101181862094,2026-07-22 08:40:15.226975,2026-07-22 08:44:05.484174,0 days 00:03:50.257199,11,1.5,62.0,28.0,5,0.30000000000000004,0.001,13,2.9000000000000004,6,0.0,-89.82086535465167,-55.89825113194381,-38.47466007338786,28.76101181862094,0.0,-4.55204585068,416.0,COMPLETE
770,25.668471101492347,2026-07-22 08:40:15.240395,2026-07-22 08:44:05.036931,0 days 00:03:49.796536,11,1.5,62.0,28.0,5,0.30000000000000004,0.001,39,2.9000000000000004,6,0.0,-93.25766429354461,-60.41122443185623,-38.45410418522064,25.668471101492347,0.0,-5.607664323532215,380.0,COMPLETE
771,17.25983300745871,2026-07-22 08:40:36.199730,2026-07-22 08:44:19.151354,0 days 00:03:42.951624,11,1.5,62.0,21.0,14,0.30000000000000004,0.001,13,2.9000000000000004,6,0.0,-54.52878582286189,-33.07155809626181,-34.06159008301658,17.25983300745871,0.0,-12.604362356416516,258.0,COMPLETE
772,19.026889102675984,2026-07-22 08:40:49.051666,2026-07-22 08:44:31.322065,0 days 00:03:42.270399,11,1.5,62.0,28.0,18,0.1,0.001,13,2.9000000000000004,5,0.0,-60.159280273187456,-44.94170288570696,-17.524681894525546,19.026889102675984,0.0,-2.3071045070450396,278.0,COMPLETE
773,29.105549191683778,2026-07-22 08:41:24.989971,2026-07-22 08:45:15.208695,0 days 00:03:50.218724,11,1.5,62.0,28.0,5,0.30000000000000004,0.001,13,2.9000000000000004,5,0.0,-98.61081285062384,-54.76911725331772,-45.31105125817216,29.105549191683778,0.0,-1.4693556608660854,424.0,COMPLETE
774,29.105549191683778,2026-07-22 08:41:54.696848,2026-07-22 08:45:42.555406,0 days 00:03:47.858558,11,1.5,62.0,28.0,5,0.30000000000000004,0.001,11,2.9000000000000004,5,0.0,-98.61081285062384,-54.76911725331772,-45.31105125817216,29.105549191683778,0.0,-1.4693556608660854,424.0,COMPLETE
775,29.105549191683778,2026-07-22 08:42:37.599132,2026-07-22 08:46:28.013496,0 days 00:03:50.414364,11,1.5,62.0,28.0,5,0.30000000000000004,0.001,11,2.9000000000000004,5,0.0,-98.61081285062384,-54.76911725331772,-45.31105125817216,29.105549191683778,0.0,-1.4693556608660854,424.0,COMPLETE
776,29.105549191683778,2026-07-22 08:42:46.617952,2026-07-22 08:46:31.350971,0 days 00:03:44.733019,11,1.5,62.0,28.0,5,0.30000000000000004,0.001,11,2.9000000000000004,5,0.0,-98.61081285062384,-54.76911725331772,-45.31105125817216,29.105549191683778,0.0,-1.4693556608660854,424.0,COMPLETE
777,25.56084609573958,2026-07-22 08:43:09.434468,2026-07-22 08:46:59.805999,0 days 00:03:50.371531,28,1.6,62.0,28.0,5,0.30000000000000004,0.001,11,2.9000000000000004,5,0.0,-132.85165281461943,-97.63855341282238,-46.31974066487088,25.56084609573958,0.0,-11.106641263073755,401.0,COMPLETE
778,27.71258593916006,2026-07-22 08:43:41.632808,2026-07-22 08:47:31.343033,0 days 00:03:49.710225,11,1.6,62.0,31.0,5,0.30000000000000004,0.001,11,2.9000000000000004,5,0.0,-97.50898677658485,-66.90012627326387,-34.733524645843346,27.71258593916006,0.0,-4.124664142522349,407.0,COMPLETE
779,26.841263299183677,2026-07-22 08:44:05.092173,2026-07-22 08:47:55.126537,0 days 00:03:50.034364,11,1.6,62.0,26.0,5,0.30000000000000004,0.001,11,2.9000000000000004,5,0.0,-99.05292627827187,-65.0210967378133,-34.773194154421596,26.841263299183677,0.0,-0.7413646139630303,395.0,COMPLETE
780,27.89245732122506,2026-07-22 08:44:05.539300,2026-07-22 08:47:57.176296,0 days 00:03:51.636996,11,1.6,62.0,31.0,5,0.1,0.001,11,2.9000000000000004,5,0.0,-93.32838316447969,-62.231027732124566,-35.22201957487749,27.89245732122506,0.0,-4.124664142522349,407.0,COMPLETE
781,29.33485980028406,2026-07-22 08:44:19.210890,2026-07-22 08:48:10.987716,0 days 00:03:51.776826,10,1.6,61.0,31.0,5,0.1,0.001,11,2.9000000000000004,5,0.0,-75.41110543729992,-46.52057255660984,-19.47901127616617,29.33485980028406,0.0,9.41152160452396,409.0,COMPLETE
782,27.16012238535778,2026-07-22 08:44:31.376856,2026-07-22 08:48:21.177362,0 days 00:03:49.800506,10,1.6,61.0,31.0,5,0.1,0.001,26,3.0,5,0.0,-78.92405623971064,-53.541958406115036,-26.860615786856076,27.16012238535778,0.0,-1.4785179532604078,389.0,COMPLETE
783,13.056336636357766,2026-07-22 08:45:15.278246,2026-07-22 08:48:53.719650,0 days 00:03:38.441404,10,1.6,61.0,31.0,5,0.1,0.009000000000000001,11,3.0,5,0.0,-10.386423469821178,-17.630013204117446,-18.834901134985156,13.056336636357766,0.0,-26.078490869281406,189.0,COMPLETE
784,29.33485980028406,2026-07-22 08:45:42.612774,2026-07-22 08:49:28.839215,0 days 00:03:46.226441,10,1.6,61.0,31.0,5,0.1,0.001,11,3.0,5,0.0,-75.41110543729992,-46.52057255660984,-19.47901127616617,29.33485980028406,0.0,9.41152160452396,409.0,COMPLETE
785,29.33485980028406,2026-07-22 08:46:28.073325,2026-07-22 08:50:16.311512,0 days 00:03:48.238187,10,1.6,61.0,31.0,5,0.1,0.001,11,3.0,5,0.0,-75.41110543729992,-46.52057255660984,-19.47901127616617,29.33485980028406,0.0,9.41152160452396,409.0,COMPLETE
786,29.33485980028406,2026-07-22 08:46:31.400845,2026-07-22 08:50:16.467928,0 days 00:03:45.067083,10,1.6,61.0,31.0,5,0.1,0.001,11,3.0,5,0.0,-75.41110543729992,-46.52057255660984,-19.47901127616617,29.33485980028406,0.0,9.41152160452396,409.0,COMPLETE
787,29.33485980028406,2026-07-22 08:46:59.862049,2026-07-22 08:50:47.163327,0 days 00:03:47.301278,10,1.6,61.0,31.0,5,0.1,0.001,11,3.0,5,0.0,-75.41110543729992,-46.52057255660984,-19.47901127616617,29.33485980028406,0.0,9.41152160452396,409.0,COMPLETE
788,29.07928668607559,2026-07-22 08:47:31.391005,2026-07-22 08:51:20.719317,0 days 00:03:49.328312,10,1.6,61.0,29.0,5,0.1,0.001,11,3.0,5,0.0,-71.36785199646393,-44.20336875373109,-17.90478131869546,29.07928668607559,0.0,9.259701924037408,404.0,COMPLETE
789,29.434134232140007,2026-07-22 08:47:55.191747,2026-07-22 08:51:43.297737,0 days 00:03:48.105990,10,1.6,61.0,31.0,5,0.1,0.001,10,3.0,5,0.0,-75.41110543729992,-46.52057255660984,-15.377660341297949,29.434134232140007,0.0,13.512872539392177,408.0,COMPLETE
790,30.367972408943185,2026-07-22 08:47:57.235277,2026-07-22 08:51:45.566978,0 days 00:03:48.331701,10,1.5,61.0,29.0,5,0.1,0.001,10,3.0,5,0.0,-104.00760357435979,-58.91693637906629,-31.501383347288083,30.367972408943185,0.0,13.589283848005461,434.0,COMPLETE
791,24.833227006753127,2026-07-22 08:48:11.052996,2026-07-22 08:51:57.778451,0 days 00:03:46.725455,10,1.5,63.0,29.0,10,0.1,0.001,10,3.0,5,0.0,-57.99389216518656,-50.45760190931414,-1.3951759906395618,24.833227006753127,0.0,6.141114265232842,345.0,COMPLETE
792,30.367972408943185,2026-07-22 08:48:21.238677,2026-07-22 08:52:14.213693,0 days 00:03:52.975016,10,1.5,63.0,29.0,5,0.1,0.001,10,3.0,5,0.0,-104.00760357435979,-58.91693637906629,-31.501383347288083,30.367972408943185,0.0,13.589283848005461,434.0,COMPLETE
793,30.367972408943185,2026-07-22 08:48:53.779911,2026-07-22 08:52:44.262458,0 days 00:03:50.482547,10,1.5,63.0,29.0,5,0.1,0.001,10,3.0,5,0.0,-104.00760357435979,-58.91693637906629,-31.501383347288083,30.367972408943185,0.0,13.589283848005461,434.0,COMPLETE
794,28.600803233051433,2026-07-22 08:49:28.890922,2026-07-22 08:53:14.832765,0 days 00:03:45.941843,10,1.5,63.0,29.0,5,0.1,0.001,10,3.0,8,0.0,-102.35924690709217,-73.8629933049376,-26.843467793783542,28.600803233051433,0.0,1.652785808371079,418.0,COMPLETE
795,30.084314809995863,2026-07-22 08:50:16.370094,2026-07-22 08:54:05.758107,0 days 00:03:49.388013,10,1.5,63.0,29.0,5,0.2,0.001,10,3.0,5,0.0,-110.57143138370157,-65.96925911744216,-31.012888418253915,30.084314809995863,0.0,13.589283848005461,434.0,COMPLETE
796,30.084314809995863,2026-07-22 08:50:16.594304,2026-07-22 08:53:59.520614,0 days 00:03:42.926310,10,1.5,63.0,29.0,5,0.2,0.001,10,3.0,5,0.0,-110.57143138370157,-65.96925911744216,-31.012888418253915,30.084314809995863,0.0,13.589283848005461,434.0,COMPLETE
797,30.084314809995863,2026-07-22 08:50:47.218751,2026-07-22 08:54:36.755234,0 days 00:03:49.536483,10,1.5,63.0,29.0,5,0.2,0.001,10,3.0,5,0.0,-110.57143138370157,-65.96925911744216,-31.012888418253915,30.084314809995863,0.0,13.589283848005461,434.0,COMPLETE
798,30.084314809995863,2026-07-22 08:51:20.780379,2026-07-22 08:55:11.489373,0 days 00:03:50.708994,10,1.5,63.0,29.0,5,0.2,0.001,10,3.0,5,0.0,-110.57143138370157,-65.96925911744216,-31.012888418253915,30.084314809995863,0.0,13.589283848005461,434.0,COMPLETE
799,29.740889554946616,2026-07-22 08:51:43.367133,2026-07-22 08:55:35.348977,0 days 00:03:51.981844,10,1.5,63.0,29.0,5,0.2,0.001,10,3.0,6,0.0,-102.34676818666563,-67.24848135556233,-24.738878509254707,29.740889554946616,0.0,10.359408321848575,427.0,COMPLETE
800,29.94545815930773,2026-07-22 08:51:45.630338,2026-07-22 08:55:37.461738,0 days 00:03:51.831400,10,1.5,60.0,29.0,5,0.2,0.001,14,2.8,5,0.0,-111.08544488786794,-65.96925911744216,-36.35095070974171,29.94545815930773,0.0,8.765235060684033,435.0,COMPLETE
801,30.084314809995863,2026-07-22 08:51:57.842410,2026-07-22 08:55:49.862434,0 days 00:03:52.020024,10,1.5,60.0,29.0,5,0.2,0.001,10,2.8,5,0.0,-110.57143138370157,-65.96925911744216,-31.012888418253915,30.084314809995863,0.0,13.589283848005461,434.0,COMPLETE
802,12.385149366678853,2026-07-22 08:52:14.289675,2026-07-22 08:55:51.992196,0 days 00:03:37.702521,11,2.7,63.0,29.0,5,0.2,0.001,10,2.8,5,0.0,-3.520495172188655,-13.44362667693217,-8.707862938512838,12.385149366678853,0.0,-18.630994443256345,176.0,COMPLETE
803,29.737079275011443,2026-07-22 08:52:44.330564,2026-07-22 08:56:35.393915,0 days 00:03:51.063351,11,1.5,63.0,29.0,5,0.2,0.001,10,2.8,5,0.0,-96.95191439581161,-57.78446820577363,-36.836548606090176,29.737079275011443,0.0,2.3308975839477837,429.0,COMPLETE
804,13.658837896131832,2026-07-22 08:53:14.893018,2026-07-22 08:56:47.541487,0 days 00:03:32.648469,11,2.6,63.0,29.0,5,0.2,0.001,10,3.0,5,0.0,-5.045807195654076,-9.116147604959911,-14.068699762471896,13.658837896131832,0.0,-18.139040171777733,193.0,COMPLETE
805,29.737079275011443,2026-07-22 08:53:59.586113,2026-07-22 08:57:45.048004,0 days 00:03:45.461891,11,1.5,64.0,29.0,5,0.2,0.001,10,3.0,5,0.0,-96.95191439581161,-57.78446820577363,-36.836548606090176,29.737079275011443,0.0,2.3308975839477837,429.0,COMPLETE
806,29.737079275011443,2026-07-22 08:54:05.823984,2026-07-22 08:57:55.354205,0 days 00:03:49.530221,11,1.5,64.0,29.0,5,0.2,0.001,10,3.0,5,0.0,-96.95191439581161,-57.78446820577363,-36.836548606090176,29.737079275011443,0.0,2.3308975839477837,429.0,COMPLETE
807,29.737079275011443,2026-07-22 08:54:36.822546,2026-07-22 08:58:28.633156,0 days 00:03:51.810610,11,1.5,64.0,29.0,5,0.2,0.001,10,2.8,5,0.0,-96.95191439581161,-57.78446820577363,-36.836548606090176,29.737079275011443,0.0,2.3308975839477837,429.0,COMPLETE
808,29.737079275011443,2026-07-22 08:55:11.554283,2026-07-22 08:59:03.445057,0 days 00:03:51.890774,11,1.5,64.0,29.0,5,0.2,0.001,10,3.0,5,0.0,-96.95191439581161,-57.78446820577363,-36.836548606090176,29.737079275011443,0.0,2.3308975839477837,429.0,COMPLETE
809,29.737079275011443,2026-07-22 08:55:35.418499,2026-07-22 08:59:28.265571,0 days 00:03:52.847072,11,1.5,63.0,29.0,5,0.2,0.001,10,2.8,5,0.0,-96.95191439581161,-57.78446820577363,-36.836548606090176,29.737079275011443,0.0,2.3308975839477837,429.0,COMPLETE
810,29.737079275011443,2026-07-22 08:55:37.521447,2026-07-22 08:59:28.758212,0 days 00:03:51.236765,11,1.5,64.0,29.0,5,0.2,0.001,10,3.0,5,0.0,-96.95191439581161,-57.78446820577363,-36.836548606090176,29.737079275011443,0.0,2.3308975839477837,429.0,COMPLETE
811,28.942030215043165,2026-07-22 08:55:49.927743,2026-07-22 08:59:41.157008,0 days 00:03:51.229265,11,1.5,64.0,27.0,5,0.2,0.001,10,3.0,5,0.0,-102.03118439998276,-54.63997240680684,-41.99249739158769,28.942030215043165,0.0,5.398714601588215,420.0,COMPLETE
812,26.044555514835782,2026-07-22 08:55:52.063747,2026-07-22 08:59:48.873208,0 days 00:03:56.809461,32,1.5,64.0,29.0,5,0.2,0.001,10,3.0,5,0.0,-171.27443695423165,-124.22818294667435,-54.51021707055506,26.044555514835782,0.0,-7.463963062997672,425.0,COMPLETE
813,29.654145513063728,2026-07-22 08:56:35.444631,2026-07-22 09:00:25.221343,0 days 00:03:49.776712,12,1.5,64.0,29.0,5,0.2,0.001,10,3.0,5,0.0,-114.6800249984503,-78.65010052697748,-35.971930195887,29.654145513063728,0.0,0.057994275585766975,439.0,COMPLETE
814,29.135147695456713,2026-07-22 08:56:47.604265,2026-07-22 09:00:35.949125,0 days 00:03:48.344860,12,1.5,64.0,27.0,5,0.2,0.001,10,3.0,5,0.0,-119.27545873097743,-73.53638340845055,-42.61326402930068,29.135147695456713,0.0,3.1258112932261977,433.0,COMPLETE
815,28.932904469780407,2026-07-22 08:57:45.097442,2026-07-22 09:01:31.500674,0 days 00:03:46.403232,12,1.5,64.0,29.0,6,0.2,0.001,10,3.0,5,0.0,-118.66813353264048,-74.60277337481006,-40.73869740376871,28.932904469780407,0.0,3.326662754061693,430.0,COMPLETE
816,27.917968897165505,2026-07-22 08:57:55.422657,2026-07-22 09:01:44.518126,0 days 00:03:49.095469,11,1.5,64.0,27.0,6,0.2,0.001,10,3.0,5,0.0,-83.72115030875224,-50.39239153574157,-32.26712893169834,27.917968897165505,0.0,1.0616298413123757,400.0,COMPLETE
817,28.08683042154221,2026-07-22 08:58:28.690752,2026-07-22 09:02:19.345471,0 days 00:03:50.654719,12,1.5,64.0,27.0,6,0.2,0.001,10,3.0,5,0.0,-104.0453252838537,-72.23748298315107,-32.10544708745988,28.08683042154221,0.0,-0.297604786757304,414.0,COMPLETE
818,28.520201875933225,2026-07-22 08:59:03.506338,2026-07-22 09:02:55.114773,0 days 00:03:51.608435,12,1.5,64.0,28.0,6,0.2,0.001,10,3.0,5,0.0,-109.26924834667842,-72.01429299672762,-33.928292595889076,28.520201875933225,0.0,3.326662754061693,420.0,COMPLETE
819,21.039387200092175,2026-07-22 08:59:28.317647,2026-07-22 09:03:15.480371,0 days 00:03:47.162724,12,1.5,64.0,27.0,13,0.2,0.001,10,3.0,5,0.0,-67.00852988193841,-43.122707061894005,-37.12905933698963,21.039387200092175,0.0,-13.24323651694521,311.0,COMPLETE
820,28.08683042154221,2026-07-22 08:59:28.818292,2026-07-22 09:03:20.273699,0 days 00:03:51.455407,12,1.5,64.0,27.0,6,0.2,0.001,10,3.0,5,0.0,-104.0453252838537,-72.23748298315107,-32.10544708745988,28.08683042154221,0.0,-0.297604786757304,414.0,COMPLETE
821,29.586284029775257,2026-07-22 08:59:41.222832,2026-07-22 09:03:35.046520,0 days 00:03:53.823688,12,1.5,63.0,30.0,6,0.2,0.001,10,3.0,5,0.0,-108.41733033574329,-72.83068450684208,-35.760754924171394,29.586284029775257,0.0,-0.17410909527022117,435.0,COMPLETE
822,29.586284029775257,2026-07-22 08:59:48.940847,2026-07-22 09:03:41.722120,0 days 00:03:52.781273,12,1.5,63.0,30.0,6,0.2,0.001,10,3.0,5,0.0,-108.41733033574329,-72.83068450684208,-35.760754924171394,29.586284029775257,0.0,-0.17410909527022117,435.0,COMPLETE
823,27.99422027349144,2026-07-22 09:00:25.285822,2026-07-22 09:04:15.655754,0 days 00:03:50.369932,10,1.5,63.0,28.0,6,0.2,0.001,10,3.0,5,0.0,-106.61486323535374,-63.563351607096465,-30.30224010635556,27.99422027349144,0.0,12.749271521901678,406.0,COMPLETE
824,29.270511327282357,2026-07-22 09:00:36.008423,2026-07-22 09:04:23.140761,0 days 00:03:47.132338,10,1.5,63.0,30.0,6,0.30000000000000004,0.001,10,3.0,5,0.0,-106.15904398282306,-60.932842822080275,-32.54677471554085,29.270511327282357,0.0,12.679426445201893,422.0,COMPLETE
825,27.937268111368592,2026-07-22 09:01:31.567164,2026-07-22 09:05:16.924398,0 days 00:03:45.357234,10,1.5,63.0,28.0,6,0.30000000000000004,0.001,10,3.0,5,0.0,-106.0736858321078,-63.02217420385051,-30.30224010635556,27.937268111368592,0.0,12.749271521901678,405.0,COMPLETE
826,25.988957307548525,2026-07-22 09:01:44.575439,2026-07-22 09:05:31.541426,0 days 00:03:46.965987,10,1.5,63.0,28.0,6,0.30000000000000004,0.002,10,3.0,5,0.0,-91.81740935765097,-56.81973298830694,-23.56423002977551,25.988957307548525,0.0,11.433446339568473,374.0,COMPLETE
827,29.270511327282357,2026-07-22 09:02:19.401644,2026-07-22 09:06:07.567758,0 days 00:03:48.166114,10,1.5,63.0,30.0,6,0.30000000000000004,0.001,10,2.9000000000000004,5,0.0,-106.15904398282306,-60.932842822080275,-32.54677471554085,29.270511327282357,0.0,12.679426445201893,422.0,COMPLETE
828,26.607289467037052,2026-07-22 09:02:55.166281,2026-07-22 09:06:42.198244,0 days 00:03:47.031963,10,1.5,63.0,30.0,6,0.30000000000000004,0.002,10,2.9000000000000004,5,0.0,-85.98712163680109,-50.70911873511077,-26.893946946045457,26.607289467037052,0.0,8.384055955644815,382.0,COMPLETE
829,26.607289467037052,2026-07-22 09:03:15.550414,2026-07-22 09:07:02.853914,0 days 00:03:47.303500,10,1.5,63.0,30.0,6,0.30000000000000004,0.002,10,2.9000000000000004,5,0.0,-85.98712163680109,-50.70911873511077,-26.893946946045457,26.607289467037052,0.0,8.384055955644815,382.0,COMPLETE
830,26.86750562739865,2026-07-22 09:03:20.340432,2026-07-22 09:07:07.707659,0 days 00:03:47.367227,10,1.5,63.0,30.0,5,0.30000000000000004,0.002,10,2.9000000000000004,5,0.0,-97.50873701865714,-54.23979154539163,-33.01866375999687,26.86750562739865,0.0,10.250281713268595,389.0,COMPLETE
831,26.86750562739865,2026-07-22 09:03:35.101783,2026-07-22 09:07:23.714357,0 days 00:03:48.612574,10,1.5,63.0,30.0,5,0.30000000000000004,0.002,10,2.9000000000000004,5,0.0,-97.50873701865714,-54.23979154539163,-33.01866375999687,26.86750562739865,0.0,10.250281713268595,389.0,COMPLETE
832,25.294981690775142,2026-07-22 09:03:41.773349,2026-07-22 09:07:30.711829,0 days 00:03:48.938480,10,1.6,63.0,28.0,5,0.30000000000000004,0.002,10,2.9000000000000004,5,0.0,-79.49192502889086,-39.59586120684215,-29.52246914929003,25.294981690775142,0.0,10.37359467275863,362.0,COMPLETE
833,25.472196915031226,2026-07-22 09:04:15.725491,2026-07-22 09:08:03.698258,0 days 00:03:47.972767,10,1.6,63.0,30.0,5,0.30000000000000004,0.002,10,2.9000000000000004,5,0.0,-78.1133548913627,-39.59586120684215,-28.461357798778064,25.472196915031226,0.0,10.056135885742464,364.0,COMPLETE
834,20.682488676602528,2026-07-22 09:04:23.191545,2026-07-22 09:08:06.004911,0 days 00:03:42.813366,10,1.6,63.0,28.0,5,0.30000000000000004,0.002,10,2.9000000000000004,16,0.0,-86.6615852328742,-50.567219034001205,-37.90942405591481,20.682488676602528,0.0,-1.8150578570418388,313.0,COMPLETE
835,20.13817042834136,2026-07-22 09:05:16.982519,2026-07-22 09:08:51.400533,0 days 00:03:34.418014,10,1.9,63.0,30.0,5,0.30000000000000004,0.002,10,2.9000000000000004,5,0.0,-71.22225377250058,-43.77039544699985,-30.4347017123356,20.13817042834136,0.0,-2.9828433868348947,299.0,COMPLETE
836,25.472196915031226,2026-07-22 09:05:31.601992,2026-07-22 09:09:18.574025,0 days 00:03:46.972033,10,1.6,63.0,30.0,5,0.30000000000000004,0.002,10,2.9000000000000004,5,0.0,-78.1133548913627,-39.59586120684215,-28.461357798778064,25.472196915031226,0.0,10.056135885742464,364.0,COMPLETE
837,25.472196915031226,2026-07-22 09:06:07.626310,2026-07-22 09:09:52.816805,0 days 00:03:45.190495,10,1.6,63.0,30.0,5,0.30000000000000004,0.002,10,2.9000000000000004,5,0.0,-78.1133548913627,-39.59586120684215,-28.461357798778064,25.472196915031226,0.0,10.056135885742464,364.0,COMPLETE
838,12.1979462662583,2026-07-22 09:06:42.265971,2026-07-22 09:10:18.569441,0 days 00:03:36.303470,10,2.9000000000000004,63.0,29.0,5,0.30000000000000004,0.001,10,2.9000000000000004,5,0.0,0.0,-11.975868344366528,-6.655126098889816,12.1979462662583,0.0,-18.630994443256345,173.0,COMPLETE
839,12.1979462662583,2026-07-22 09:07:02.917155,2026-07-22 09:10:40.541858,0 days 00:03:37.624703,10,2.9000000000000004,63.0,29.0,5,0.30000000000000004,0.001,10,2.9000000000000004,5,0.0,0.0,-11.975868344366528,-6.655126098889816,12.1979462662583,0.0,-18.630994443256345,173.0,COMPLETE
840,28.995248391758015,2026-07-22 09:07:07.769517,2026-07-22 09:10:57.826037,0 days 00:03:50.056520,10,1.6,63.0,29.0,5,0.2,0.001,10,2.9000000000000004,5,0.0,-75.51290717343618,-48.83691885973753,-13.314935454793083,28.995248391758015,0.0,13.361052858905627,403.0,COMPLETE
841,25.719725905413238,2026-07-22 09:07:23.771762,2026-07-22 09:11:18.583383,0 days 00:03:54.811621,40,1.6,63.0,29.0,5,0.2,0.001,11,3.0,5,0.0,-137.22011718089615,-103.33092973846767,-52.766846682882,25.719725905413238,0.0,-18.877659240453596,409.0,COMPLETE
842,27.647649618886085,2026-07-22 09:07:30.778979,2026-07-22 09:11:21.816847,0 days 00:03:51.037868,11,1.6,63.0,29.0,5,0.2,0.001,11,3.0,5,0.0,-96.78488869302883,-66.42527805822246,-34.90856074906102,27.647649618886085,0.0,-4.5489501142546525,406.0,COMPLETE
843,27.647649618886085,2026-07-22 09:08:03.760518,2026-07-22 09:11:52.091497,0 days 00:03:48.330979,11,1.6,60.0,29.0,5,0.2,0.001,11,3.0,5,0.0,-96.78488869302883,-66.42527805822246,-34.90856074906102,27.647649618886085,0.0,-4.5489501142546525,406.0,COMPLETE
844,27.647649618886085,2026-07-22 09:08:06.057412,2026-07-22 09:11:52.441997,0 days 00:03:46.384585,11,1.6,60.0,29.0,5,0.2,0.001,11,3.0,5,0.0,-96.78488869302883,-66.42527805822246,-34.90856074906102,27.647649618886085,0.0,-4.5489501142546525,406.0,COMPLETE
845,27.647649618886085,2026-07-22 09:08:51.456782,2026-07-22 09:12:35.536772,0 days 00:03:44.079990,11,1.6,60.0,29.0,5,0.2,0.001,11,3.0,5,0.0,-96.78488869302883,-66.42527805822246,-34.90856074906102,27.647649618886085,0.0,-4.5489501142546525,406.0,COMPLETE
846,29.65096500434962,2026-07-22 09:09:18.635123,2026-07-22 09:13:11.127887,0 days 00:03:52.492764,11,1.5,60.0,29.0,5,0.2,0.001,11,3.0,5,0.0,-96.98567710773416,-57.81823091769616,-40.937899540958384,29.65096500434962,0.0,-1.77045335092043,430.0,COMPLETE
847,29.65096500434962,2026-07-22 09:09:52.880822,2026-07-22 09:13:43.465428,0 days 00:03:50.584606,11,1.5,60.0,29.0,5,0.2,0.001,11,3.0,5,0.0,-96.98567710773416,-57.81823091769616,-40.937899540958384,29.65096500434962,0.0,-1.77045335092043,430.0,COMPLETE
848,29.65096500434962,2026-07-22 09:10:18.626350,2026-07-22 09:14:09.815370,0 days 00:03:51.189020,11,1.5,60.0,29.0,5,0.2,0.001,11,3.0,5,0.0,-96.98567710773416,-57.81823091769616,-40.937899540958384,29.65096500434962,0.0,-1.77045335092043,430.0,COMPLETE
849,29.65096500434962,2026-07-22 09:10:40.596111,2026-07-22 09:14:32.052459,0 days 00:03:51.456348,11,1.5,60.0,29.0,5,0.2,0.001,11,3.0,5,0.0,-96.98567710773416,-57.81823091769616,-40.937899540958384,29.65096500434962,0.0,-1.77045335092043,430.0,COMPLETE
850,29.65096500434962,2026-07-22 09:10:57.892090,2026-07-22 09:14:49.534044,0 days 00:03:51.641954,11,1.5,60.0,29.0,5,0.2,0.001,11,3.0,5,0.0,-96.98567710773416,-57.81823091769616,-40.937899540958384,29.65096500434962,0.0,-1.77045335092043,430.0,COMPLETE
851,29.1814041780323,2026-07-22 09:11:18.637252,2026-07-22 09:15:09.840751,0 days 00:03:51.203499,11,1.5,60.0,29.0,5,0.8,0.001,11,3.0,5,0.0,-93.14756725380995,-60.01363111843377,-38.99796723369593,29.1814041780323,0.0,-5.864031098319766,424.0,COMPLETE
852,29.158497305735203,2026-07-22 09:11:21.881840,2026-07-22 09:15:13.074273,0 days 00:03:51.192433,11,1.5,60.0,28.0,5,0.2,0.001,11,3.0,5,0.0,-99.24936902467961,-55.40767342737346,-45.31105125817216,29.158497305735203,0.0,-1.4693556608660854,425.0,COMPLETE
853,29.158497305735203,2026-07-22 09:11:52.151270,2026-07-22 09:15:41.628019,0 days 00:03:49.476749,11,1.5,60.0,28.0,5,0.2,0.001,11,3.0,5,0.0,-99.24936902467961,-55.40767342737346,-45.31105125817216,29.158497305735203,0.0,-1.4693556608660854,425.0,COMPLETE
854,28.682108381861315,2026-07-22 09:11:52.532336,2026-07-22 09:15:38.540331,0 days 00:03:46.007995,11,1.5,60.0,28.0,5,0.8,0.001,11,3.0,5,0.0,-95.22719856598063,-57.60205551605458,-43.18807645819143,28.682108381861315,0.0,-5.562933408265422,419.0,COMPLETE
855,29.158497305735203,2026-07-22 09:12:35.597027,2026-07-22 09:16:20.051764,0 days 00:03:44.454737,11,1.5,60.0,28.0,5,0.2,0.001,11,3.0,5,0.0,-99.24936902467961,-55.40767342737346,-45.31105125817216,29.158497305735203,0.0,-1.4693556608660854,425.0,COMPLETE
856,29.15992730245066,2026-07-22 09:13:11.190353,2026-07-22 09:17:02.404885,0 days 00:03:51.214532,11,1.5,64.0,28.0,5,0.2,0.001,11,3.0,5,0.0,-99.21560631275706,-55.37391071545092,-45.31105125817216,29.15992730245066,0.0,-1.4693556608660854,425.0,COMPLETE
857,29.15992730245066,2026-07-22 09:13:43.527472,2026-07-22 09:17:34.198175,0 days 00:03:50.670703,11,1.5,64.0,28.0,5,0.2,0.001,11,3.0,5,0.0,-99.21560631275706,-55.37391071545092,-45.31105125817216,29.15992730245066,0.0,-1.4693556608660854,425.0,COMPLETE
858,22.134515189922357,2026-07-22 09:14:09.875329,2026-07-22 09:17:55.693804,0 days 00:03:45.818475,10,1.5,64.0,28.0,5,1.6,0.001,11,3.0,5,0.0,-68.68880387035554,-63.87366493478552,-20.79164545069304,22.134515189922357,0.0,-15.976506515123061,328.0,COMPLETE
859,29.189689743824186,2026-07-22 09:14:32.111788,2026-07-22 09:18:23.054917,0 days 00:03:50.943129,10,1.5,64.0,28.0,5,0.2,0.001,11,3.0,5,0.0,-116.75492806847154,-64.5395056168915,-42.426391848388434,29.189689743824186,0.0,9.789030603191586,428.0,COMPLETE
860,21.542456837670727,2026-07-22 09:14:49.589675,2026-07-22 09:18:34.904205,0 days 00:03:45.314530,10,1.5,64.0,28.0,5,1.7000000000000002,0.001,10,3.0,5,0.0,-59.37350040785989,-57.745748349780825,-9.777197666673102,21.542456837670727,0.0,-8.149445608594094,313.0,COMPLETE
861,29.28693326823966,2026-07-22 09:15:09.891785,2026-07-22 09:19:01.968895,0 days 00:03:52.077110,10,1.5,64.0,28.0,5,0.2,0.001,10,3.0,5,0.0,-116.75492806847154,-64.5395056168915,-38.325040913520226,29.28693326823966,0.0,13.890381538059806,427.0,COMPLETE
862,29.28693326823966,2026-07-22 09:15:13.133885,2026-07-22 09:19:04.156576,0 days 00:03:51.022691,10,1.5,64.0,28.0,5,0.2,0.001,10,3.0,5,0.0,-116.75492806847154,-64.5395056168915,-38.325040913520226,29.28693326823966,0.0,13.890381538059806,427.0,COMPLETE
863,29.28693326823966,2026-07-22 09:15:38.600240,2026-07-22 09:19:25.240653,0 days 00:03:46.640413,10,1.5,64.0,28.0,5,0.2,0.001,10,3.0,5,0.0,-116.75492806847154,-64.5395056168915,-38.325040913520226,29.28693326823966,0.0,13.890381538059806,427.0,COMPLETE
864,29.28693326823966,2026-07-22 09:15:41.684355,2026-07-22 09:19:30.141213,0 days 00:03:48.456858,10,1.5,64.0,28.0,5,0.2,0.001,10,3.0,5,0.0,-116.75492806847154,-64.5395056168915,-38.325040913520226,29.28693326823966,0.0,13.890381538059806,427.0,COMPLETE
865,12.1979462662583,2026-07-22 09:16:20.111362,2026-07-22 09:19:51.993010,0 days 00:03:31.881648,10,2.8,64.0,30.0,5,0.2,0.001,10,3.0,5,0.0,0.0,-11.975868344366528,-6.655126098889816,12.1979462662583,0.0,-18.630994443256345,173.0,COMPLETE
866,29.875222964519697,2026-07-22 09:17:02.463963,2026-07-22 09:20:52.000678,0 days 00:03:49.536715,10,1.5,64.0,30.0,5,0.2,0.001,10,3.0,5,0.0,-108.88481195140582,-67.20682124314635,-28.879032722559216,29.875222964519697,0.0,12.798957985700254,431.0,COMPLETE
867,12.1979462662583,2026-07-22 09:17:34.257758,2026-07-22 09:21:10.413872,0 days 00:03:36.156114,10,3.0,63.0,30.0,5,0.2,0.001,10,3.0,5,0.0,0.0,-11.975868344366528,-6.655126098889816,12.1979462662583,0.0,-18.630994443256345,173.0,COMPLETE
868,29.961575324987365,2026-07-22 09:17:55.761235,2026-07-22 09:21:45.063372,0 days 00:03:49.302137,10,1.5,63.0,30.0,5,0.2,0.001,10,3.0,5,0.0,-108.7281369454991,-67.20682124314635,-28.722357716652503,29.961575324987365,0.0,12.798957985700254,432.0,COMPLETE
869,29.961575324987365,2026-07-22 09:18:23.115326,2026-07-22 09:22:14.993204,0 days 00:03:51.877878,10,1.5,63.0,30.0,5,0.2,0.001,10,3.0,5,0.0,-108.7281369454991,-67.20682124314635,-28.722357716652503,29.961575324987365,0.0,12.798957985700254,432.0,COMPLETE
870,20.012717356264197,2026-07-22 09:18:34.961895,2026-07-22 09:22:18.309846,0 days 00:03:43.347951,10,1.5,63.0,30.0,17,0.2,0.001,10,3.0,5,0.0,-46.33478422441808,-55.07909452636424,2.54629932280165,20.012717356264197,0.0,-6.198010979144481,286.0,COMPLETE
871,27.543459515449015,2026-07-22 09:19:02.036787,2026-07-22 09:22:51.165779,0 days 00:03:49.128992,10,1.5,79.0,30.0,5,0.1,0.001,10,3.0,5,0.0,-72.68406075913657,-63.040792269851394,-14.084467732983654,27.543459515449015,0.0,-4.441199243698504,392.0,COMPLETE
872,30.21774126585928,2026-07-22 09:19:04.218931,2026-07-22 09:22:54.666796,0 days 00:03:50.447865,10,1.5,63.0,30.0,5,0.1,0.001,10,3.0,5,0.0,-100.92674701045317,-58.91693637906629,-29.210852645686664,30.21774126585928,0.0,12.798957985700254,431.0,COMPLETE
873,29.61223643525484,2026-07-22 09:19:25.295464,2026-07-22 09:23:12.619350,0 days 00:03:47.323886,10,1.5,63.0,30.0,6,0.1,0.001,10,3.0,5,0.0,-100.13639357672726,-54.42169748695033,-33.03526964457501,29.61223643525484,0.0,12.679426445201893,423.0,COMPLETE
874,29.61223643525484,2026-07-22 09:19:30.210573,2026-07-22 09:23:20.539961,0 days 00:03:50.329388,10,1.5,63.0,30.0,6,0.1,0.001,10,3.0,5,0.0,-100.13639357672726,-54.42169748695033,-33.03526964457501,29.61223643525484,0.0,12.679426445201893,423.0,COMPLETE
875,29.61223643525484,2026-07-22 09:19:52.041482,2026-07-22 09:23:36.546413,0 days 00:03:44.504931,10,1.5,63.0,30.0,6,0.1,0.001,10,3.0,5,0.0,-100.13639357672726,-54.42169748695033,-33.03526964457501,29.61223643525484,0.0,12.679426445201893,423.0,COMPLETE
876,28.87706468979504,2026-07-22 09:20:52.058377,2026-07-22 09:24:41.763613,0 days 00:03:49.705236,10,1.5,63.0,29.0,6,0.1,0.001,10,3.0,5,0.0,-105.07092049195465,-54.91499606124393,-37.40665290880901,28.87706468979504,0.0,12.749271521901678,416.0,COMPLETE
877,16.138942078069768,2026-07-22 09:21:10.463002,2026-07-22 09:24:48.387311,0 days 00:03:37.924309,10,2.2,63.0,29.0,6,0.1,0.001,10,3.0,5,0.0,-45.42435852068391,-23.51653386023825,-26.42146053267737,16.138942078069768,0.0,-4.51363587223172,235.0,COMPLETE
878,29.61223643525484,2026-07-22 09:21:45.113580,2026-07-22 09:25:35.816526,0 days 00:03:50.702946,10,1.5,63.0,30.0,6,0.1,0.001,10,3.0,5,0.0,-100.13639357672726,-54.42169748695033,-33.03526964457501,29.61223643525484,0.0,12.679426445201893,423.0,COMPLETE
879,24.802476684406056,2026-07-22 09:22:15.063222,2026-07-22 09:25:59.355009,0 days 00:03:44.291787,10,1.8,63.0,30.0,6,0.1,0.001,10,3.0,5,0.0,-59.28524061915981,-38.97552338681334,-23.08688197247559,24.802476684406056,0.0,-2.7771647401291135,350.0,COMPLETE
880,29.758071019050515,2026-07-22 09:22:18.366754,2026-07-22 09:26:08.102399,0 days 00:03:49.735645,10,1.5,63.0,31.0,6,0.1,0.001,10,3.0,5,0.0,-107.99553176960589,-61.69025480396168,-33.62585052044234,29.758071019050515,0.0,12.679426445201893,429.0,COMPLETE
881,29.758071019050515,2026-07-22 09:22:51.225441,2026-07-22 09:26:41.426202,0 days 00:03:50.200761,10,1.5,63.0,31.0,6,0.1,0.001,10,3.0,5,0.0,-107.99553176960589,-61.69025480396168,-33.62585052044234,29.758071019050515,0.0,12.679426445201893,429.0,COMPLETE
882,15.024348861225091,2026-07-22 09:22:54.730081,2026-07-22 09:26:35.095739,0 days 00:03:40.365658,11,2.0,63.0,29.0,6,0.1,0.001,10,3.0,13,0.0,-50.077417103861286,-35.7829083848246,-36.44257884644291,15.024348861225091,0.0,-22.148070127406232,231.0,COMPLETE
883,26.927911070085063,2026-07-22 09:23:12.669761,2026-07-22 09:26:57.067817,0 days 00:03:44.398056,11,1.6,63.0,29.0,6,0.1,0.001,11,2.9000000000000004,5,0.0,-94.33509782301557,-60.55094732023998,-35.49653621274435,26.927911070085063,0.0,-1.7123857099687763,394.0,COMPLETE
884,26.927911070085063,2026-07-22 09:23:20.598895,2026-07-22 09:27:07.827145,0 days 00:03:47.228250,11,1.6,63.0,29.0,6,0.1,0.001,11,2.9000000000000004,5,0.0,-94.33509782301557,-60.55094732023998,-35.49653621274435,26.927911070085063,0.0,-1.7123857099687763,394.0,COMPLETE
885,27.640408233365328,2026-07-22 09:23:36.606532,2026-07-22 09:27:20.118285,0 days 00:03:43.511753,11,1.6,65.0,31.0,6,0.1,0.001,11,2.9000000000000004,5,0.0,-89.7446429780589,-61.34105740769693,-32.404058043996656,27.640408233365328,0.0,-4.000472473634638,402.0,COMPLETE
886,27.77331838079649,2026-07-22 09:24:41.817709,2026-07-22 09:28:30.334353,0 days 00:03:48.516644,11,1.6,63.0,29.0,5,0.1,0.001,11,2.9000000000000004,5,0.0,-91.99949161879046,-61.151386054949974,-35.397055678095164,27.77331838079649,0.0,-4.5489501142546525,405.0,COMPLETE
887,26.293936516000688,2026-07-22 09:24:48.452210,2026-07-22 09:28:35.827717,0 days 00:03:47.375507,11,1.6,63.0,25.0,5,0.1,0.001,11,2.9000000000000004,5,0.0,-96.8399042916183,-65.89874160163214,-31.682527303949186,26.293936516000688,0.0,-0.7413646139630303,387.0,COMPLETE
888,27.89245732122506,2026-07-22 09:25:35.872099,2026-07-22 09:29:25.674830,0 days 00:03:49.802731,11,1.6,65.0,31.0,5,0.1,0.001,11,2.9000000000000004,5,0.0,-93.32838316447969,-62.231027732124566,-35.22201957487749,27.89245732122506,0.0,-4.124664142522349,407.0,COMPLETE
889,21.15493944869271,2026-07-22 09:25:59.412748,2026-07-22 09:29:42.186089,0 days 00:03:42.773341,11,2.0,65.0,31.0,5,0.1,0.001,11,2.9000000000000004,5,0.0,-55.114817746100734,-27.064989304891395,-34.343894079199345,21.15493944869271,0.0,-6.294065637990026,304.0,COMPLETE
890,27.77331838079649,2026-07-22 09:26:08.156425,2026-07-22 09:29:58.992350,0 days 00:03:50.835925,11,1.6,63.0,29.0,5,0.1,0.001,11,2.9000000000000004,5,0.0,-91.99949161879046,-61.151386054949974,-35.397055678095164,27.77331838079649,0.0,-4.5489501142546525,405.0,COMPLETE
891,25.13224669867535,2026-07-22 09:26:35.168386,2026-07-22 09:30:24.353488,0 days 00:03:49.185102,11,1.6,63.0,31.0,5,0.1,0.001,33,2.9000000000000004,5,0.0,-86.10736264760472,-62.75903173167932,-31.67511463643769,25.13224669867535,0.0,-8.326783720512232,371.0,COMPLETE
892,23.687509316405276,2026-07-22 09:26:41.480998,2026-07-22 09:30:29.378804,0 days 00:03:47.897806,11,1.6,65.0,29.0,5,1.3,0.001,11,2.9000000000000004,5,0.0,-74.84858631323864,-62.021589443391285,-25.973031393555146,23.687509316405276,0.0,-13.146034523707801,350.0,COMPLETE
893,25.545880076647517,2026-07-22 09:26:57.132786,2026-07-22 09:30:42.574633,0 days 00:03:45.441847,11,1.6,65.0,29.0,5,1.0,0.001,11,2.9000000000000004,5,0.0,-84.71730219743563,-61.20249057287834,-31.048724550345263,25.545880076647517,0.0,-7.533912925787935,375.0,COMPLETE
894,27.879688725327544,2026-07-22 09:27:07.887366,2026-07-22 09:30:55.664314,0 days 00:03:47.776948,12,1.6,65.0,29.0,5,0.30000000000000004,0.001,11,2.9000000000000004,5,0.0,-93.88330299442214,-71.96633555925922,-28.22630351043104,27.879688725327544,0.0,-6.309336075268185,409.0,COMPLETE
895,29.533869298060395,2026-07-22 09:27:20.174500,2026-07-22 09:31:04.864344,0 days 00:03:44.689844,12,1.5,64.0,29.0,5,0.30000000000000004,0.001,11,2.9000000000000004,5,0.0,-114.07523153631712,-78.0453070648443,-40.07328113075522,29.533869298060395,0.0,-4.043356659282455,439.0,COMPLETE
896,29.533301305730713,2026-07-22 09:28:30.384576,2026-07-22 09:32:22.529642,0 days 00:03:52.145066,12,1.5,65.0,29.0,5,0.30000000000000004,0.001,11,2.1,5,0.0,-114.08856009844632,-78.05863562697353,-40.07328113075522,29.533301305730713,0.0,-4.043356659282455,439.0,COMPLETE
897,25.495800864003343,2026-07-22 09:28:35.886123,2026-07-22 09:32:25.183786,0 days 00:03:49.297663,12,1.5,64.0,29.0,5,0.30000000000000004,0.001,11,3.0,17,0.0,-116.0408330925653,-80.27861172432272,-37.66154240015891,25.495800864003343,0.0,-1.8993210319163716,388.0,COMPLETE
898,29.533869298060395,2026-07-22 09:29:25.729989,2026-07-22 09:33:17.805308,0 days 00:03:52.075319,12,1.5,64.0,29.0,5,0.30000000000000004,0.001,12,3.0,5,0.0,-114.07523153631712,-78.0453070648443,-40.07328113075522,29.533869298060395,0.0,-4.043356659282455,439.0,COMPLETE
899,29.533869298060395,2026-07-22 09:29:42.244865,2026-07-22 09:33:35.702529,0 days 00:03:53.457664,12,1.5,64.0,29.0,5,0.30000000000000004,0.001,11,3.0,5,0.0,-114.07523153631712,-78.0453070648443,-40.07328113075522,29.533869298060395,0.0,-4.043356659282455,439.0,COMPLETE
900,29.533869298060395,2026-07-22 09:29:59.047291,2026-07-22 09:33:51.793996,0 days 00:03:52.746705,12,1.5,64.0,29.0,5,0.30000000000000004,0.001,12,3.0,5,0.0,-114.07523153631712,-78.0453070648443,-40.07328113075522,29.533869298060395,0.0,-4.043356659282455,439.0,COMPLETE
901,29.533869298060395,2026-07-22 09:30:24.410822,2026-07-22 09:34:16.385678,0 days 00:03:51.974856,12,1.5,64.0,29.0,5,0.30000000000000004,0.001,12,2.1,5,0.0,-114.07523153631712,-78.0453070648443,-40.07328113075522,29.533869298060395,0.0,-4.043356659282455,439.0,COMPLETE
902,29.533869298060395,2026-07-22 09:30:29.434956,2026-07-22 09:34:20.743367,0 days 00:03:51.308411,12,1.5,64.0,29.0,5,0.30000000000000004,0.001,12,3.0,5,0.0,-114.07523153631712,-78.0453070648443,-40.07328113075522,29.533869298060395,0.0,-4.043356659282455,439.0,COMPLETE
903,29.533869298060395,2026-07-22 09:30:42.638584,2026-07-22 09:34:31.993374,0 days 00:03:49.354790,12,1.5,64.0,29.0,5,0.30000000000000004,0.001,12,2.1,5,0.0,-114.07523153631712,-78.0453070648443,-40.07328113075522,29.533869298060395,0.0,-4.043356659282455,439.0,COMPLETE
904,29.533869298060395,2026-07-22 09:30:55.717675,2026-07-22 09:34:48.124133,0 days 00:03:52.406458,12,1.5,64.0,29.0,5,0.30000000000000004,0.001,12,3.0,5,0.0,-114.07523153631712,-78.0453070648443,-40.07328113075522,29.533869298060395,0.0,-4.043356659282455,439.0,COMPLETE
905,29.720717992190473,2026-07-22 09:31:04.920464,2026-07-22 09:34:51.295848,0 days 00:03:46.375384,10,1.5,64.0,30.0,5,0.30000000000000004,0.001,12,2.1,5,0.0,-108.34363454815986,-66.6656438399004,-32.980383657427396,29.720717992190473,0.0,8.69760705083204,431.0,COMPLETE
906,24.32730426639298,2026-07-22 09:32:22.591067,2026-07-22 09:36:08.346603,0 days 00:03:45.755536,10,1.5,64.0,30.0,5,0.30000000000000004,0.003,12,3.0,5,0.0,-52.02010457097012,-36.83685087453021,-19.34359375632119,24.32730426639298,0.0,-4.160340059881291,344.0,COMPLETE
907,27.42331116055635,2026-07-22 09:32:25.237247,2026-07-22 09:36:13.645715,0 days 00:03:48.408468,10,1.5,64.0,24.0,5,0.2,0.001,12,3.0,5,0.0,-111.81092023904364,-68.85871209744398,-34.30428755456614,27.42331116055635,0.0,8.647920587033463,403.0,COMPLETE
908,29.055577657071467,2026-07-22 09:33:17.859769,2026-07-22 09:37:12.535667,0 days 00:03:54.675898,20,1.5,63.0,30.0,5,0.2,0.001,10,3.0,5,0.0,-137.3289407320753,-91.21208639764879,-58.181042451040156,29.055577657071467,0.0,-12.064188116613611,447.0,COMPLETE
909,29.961575324987365,2026-07-22 09:33:35.759311,2026-07-22 09:37:26.886097,0 days 00:03:51.126786,10,1.5,63.0,30.0,5,0.2,0.001,10,3.0,5,0.0,-108.7281369454991,-67.20682124314635,-28.722357716652503,29.961575324987365,0.0,12.798957985700254,432.0,COMPLETE
910,29.961575324987365,2026-07-22 09:33:51.863765,2026-07-22 09:37:45.383935,0 days 00:03:53.520170,10,1.5,63.0,30.0,5,0.2,0.001,10,2.7,5,0.0,-108.7281369454991,-67.20682124314635,-28.722357716652503,29.961575324987365,0.0,12.798957985700254,432.0,COMPLETE
911,18.530299066221776,2026-07-22 09:34:16.442148,2026-07-22 09:37:58.759225,0 days 00:03:42.317077,10,1.5,63.0,24.0,5,0.2,0.005,10,3.0,5,0.0,-41.4824358428948,-41.226230868650475,-21.17846649528675,18.530299066221776,0.0,-20.922261521042433,272.0,COMPLETE
912,29.961575324987365,2026-07-22 09:34:20.806112,2026-07-22 09:38:13.947211,0 days 00:03:53.141099,10,1.5,63.0,30.0,5,0.2,0.001,10,3.0,5,0.0,-108.7281369454991,-67.20682124314635,-28.722357716652503,29.961575324987365,0.0,12.798957985700254,432.0,COMPLETE
913,29.961575324987365,2026-07-22 09:34:32.070674,2026-07-22 09:38:18.711179,0 days 00:03:46.640505,10,1.5,63.0,30.0,5,0.2,0.001,10,3.0,5,0.0,-108.7281369454991,-67.20682124314635,-28.722357716652503,29.961575324987365,0.0,12.798957985700254,432.0,COMPLETE
914,29.961575324987365,2026-07-22 09:34:48.189755,2026-07-22 09:38:38.773275,0 days 00:03:50.583520,10,1.5,60.0,30.0,5,0.2,0.001,10,3.0,5,0.0,-108.7281369454991,-67.20682124314635,-28.722357716652503,29.961575324987365,0.0,12.798957985700254,432.0,COMPLETE
915,24.33655469292348,2026-07-22 09:34:51.357950,2026-07-22 09:38:31.760874,0 days 00:03:40.402924,10,1.5,60.0,30.0,12,0.2,0.001,10,3.0,5,0.0,-65.60297324364338,-41.144495396305686,-11.045254738039763,24.33655469292348,0.0,13.413223109297896,339.0,COMPLETE
916,29.961575324987365,2026-07-22 09:36:08.401719,2026-07-22 09:39:57.306812,0 days 00:03:48.905093,10,1.5,60.0,30.0,5,0.2,0.001,10,3.0,5,0.0,-108.7281369454991,-67.20682124314635,-28.722357716652503,29.961575324987365,0.0,12.798957985700254,432.0,COMPLETE
917,24.33655469292348,2026-07-22 09:36:13.693569,2026-07-22 09:39:57.793419,0 days 00:03:44.099850,10,1.5,60.0,30.0,12,0.2,0.001,10,3.0,5,0.0,-65.60297324364338,-41.144495396305686,-11.045254738039763,24.33655469292348,0.0,13.413223109297896,339.0,COMPLETE
918,29.961575324987365,2026-07-22 09:37:12.595905,2026-07-22 09:41:03.957937,0 days 00:03:51.362032,10,1.5,63.0,30.0,5,0.2,0.001,10,3.0,5,0.0,-108.7281369454991,-67.20682124314635,-28.722357716652503,29.961575324987365,0.0,12.798957985700254,432.0,COMPLETE
919,29.961575324987365,2026-07-22 09:37:26.952317,2026-07-22 09:41:18.002988,0 days 00:03:51.050671,10,1.5,60.0,30.0,5,0.2,0.001,10,3.0,5,0.0,-108.7281369454991,-67.20682124314635,-28.722357716652503,29.961575324987365,0.0,12.798957985700254,432.0,COMPLETE
920,29.961575324987365,2026-07-22 09:37:45.432838,2026-07-22 09:41:36.992694,0 days 00:03:51.559856,10,1.5,60.0,30.0,5,0.2,0.001,10,3.0,5,0.0,-108.7281369454991,-67.20682124314635,-28.722357716652503,29.961575324987365,0.0,12.798957985700254,432.0,COMPLETE
921,29.961575324987365,2026-07-22 09:37:58.825691,2026-07-22 09:41:51.399556,0 days 00:03:52.573865,10,1.5,63.0,30.0,5,0.2,0.001,10,3.0,5,0.0,-108.7281369454991,-67.20682124314635,-28.722357716652503,29.961575324987365,0.0,12.798957985700254,432.0,COMPLETE
922,30.084314809995863,2026-07-22 09:38:14.015113,2026-07-22 09:42:05.959313,0 days 00:03:51.944200,10,1.5,60.0,29.0,5,0.2,0.001,10,3.0,5,0.0,-110.57143138370157,-65.96925911744216,-31.012888418253915,30.084314809995863,0.0,13.589283848005461,434.0,COMPLETE
923,30.084314809995863,2026-07-22 09:38:18.764889,2026-07-22 09:42:06.520678,0 days 00:03:47.755789,10,1.5,60.0,29.0,5,0.2,0.001,10,3.0,5,0.0,-110.57143138370157,-65.96925911744216,-31.012888418253915,30.084314809995863,0.0,13.589283848005461,434.0,COMPLETE
924,29.721807663465945,2026-07-22 09:38:31.817107,2026-07-22 09:42:17.520565,0 days 00:03:45.703458,11,1.5,60.0,29.0,5,0.4,0.001,10,3.0,5,0.0,-98.2395554857245,-59.953670672413345,-36.836548606090176,29.721807663465945,0.0,1.4493362072209306,430.0,COMPLETE
925,28.667217772201802,2026-07-22 09:38:38.842563,2026-07-22 09:42:29.096461,0 days 00:03:50.253898,11,1.5,63.0,29.0,6,0.4,0.001,11,3.0,5,0.0,-103.01911217641226,-58.33866523600879,-44.97746186986717,28.667217772201802,0.0,-0.2970149294636957,420.0,COMPLETE
926,19.146448583999295,2026-07-22 09:39:57.365122,2026-07-22 09:43:41.049560,0 days 00:03:43.684438,11,1.5,63.0,28.0,16,0.2,0.001,11,3.0,5,0.0,-80.79604185862011,-54.2620904282124,-33.01059224704024,19.146448583999295,0.0,-6.476640816632533,291.0,COMPLETE
927,29.285985185338077,2026-07-22 09:39:57.862947,2026-07-22 09:43:48.003643,0 days 00:03:50.140696,11,1.5,63.0,28.0,5,0.1,0.001,11,3.0,5,0.0,-94.43020923851871,-50.10001871217841,-45.7995461872063,29.285985185338077,0.0,-1.4693556608660854,424.0,COMPLETE
928,25.94691518474238,2026-07-22 09:41:04.012578,2026-07-22 09:44:52.279048,0 days 00:03:48.266470,11,1.5,63.0,28.0,5,1.2000000000000002,0.001,11,3.0,5,0.0,-69.86707089424765,-52.465921126768876,-29.843339421085247,25.94691518474238,0.0,-12.442189653606492,375.0,COMPLETE
929,13.749372676809559,2026-07-22 09:41:18.066276,2026-07-22 09:44:57.403036,0 days 00:03:39.336760,11,2.5,63.0,28.0,6,0.1,0.001,11,3.0,5,0.0,-7.321842231601413,-13.125069503488138,-18.786600398069034,13.749372676809559,0.0,-24.589827669955742,197.0,COMPLETE
930,14.076435853622682,2026-07-22 09:41:37.044650,2026-07-22 09:45:15.269914,0 days 00:03:38.225264,11,1.6,63.0,28.0,6,0.4,0.008,11,3.0,5,0.0,-14.406662440577293,-16.10456669270002,-23.011317709694453,14.076435853622682,0.0,-24.709221961817153,203.0,COMPLETE
931,20.888078320989376,2026-07-22 09:41:51.456389,2026-07-22 09:45:36.655891,0 days 00:03:45.199502,11,1.5,80.0,20.0,6,0.4,0.001,11,3.0,5,0.0,-28.203620734087558,-31.40837825091719,-12.436008263531901,20.888078320989376,0.0,-15.64076578036157,296.0,COMPLETE
932,16.913828348587113,2026-07-22 09:42:06.012084,2026-07-22 09:45:47.214804,0 days 00:03:41.202720,11,1.6,63.0,28.0,16,0.1,0.002,11,3.0,5,0.0,-79.50293812320795,-62.303284228153515,-29.512930806454857,16.913828348587113,0.0,-12.313276911400454,266.0,COMPLETE
933,26.69693207098906,2026-07-22 09:42:06.636415,2026-07-22 09:45:50.592247,0 days 00:03:43.955832,11,1.6,60.0,28.0,6,0.1,0.001,10,3.0,5,0.0,-90.26564223507502,-62.01707061242862,-25.859606397746973,26.69693207098906,0.0,2.38896522489944,387.0,COMPLETE
934,13.76461334707666,2026-07-22 09:42:17.574196,2026-07-22 09:45:49.607724,0 days 00:03:32.033528,11,2.5,60.0,28.0,6,0.1,0.002,10,3.0,5,0.0,-16.335438051775643,-19.399621655104333,-14.68524946320081,13.76461334707666,0.0,-17.7494330665295,196.0,COMPLETE
935,25.13420071966905,2026-07-22 09:42:29.160239,2026-07-22 09:46:14.022250,0 days 00:03:44.862011,11,1.6,60.0,28.0,6,0.1,0.002,10,3.0,5,0.0,-85.13217186119446,-65.95303776763942,-16.45438265644311,25.13420071966905,0.0,2.724751437111962,365.0,COMPLETE
936,23.184479931458128,2026-07-22 09:43:41.108320,2026-07-22 09:47:28.555732,0 days 00:03:47.447412,33,1.6,60.0,28.0,6,0.1,0.002,10,2.9000000000000004,5,0.0,-104.66446561043162,-98.65623870461712,-20.326332059357206,23.184479931458128,0.0,-14.318105153542717,359.0,COMPLETE
937,24.15812747583463,2026-07-22 09:43:48.062909,2026-07-22 09:47:32.045411,0 days 00:03:43.982502,11,1.6,75.0,29.0,6,0.1,0.002,10,2.9000000000000004,5,0.0,-74.58468699032613,-52.15982029321509,-27.32639501085214,24.15812747583463,0.0,-4.901528313741086,351.0,COMPLETE
938,25.226466562095695,2026-07-22 09:44:52.342756,2026-07-22 09:48:38.556244,0 days 00:03:46.213488,11,1.6,60.0,29.0,6,0.1,0.002,10,2.9000000000000004,5,0.0,-83.06378191303652,-60.33374954402857,-22.007150930427372,25.226466562095695,0.0,0.7228814385806008,367.0,COMPLETE
939,25.226466562095695,2026-07-22 09:44:57.470822,2026-07-22 09:48:45.190151,0 days 00:03:47.719329,11,1.6,60.0,29.0,6,0.1,0.002,10,2.9000000000000004,5,0.0,-83.06378191303652,-60.33374954402857,-22.007150930427372,25.226466562095695,0.0,0.7228814385806008,367.0,COMPLETE
940,21.805564688539064,2026-07-22 09:45:15.321528,2026-07-22 09:48:58.995902,0 days 00:03:43.674374,10,1.6,75.0,29.0,6,1.1,0.002,10,2.9000000000000004,5,0.0,-49.96496629175255,-43.81069621700157,-21.76757667789119,21.805564688539064,0.0,-15.613306603140249,315.0,COMPLETE
941,25.587864666099804,2026-07-22 09:45:36.713606,2026-07-22 09:49:24.998845,0 days 00:03:48.285239,10,1.6,60.0,29.0,5,0.1,0.002,10,2.9000000000000004,5,0.0,-77.17146746437355,-40.20065466897535,-26.914676909655704,25.587864666099804,0.0,10.056135885742464,365.0,COMPLETE
942,23.91277099657364,2026-07-22 09:45:47.281401,2026-07-22 09:49:35.186086,0 days 00:03:47.904685,23,1.6,60.0,29.0,5,0.0,0.002,10,2.9000000000000004,5,0.0,-55.894706255340026,-55.36642359683542,-18.530706686298657,23.91277099657364,0.0,-18.0024240277941,344.0,COMPLETE
943,20.70546711370419,2026-07-22 09:45:49.661592,2026-07-22 09:49:30.542314,0 days 00:03:40.880722,10,1.6,60.0,29.0,5,0.0,0.001,10,2.9000000000000004,11,0.0,-63.83795692193249,-70.82096377666755,-15.453521530961316,20.70546711370419,0.0,-22.436528385696366,311.0,COMPLETE
944,25.148343632852793,2026-07-22 09:45:50.660126,2026-07-22 09:49:34.340618,0 days 00:03:43.680492,10,1.6,60.0,29.0,5,0.0,0.001,10,2.9000000000000004,5,0.0,-59.17913033198717,-59.190110298107065,-9.22020204072833,25.148343632852793,0.0,-9.23118200684827,359.0,COMPLETE
945,26.437129679665887,2026-07-22 09:46:14.087270,2026-07-22 09:50:01.955397,0 days 00:03:47.868127,10,1.5,60.0,29.0,5,0.0,0.001,10,2.9000000000000004,5,0.0,-72.7691124408402,-64.67957894389578,-16.34710722636701,26.437129679665887,0.0,-8.257573729422663,381.0,COMPLETE
946,26.437129679665887,2026-07-22 09:47:28.614604,2026-07-22 09:51:16.087245,0 days 00:03:47.472641,10,1.5,61.0,29.0,5,0.0,0.001,10,2.9000000000000004,5,0.0,-72.7691124408402,-64.67957894389578,-16.34710722636701,26.437129679665887,0.0,-8.257573729422663,381.0,COMPLETE
947,26.437129679665887,2026-07-22 09:47:32.094705,2026-07-22 09:51:19.109468,0 days 00:03:47.014763,10,1.5,61.0,29.0,5,0.0,0.001,10,2.9000000000000004,5,0.0,-72.7691124408402,-64.67957894389578,-16.34710722636701,26.437129679665887,0.0,-8.257573729422663,381.0,COMPLETE
948,30.084314809995863,2026-07-22 09:48:38.697691,2026-07-22 09:52:29.362014,0 days 00:03:50.664323,10,1.5,61.0,29.0,5,0.2,0.001,10,2.9000000000000004,5,0.0,-110.57143138370157,-65.96925911744216,-31.012888418253915,30.084314809995863,0.0,13.589283848005461,434.0,COMPLETE
949,26.437129679665887,2026-07-22 09:48:45.240222,2026-07-22 09:52:34.181799,0 days 00:03:48.941577,10,1.5,61.0,29.0,5,0.0,0.001,10,3.0,5,0.0,-72.7691124408402,-64.67957894389578,-16.34710722636701,26.437129679665887,0.0,-8.257573729422663,381.0,COMPLETE
950,30.223912199839514,2026-07-22 09:48:59.050141,2026-07-22 09:52:52.232383,0 days 00:03:53.182242,10,1.5,61.0,31.0,5,0.2,0.001,10,2.8,5,0.0,-110.07464444350353,-68.28544963397337,-27.169002512349362,30.223912199839514,0.0,14.620192297180852,435.0,COMPLETE
951,26.593176691468177,2026-07-22 09:49:25.053783,2026-07-22 09:53:15.461089,0 days 00:03:50.407306,10,1.5,61.0,31.0,5,0.0,0.001,10,2.8,5,0.0,-74.79777408550932,-65.91714106959996,-17.13820674533197,26.593176691468177,0.0,-8.257573729422663,384.0,COMPLETE
952,30.223912199839514,2026-07-22 09:49:30.591936,2026-07-22 09:53:15.085220,0 days 00:03:44.493284,10,1.5,61.0,31.0,5,0.2,0.001,10,2.8,5,0.0,-110.07464444350353,-68.28544963397337,-27.169002512349362,30.223912199839514,0.0,14.620192297180852,435.0,COMPLETE
953,30.223912199839514,2026-07-22 09:49:34.398177,2026-07-22 09:53:21.337127,0 days 00:03:46.938950,10,1.5,61.0,31.0,5,0.2,0.001,10,2.8,5,0.0,-110.07464444350353,-68.28544963397337,-27.169002512349362,30.223912199839514,0.0,14.620192297180852,435.0,COMPLETE
954,30.1272903555828,2026-07-22 09:49:35.247926,2026-07-22 09:53:25.605774,0 days 00:03:50.357848,10,1.5,61.0,31.0,5,0.2,0.001,11,2.8,5,0.0,-110.07464444350353,-68.28544963397337,-31.270353447217573,30.1272903555828,0.0,10.51884136231263,436.0,COMPLETE
955,30.1272903555828,2026-07-22 09:50:02.012792,2026-07-22 09:53:52.108956,0 days 00:03:50.096164,10,1.5,61.0,31.0,5,0.2,0.001,11,3.0,5,0.0,-110.07464444350353,-68.28544963397337,-31.270353447217573,30.1272903555828,0.0,10.51884136231263,436.0,COMPLETE
956,30.1272903555828,2026-07-22 09:51:16.146055,2026-07-22 09:55:05.740483,0 days 00:03:49.594428,10,1.5,61.0,31.0,5,0.2,0.001,11,3.0,5,0.0,-110.07464444350353,-68.28544963397337,-31.270353447217573,30.1272903555828,0.0,10.51884136231263,436.0,COMPLETE
957,30.1272903555828,2026-07-22 09:51:19.178600,2026-07-22 09:55:08.647831,0 days 00:03:49.469231,10,1.5,61.0,31.0,5,0.2,0.001,11,3.0,5,0.0,-110.07464444350353,-68.28544963397337,-31.270353447217573,30.1272903555828,0.0,10.51884136231263,436.0,COMPLETE
958,30.223912199839514,2026-07-22 09:52:29.423315,2026-07-22 09:56:19.735045,0 days 00:03:50.311730,10,1.5,61.0,31.0,5,0.2,0.001,10,2.8,5,0.0,-110.07464444350353,-68.28544963397337,-27.169002512349362,30.223912199839514,0.0,14.620192297180852,435.0,COMPLETE
959,26.62916062599235,2026-07-22 09:52:34.234466,2026-07-22 09:56:21.906146,0 days 00:03:47.671680,10,1.5,61.0,22.0,5,0.2,0.001,10,2.7,6,0.0,-118.02843748049683,-71.17004397257388,-40.109665864682455,26.62916062599235,0.0,6.748727643240425,397.0,COMPLETE
960,30.223912199839514,2026-07-22 09:52:52.281942,2026-07-22 09:56:44.850092,0 days 00:03:52.568150,10,1.5,61.0,31.0,5,0.2,0.001,10,2.7,5,0.0,-110.07464444350353,-68.28544963397337,-27.169002512349362,30.223912199839514,0.0,14.620192297180852,435.0,COMPLETE
961,24.974528749715255,2026-07-22 09:53:15.135644,2026-07-22 09:56:56.995150,0 days 00:03:41.859506,10,1.5,61.0,32.0,5,1.4000000000000001,0.001,10,2.8,6,0.0,-67.97057672839661,-68.58633926730315,-12.294077135716263,24.974528749715255,0.0,-12.909839674622878,362.0,COMPLETE
962,30.03172236500013,2026-07-22 09:53:15.548692,2026-07-22 09:57:06.064730,0 days 00:03:50.516038,10,1.5,61.0,32.0,5,0.2,0.001,10,2.8,6,0.0,-101.39224067243495,-69.56467187209351,-18.52173784587663,30.03172236500013,0.0,13.305830954464824,429.0,COMPLETE
963,29.97466907839691,2026-07-22 09:53:21.399212,2026-07-22 09:57:09.179287,0 days 00:03:47.780075,10,1.5,61.0,32.0,5,0.30000000000000004,0.001,10,2.8,6,0.0,-100.85106326918898,-69.02349446884757,-18.52173784587663,29.97466907839691,0.0,13.305830954464824,428.0,COMPLETE
964,29.30779465175919,2026-07-22 09:53:25.668105,2026-07-22 09:57:18.431116,0 days 00:03:52.763011,11,1.5,61.0,32.0,5,0.2,0.001,10,2.8,6,0.0,-86.32609591090268,-59.046202483724834,-24.920618533420836,29.30779465175919,0.0,2.359274893757065,419.0,COMPLETE
965,28.304493124131238,2026-07-22 09:53:52.165168,2026-07-22 09:57:44.634476,0 days 00:03:52.469308,11,1.5,61.0,32.0,5,0.2,0.001,24,2.8,6,0.0,-89.03598224139039,-60.26123105090456,-33.06177046063806,28.304493124131238,0.0,-4.287019270152199,411.0,COMPLETE
966,28.25015938784854,2026-07-22 09:55:05.796239,2026-07-22 09:58:57.266093,0 days 00:03:51.469854,11,1.5,61.0,32.0,5,0.30000000000000004,0.001,24,2.8,6,0.0,-88.4311887792572,-59.65643758877137,-33.06177046063806,28.25015938784854,0.0,-4.287019270152199,410.0,COMPLETE
967,29.25340790331678,2026-07-22 09:55:08.706818,2026-07-22 09:58:59.714812,0 days 00:03:51.007994,11,1.5,61.0,32.0,5,0.30000000000000004,0.001,10,2.8,6,0.0,-85.72130244876949,-58.44140902159162,-24.920618533420836,29.25340790331678,0.0,2.359274893757065,418.0,COMPLETE
968,29.30779465175919,2026-07-22 09:56:19.799638,2026-07-22 10:00:11.456021,0 days 00:03:51.656383,11,1.5,61.0,32.0,5,0.2,0.001,10,2.8,6,0.0,-86.32609591090268,-59.046202483724834,-24.920618533420836,29.30779465175919,0.0,2.359274893757065,419.0,COMPLETE
969,14.685879013286186,2026-07-22 09:56:21.972649,2026-07-22 10:00:00.048596,0 days 00:03:38.075947,11,2.3,61.0,31.0,5,0.2,0.001,10,2.8,6,0.0,-51.56522602122458,-32.512342267872555,-31.04799666800065,14.685879013286186,0.0,-11.995112914648631,222.0,COMPLETE
970,29.30779465175919,2026-07-22 09:56:44.902101,2026-07-22 10:00:37.455812,0 days 00:03:52.553711,11,1.5,61.0,32.0,5,0.2,0.001,10,2.8,6,0.0,-86.32609591090268,-59.046202483724834,-24.920618533420836,29.30779465175919,0.0,2.359274893757065,419.0,COMPLETE
971,29.54685224897017,2026-07-22 09:56:57.061078,2026-07-22 10:00:43.601197,0 days 00:03:46.540119,11,1.5,61.0,32.0,5,0.2,0.001,10,2.7,5,0.0,-93.37792764097007,-57.91706860509873,-30.602650506763688,29.54685224897017,0.0,4.858208529107656,425.0,COMPLETE
972,29.54685224897017,2026-07-22 09:57:06.130532,2026-07-22 10:00:58.802558,0 days 00:03:52.672026,11,1.5,61.0,32.0,5,0.2,0.001,10,2.7,5,0.0,-93.37792764097007,-57.91706860509873,-30.602650506763688,29.54685224897017,0.0,4.858208529107656,425.0,COMPLETE
973,27.13123304184881,2026-07-22 09:57:09.247680,2026-07-22 10:01:02.964801,0 days 00:03:53.717121,29,1.5,61.0,32.0,5,0.2,0.001,11,2.7,5,0.0,-146.64481048764972,-110.82878032786081,-41.22198384238886,27.13123304184881,0.0,-5.405953682599843,425.0,COMPLETE
974,29.444246874291615,2026-07-22 09:57:18.485865,2026-07-22 10:01:11.322525,0 days 00:03:52.836660,11,1.5,61.0,32.0,5,0.2,0.001,11,2.8,5,0.0,-93.37792764097007,-57.91706860509873,-34.70400144163189,29.444246874291615,0.0,0.7568575942394431,426.0,COMPLETE
975,29.56046776493768,2026-07-22 09:57:44.698952,2026-07-22 10:01:35.392241,0 days 00:03:50.693289,11,1.5,61.0,31.0,5,0.1,0.001,11,2.7,5,0.0,-92.38309206312631,-52.64317660182622,-39.534234484562134,29.56046776493768,0.0,0.20568097673790176,426.0,COMPLETE
976,29.56046776493768,2026-07-22 09:58:57.328320,2026-07-22 10:02:48.343000,0 days 00:03:51.014680,11,1.5,61.0,31.0,5,0.1,0.001,11,2.7,5,0.0,-92.38309206312631,-52.64317660182622,-39.534234484562134,29.56046776493768,0.0,0.20568097673790176,426.0,COMPLETE
977,29.56046776493768,2026-07-22 09:58:59.781423,2026-07-22 10:02:50.004754,0 days 00:03:50.223331,11,1.5,61.0,31.0,5,0.1,0.001,11,2.8,5,0.0,-92.38309206312631,-52.64317660182622,-39.534234484562134,29.56046776493768,0.0,0.20568097673790176,426.0,COMPLETE
978,29.56046776493768,2026-07-22 10:00:00.109923,2026-07-22 10:03:52.032809,0 days 00:03:51.922886,11,1.5,61.0,31.0,5,0.1,0.001,11,2.7,5,0.0,-92.38309206312631,-52.64317660182622,-39.534234484562134,29.56046776493768,0.0,0.20568097673790176,426.0,COMPLETE
979,30.382589501971108,2026-07-22 10:00:11.520491,2026-07-22 10:04:03.471229,0 days 00:03:51.950738,10,1.5,61.0,31.0,5,0.1,0.001,11,2.7,5,0.0,-102.27325450845763,-59.99556476989329,-31.758848376251734,30.382589501971108,0.0,10.51884136231263,435.0,COMPLETE
980,30.382589501971108,2026-07-22 10:00:37.524172,2026-07-22 10:04:29.956366,0 days 00:03:52.432194,10,1.5,61.0,31.0,5,0.1,0.001,11,2.7,5,0.0,-102.27325450845763,-59.99556476989329,-31.758848376251734,30.382589501971108,0.0,10.51884136231263,435.0,COMPLETE
981,30.382589501971108,2026-07-22 10:00:43.659127,2026-07-22 10:04:28.134597,0 days 00:03:44.475470,10,1.5,61.0,31.0,5,0.1,0.001,11,2.7,5,0.0,-102.27325450845763,-59.99556476989329,-31.758848376251734,30.382589501971108,0.0,10.51884136231263,435.0,COMPLETE
982,15.177020116945036,2026-07-22 10:00:58.865014,2026-07-22 10:04:39.433076,0 days 00:03:40.568062,10,1.5,61.0,31.0,6,0.1,0.007,11,2.7,5,0.0,-11.515782516907077,-19.95465345908407,-14.436955428931935,15.177020116945036,0.0,-22.875826371108896,218.0,COMPLETE
983,30.382589501971108,2026-07-22 10:01:03.016839,2026-07-22 10:04:51.738586,0 days 00:03:48.721747,10,1.5,61.0,31.0,5,0.1,0.001,11,2.7,5,0.0,-102.27325450845763,-59.99556476989329,-31.758848376251734,30.382589501971108,0.0,10.51884136231263,435.0,COMPLETE
984,29.692392459886356,2026-07-22 10:01:11.384550,2026-07-22 10:05:04.274372,0 days 00:03:52.889822,10,1.5,61.0,31.0,6,0.1,0.001,11,2.7,5,0.0,-109.18691373555302,-61.69025480396168,-38.91858342125764,29.692392459886356,0.0,8.578075510333676,431.0,COMPLETE
985,29.692392459886356,2026-07-22 10:01:35.451351,2026-07-22 10:05:25.334645,0 days 00:03:49.883294,10,1.5,61.0,31.0,6,0.1,0.001,11,2.7,5,0.0,-109.18691373555302,-61.69025480396168,-38.91858342125764,29.692392459886356,0.0,8.578075510333676,431.0,COMPLETE
986,29.692392459886356,2026-07-22 10:02:48.402007,2026-07-22 10:06:39.526642,0 days 00:03:51.124635,10,1.5,61.0,31.0,6,0.1,0.001,11,2.7,5,0.0,-109.18691373555302,-61.69025480396168,-38.91858342125764,29.692392459886356,0.0,8.578075510333676,431.0,COMPLETE
987,29.783447557521672,2026-07-22 10:02:50.061708,2026-07-22 10:06:40.924831,0 days 00:03:50.863123,10,1.5,60.0,31.0,6,0.1,0.001,11,2.8,5,0.0,-105.19498505021465,-57.626845183744486,-38.990064356136486,29.783447557521672,0.0,8.578075510333676,430.0,COMPLETE
988,29.783447557521672,2026-07-22 10:03:52.182280,2026-07-22 10:07:43.495620,0 days 00:03:51.313340,10,1.5,60.0,31.0,6,0.1,0.001,11,2.7,5,0.0,-105.19498505021465,-57.626845183744486,-38.990064356136486,29.783447557521672,0.0,8.578075510333676,430.0,COMPLETE
989,29.692392459886356,2026-07-22 10:04:03.532584,2026-07-22 10:07:54.500653,0 days 00:03:50.968069,10,1.5,61.0,31.0,6,0.1,0.001,11,2.7,5,0.0,-109.18691373555302,-61.69025480396168,-38.91858342125764,29.692392459886356,0.0,8.578075510333676,431.0,COMPLETE
990,29.692392459886356,2026-07-22 10:04:28.206552,2026-07-22 10:08:14.379674,0 days 00:03:46.173122,10,1.5,61.0,31.0,6,0.1,0.001,11,2.7,5,0.0,-109.18691373555302,-61.69025480396168,-38.91858342125764,29.692392459886356,0.0,8.578075510333676,431.0,COMPLETE
991,29.692392459886356,2026-07-22 10:04:30.026644,2026-07-22 10:08:21.748615,0 days 00:03:51.721971,10,1.5,61.0,31.0,6,0.1,0.001,11,2.7,5,0.0,-109.18691373555302,-61.69025480396168,-38.91858342125764,29.692392459886356,0.0,8.578075510333676,431.0,COMPLETE
992,24.55818134225157,2026-07-22 10:04:39.506289,2026-07-22 10:08:27.341686,0 days 00:03:47.835397,10,1.5,74.0,31.0,6,0.0,0.001,11,2.7,5,0.0,-57.64292163609223,-69.47504369032788,-13.912078529277691,24.55818134225157,0.0,-25.7442005835134,357.0,COMPLETE
993,24.856894242623174,2026-07-22 10:04:51.801110,2026-07-22 10:08:35.298764,0 days 00:03:43.497654,10,1.6,61.0,31.0,6,0.0,0.001,11,2.7,5,0.0,-66.32113621083143,-63.14780671284875,-15.95738479907907,24.856894242623174,0.0,-12.78405530109647,360.0,COMPLETE
994,24.15457995622329,2026-07-22 10:05:04.354409,2026-07-22 10:08:52.001581,0 days 00:03:47.647172,12,1.6,61.0,31.0,6,0.0,0.001,11,2.7,5,0.0,-69.66406497272241,-72.6898384682163,-14.329437705165123,24.15457995622329,0.0,-17.355211200659088,355.0,COMPLETE
995,24.15457995622329,2026-07-22 10:05:25.407391,2026-07-22 10:09:11.621651,0 days 00:03:46.214260,12,1.6,61.0,31.0,6,0.0,0.001,11,2.7,5,0.0,-69.66406497272241,-72.6898384682163,-14.329437705165123,24.15457995622329,0.0,-17.355211200659088,355.0,COMPLETE
996,19.921188601924023,2026-07-22 10:06:39.607531,2026-07-22 10:10:23.692470,0 days 00:03:44.084939,12,1.6,61.0,31.0,14,0.0,0.001,11,2.7,5,0.0,-65.57678402927661,-62.09047168994261,-20.955225232175096,19.921188601924023,0.0,-17.46891289284113,298.0,COMPLETE
997,24.268651235111673,2026-07-22 10:06:41.007130,2026-07-22 10:10:27.323321,0 days 00:03:46.316191,12,1.6,61.0,31.0,5,0.0,0.001,11,2.7,5,0.0,-72.29501235294812,-72.99019848790206,-17.208502706325078,24.268651235111673,0.0,-17.903688841279102,358.0,COMPLETE
998,24.268651235111673,2026-07-22 10:07:43.569314,2026-07-22 10:11:31.994890,0 days 00:03:48.425576,12,1.6,61.0,31.0,5,0.0,0.001,11,2.7,5,0.0,-72.29501235294812,-72.99019848790206,-17.208502706325078,24.268651235111673,0.0,-17.903688841279102,358.0,COMPLETE
999,24.268651235111673,2026-07-22 10:07:54.555841,2026-07-22 10:11:41.596876,0 days 00:03:47.041035,12,1.6,61.0,31.0,5,0.0,0.001,11,2.7,5,0.0,-72.29501235294812,-72.99019848790206,-17.208502706325078,24.268651235111673,0.0,-17.903688841279102,358.0,COMPLETE
1000,24.268651235111673,2026-07-22 10:08:14.454794,2026-07-22 10:11:55.707603,0 days 00:03:41.252809,12,1.6,61.0,31.0,5,0.0,0.001,11,2.7,5,0.0,-72.29501235294812,-72.99019848790206,-17.208502706325078,24.268651235111673,0.0,-17.903688841279102,358.0,COMPLETE
1001,28.120934266308048,2026-07-22 10:08:21.809626,2026-07-22 10:12:11.611048,0 days 00:03:49.801422,12,1.6,61.0,31.0,5,0.1,0.001,12,2.7,5,0.0,-90.92708811549736,-67.22499758996639,-29.862178988674128,28.120934266308048,0.0,-6.160088463143204,410.0,COMPLETE
1002,24.268651235111673,2026-07-22 10:08:27.416012,2026-07-22 10:12:15.118821,0 days 00:03:47.702809,12,1.6,61.0,31.0,5,0.0,0.001,12,2.7,5,0.0,-72.29501235294812,-72.99019848790206,-17.208502706325078,24.268651235111673,0.0,-17.903688841279102,358.0,COMPLETE
1003,24.268651235111673,2026-07-22 10:08:35.368828,2026-07-22 10:12:19.061936,0 days 00:03:43.693108,12,1.6,61.0,31.0,5,0.0,0.001,12,2.7,5,0.0,-72.29501235294812,-72.99019848790206,-17.208502706325078,24.268651235111673,0.0,-17.903688841279102,358.0,COMPLETE
1004,24.268651235111673,2026-07-22 10:08:52.066170,2026-07-22 10:12:40.662887,0 days 00:03:48.596717,12,1.6,61.0,31.0,5,0.0,0.001,12,2.7,5,0.0,-72.29501235294812,-72.99019848790206,-17.208502706325078,24.268651235111673,0.0,-17.903688841279102,358.0,COMPLETE
1005,24.268651235111673,2026-07-22 10:09:11.695799,2026-07-22 10:12:59.364646,0 days 00:03:47.668847,12,1.6,61.0,31.0,5,0.0,0.001,12,2.7,5,0.0,-72.29501235294812,-72.99019848790206,-17.208502706325078,24.268651235111673,0.0,-17.903688841279102,358.0,COMPLETE
1006,26.02519501312791,2026-07-22 10:10:23.749251,2026-07-22 10:14:13.396726,0 days 00:03:49.647475,11,1.5,61.0,31.0,5,0.0,0.001,11,2.7,5,0.0,-65.85112376625828,-54.145356022534955,-22.693544601459003,26.02519501312791,0.0,-10.987776857735673,374.0,COMPLETE
1007,27.567928536727077,2026-07-22 10:10:27.384146,2026-07-22 10:14:18.087612,0 days 00:03:50.703466,11,1.5,61.0,32.0,5,0.1,0.001,27,2.7,5,0.0,-83.3474002320265,-61.16343141419757,-34.58978134385266,27.567928536727077,0.0,-12.405812526023682,402.0,COMPLETE
1008,29.34914831944746,2026-07-22 10:11:32.053375,2026-07-22 10:15:23.629899,0 days 00:03:51.576524,11,1.5,61.0,32.0,5,0.1,0.001,12,2.6,6,0.0,-81.54069883666433,-53.772310480452326,-29.510464397323197,29.34914831944746,0.0,-1.7420760411111547,419.0,COMPLETE
1009,29.34914831944746,2026-07-22 10:11:41.665516,2026-07-22 10:15:32.866047,0 days 00:03:51.200531,11,1.5,61.0,32.0,5,0.1,0.001,12,2.6,6,0.0,-81.54069883666433,-53.772310480452326,-29.510464397323197,29.34914831944746,0.0,-1.7420760411111547,419.0,COMPLETE
1010,30.18986698465951,2026-07-22 10:11:55.768732,2026-07-22 10:15:40.098494,0 days 00:03:44.329762,10,1.5,61.0,32.0,5,0.1,0.001,12,2.8,6,0.0,-93.59085073738905,-61.27478700801345,-23.111583709779,30.18986698465951,0.0,9.204480019596609,429.0,COMPLETE
1011,30.18986698465951,2026-07-22 10:12:11.677460,2026-07-22 10:16:03.768364,0 days 00:03:52.090904,10,1.5,61.0,32.0,5,0.1,0.001,11,2.8,6,0.0,-93.59085073738905,-61.27478700801345,-23.111583709779,30.18986698465951,0.0,9.204480019596609,429.0,COMPLETE
1012,30.18986698465951,2026-07-22 10:12:15.178514,2026-07-22 10:16:07.370072,0 days 00:03:52.191558,10,1.5,61.0,32.0,5,0.1,0.001,12,2.8,6,0.0,-93.59085073738905,-61.27478700801345,-23.111583709779,30.18986698465951,0.0,9.204480019596609,429.0,COMPLETE
1013,30.18986698465951,2026-07-22 10:12:19.118726,2026-07-22 10:16:05.699517,0 days 00:03:46.580791,10,1.5,61.0,32.0,5,0.1,0.001,12,2.6,6,0.0,-93.59085073738905,-61.27478700801345,-23.111583709779,30.18986698465951,0.0,9.204480019596609,429.0,COMPLETE
1014,30.18986698465951,2026-07-22 10:12:40.720617,2026-07-22 10:16:32.765780,0 days 00:03:52.045163,10,1.5,61.0,32.0,5,0.1,0.001,11,2.6,6,0.0,-93.59085073738905,-61.27478700801345,-23.111583709779,30.18986698465951,0.0,9.204480019596609,429.0,COMPLETE
1015,30.287611223411414,2026-07-22 10:12:59.434954,2026-07-22 10:16:49.473332,0 days 00:03:50.038378,10,1.5,61.0,32.0,5,0.1,0.001,10,2.6,6,0.0,-93.59085073738905,-61.27478700801345,-19.01023277491078,30.287611223411414,0.0,13.305830954464824,428.0,COMPLETE
1016,30.287611223411414,2026-07-22 10:14:13.456425,2026-07-22 10:18:04.328154,0 days 00:03:50.871729,10,1.5,61.0,32.0,5,0.1,0.001,10,2.6,6,0.0,-93.59085073738905,-61.27478700801345,-19.01023277491078,30.287611223411414,0.0,13.305830954464824,428.0,COMPLETE
1017,30.287611223411414,2026-07-22 10:14:18.144795,2026-07-22 10:18:07.828506,0 days 00:03:49.683711,10,1.5,61.0,32.0,5,0.1,0.001,10,2.8,6,0.0,-93.59085073738905,-61.27478700801345,-19.01023277491078,30.287611223411414,0.0,13.305830954464824,428.0,COMPLETE
1018,30.287611223411414,2026-07-22 10:15:23.699462,2026-07-22 10:19:16.771393,0 days 00:03:53.071931,10,1.5,61.0,32.0,5,0.1,0.001,10,2.7,6,0.0,-93.59085073738905,-61.27478700801345,-19.01023277491078,30.287611223411414,0.0,13.305830954464824,428.0,COMPLETE
1019,30.287611223411414,2026-07-22 10:15:32.938132,2026-07-22 10:19:25.685777,0 days 00:03:52.747645,10,1.5,61.0,32.0,5,0.1,0.001,10,2.8,6,0.0,-93.59085073738905,-61.27478700801345,-19.01023277491078,30.287611223411414,0.0,13.305830954464824,428.0,COMPLETE
1020,21.372421283515862,2026-07-22 10:15:40.161393,2026-07-22 10:19:18.039271,0 days 00:03:37.877878,10,1.5,61.0,32.0,5,0.1,0.004,12,2.8,6,0.0,-49.549599289872944,-35.74595613378511,-29.740408788608004,21.372421283515862,0.0,-15.936765632520185,308.0,COMPLETE
1021,30.18986698465951,2026-07-22 10:16:03.826754,2026-07-22 10:19:56.529258,0 days 00:03:52.702504,10,1.5,61.0,32.0,5,0.1,0.001,12,2.8,6,0.0,-93.59085073738905,-61.27478700801345,-23.111583709779,30.18986698465951,0.0,9.204480019596609,429.0,COMPLETE
1022,29.832791363234367,2026-07-22 10:16:05.764000,2026-07-22 10:19:54.191075,0 days 00:03:48.427075,10,1.5,61.0,33.0,5,0.1,0.001,12,2.8,6,0.0,-92.47931625303545,-63.93679216899151,-23.320494707085114,29.832791363234367,0.0,5.222029376958863,426.0,COMPLETE
1023,26.3583583788641,2026-07-22 10:16:07.424613,2026-07-22 10:19:57.746910,0 days 00:03:50.322297,10,1.5,61.0,32.0,5,0.0,0.001,12,2.8,6,0.0,-66.86876727258024,-70.00334545763968,-13.060781335474227,26.3583583788641,0.0,-16.195359520533778,380.0,COMPLETE
1024,25.654396607325037,2026-07-22 10:16:32.834072,2026-07-22 10:20:20.455925,0 days 00:03:47.621853,10,1.5,61.0,33.0,5,0.0,0.001,12,2.6,7,0.0,-71.63719956542205,-76.89133568101516,-11.55785293041092,25.654396607325037,0.0,-16.811989046004122,374.0,COMPLETE
1025,26.247028766388112,2026-07-22 10:16:49.545551,2026-07-22 10:20:38.278987,0 days 00:03:48.733436,10,1.5,61.0,33.0,5,0.0,0.001,12,2.6,6,0.0,-68.6828526539801,-73.28531204713386,-13.060781335474227,26.247028766388112,0.0,-17.66324072862809,380.0,COMPLETE
1026,25.022901919043743,2026-07-22 10:18:04.388816,2026-07-22 10:21:52.293313,0 days 00:03:47.904497,11,1.5,61.0,33.0,5,0.0,0.001,12,2.6,7,0.0,-61.001285654459224,-63.234294754348525,-12.124604270538612,25.022901919043743,0.0,-14.357613370427957,360.0,COMPLETE
1027,25.73061766343234,2026-07-22 10:18:07.896850,2026-07-22 10:21:54.638408,0 days 00:03:46.741558,11,1.5,61.0,33.0,5,0.0,0.001,12,2.6,6,0.0,-56.97501346759687,-58.17169250597349,-13.62753267560191,25.73061766343234,0.0,-14.824211713978576,367.0,COMPLETE
1028,25.022901919043743,2026-07-22 10:19:16.848047,2026-07-22 10:23:06.417914,0 days 00:03:49.569867,11,1.5,61.0,33.0,5,0.0,0.001,12,2.6,7,0.0,-61.001285654459224,-63.234294754348525,-12.124604270538612,25.022901919043743,0.0,-14.357613370427957,360.0,COMPLETE
1029,16.980341855969986,2026-07-22 10:19:18.111107,2026-07-22 10:22:52.912053,0 days 00:03:34.800946,11,1.5,61.0,33.0,5,0.0,0.005,12,2.6,6,0.0,-31.143453132727146,-33.76653145015982,-27.06997621435339,16.980341855969986,0.0,-29.693054531786,250.0,COMPLETE
1030,25.022901919043743,2026-07-22 10:19:25.752428,2026-07-22 10:23:14.356729,0 days 00:03:48.604301,11,1.5,61.0,33.0,5,0.0,0.001,12,2.6,7,0.0,-61.001285654459224,-63.234294754348525,-12.124604270538612,25.022901919043743,0.0,-14.357613370427957,360.0,COMPLETE
1031,25.022901919043743,2026-07-22 10:19:54.254944,2026-07-22 10:23:39.280248,0 days 00:03:45.025304,11,1.5,61.0,33.0,5,0.0,0.001,12,2.6,7,0.0,-61.001285654459224,-63.234294754348525,-12.124604270538612,25.022901919043743,0.0,-14.357613370427957,360.0,COMPLETE
1032,25.73061766343234,2026-07-22 10:19:56.619986,2026-07-22 10:23:46.836207,0 days 00:03:50.216221,11,1.5,61.0,33.0,5,0.0,0.001,12,2.6,6,0.0,-56.97501346759687,-58.17169250597349,-13.62753267560191,25.73061766343234,0.0,-14.824211713978576,367.0,COMPLETE
1033,25.73061766343234,2026-07-22 10:19:57.815051,2026-07-22 10:23:46.520749,0 days 00:03:48.705698,11,1.5,61.0,33.0,5,0.0,0.001,12,2.6,6,0.0,-56.97501346759687,-58.17169250597349,-13.62753267560191,25.73061766343234,0.0,-14.824211713978576,367.0,COMPLETE
1034,25.022901919043743,2026-07-22 10:20:20.525156,2026-07-22 10:24:09.955238,0 days 00:03:49.430082,11,1.5,61.0,33.0,5,0.0,0.001,12,2.6,7,0.0,-61.001285654459224,-63.234294754348525,-12.124604270538612,25.022901919043743,0.0,-14.357613370427957,360.0,COMPLETE
1035,25.022901919043743,2026-07-22 10:20:38.350407,2026-07-22 10:24:25.593615,0 days 00:03:47.243208,11,1.5,61.0,33.0,5,0.0,0.001,12,2.6,7,0.0,-61.001285654459224,-63.234294754348525,-12.124604270538612,25.022901919043743,0.0,-14.357613370427957,360.0,COMPLETE
1036,25.022901919043743,2026-07-22 10:21:52.364288,2026-07-22 10:25:41.478004,0 days 00:03:49.113716,11,1.5,61.0,33.0,5,0.0,0.001,12,2.5,7,0.0,-61.001285654459224,-63.234294754348525,-12.124604270538612,25.022901919043743,0.0,-14.357613370427957,360.0,COMPLETE
1037,25.022901919043743,2026-07-22 10:21:54.701689,2026-07-22 10:25:42.256738,0 days 00:03:47.555049,11,1.5,61.0,33.0,5,0.0,0.001,12,2.5,7,0.0,-61.001285654459224,-63.234294754348525,-12.124604270538612,25.022901919043743,0.0,-14.357613370427957,360.0,COMPLETE
1038,23.021435101686123,2026-07-22 10:22:52.986223,2026-07-22 10:26:38.610445,0 days 00:03:45.624222,26,1.5,61.0,32.0,5,0.0,0.001,12,2.5,7,0.0,-112.87052575529212,-87.6070589466594,-57.86633249526051,23.021435101686123,0.0,-32.602865686627894,369.0,COMPLETE
1039,25.050919074572523,2026-07-22 10:23:06.486859,2026-07-22 10:26:55.446113,0 days 00:03:48.959254,11,1.5,61.0,32.0,5,0.0,0.001,12,2.5,7,0.0,-59.83516662135964,-62.06817572124894,-12.124604270538612,25.050919074572523,0.0,-14.357613370427957,360.0,COMPLETE
1040,25.758972515922228,2026-07-22 10:23:14.425267,2026-07-22 10:27:03.205700,0 days 00:03:48.780433,11,1.5,61.0,32.0,5,0.0,0.001,12,2.5,6,0.0,-55.80889443449728,-57.005573472873905,-13.62753267560191,25.758972515922228,0.0,-14.824211713978576,367.0,COMPLETE
1041,10.436678314766247,2026-07-22 10:23:39.344160,2026-07-22 10:27:14.490833,0 days 00:03:35.146673,10,1.5,61.0,32.0,6,0.0,0.01,12,2.5,7,0.0,-11.90390412422865,-21.925449020251644,-17.358933439579054,10.436678314766247,0.0,-27.380478335602003,158.0,COMPLETE
1042,25.56857502343032,2026-07-22 10:23:46.581640,2026-07-22 10:27:36.988617,0 days 00:03:50.406977,10,1.5,60.0,32.0,6,0.1,0.002,12,2.8,7,0.0,-100.54541756602342,-61.952315960871104,-41.784754862767876,25.56857502343032,0.0,-3.191653257615619,381.0,COMPLETE
1043,25.56857502343032,2026-07-22 10:23:46.926530,2026-07-22 10:27:35.636753,0 days 00:03:48.710223,10,1.5,60.0,32.0,6,0.1,0.002,12,2.5,7,0.0,-100.54541756602342,-61.952315960871104,-41.784754862767876,25.56857502343032,0.0,-3.191653257615619,381.0,COMPLETE
1044,25.56857502343032,2026-07-22 10:24:10.016181,2026-07-22 10:27:58.568410,0 days 00:03:48.552229,10,1.5,60.0,32.0,6,0.1,0.002,11,2.8,7,0.0,-100.54541756602342,-61.952315960871104,-41.784754862767876,25.56857502343032,0.0,-3.191653257615619,381.0,COMPLETE
1045,25.56857502343032,2026-07-22 10:24:25.659492,2026-07-22 10:28:12.364487,0 days 00:03:46.704995,10,1.5,60.0,32.0,6,0.1,0.002,11,2.5,7,0.0,-100.54541756602342,-61.952315960871104,-41.784754862767876,25.56857502343032,0.0,-3.191653257615619,381.0,COMPLETE
1046,26.058093425332267,2026-07-22 10:25:41.550000,2026-07-22 10:29:30.193046,0 days 00:03:48.643046,10,1.5,60.0,32.0,6,0.1,0.002,11,2.8,6,0.0,-97.14642906774233,-54.047700585798836,-40.94913039242072,26.058093425332267,0.0,2.1495980895227538,383.0,COMPLETE
1047,24.111371273915793,2026-07-22 10:25:42.325101,2026-07-22 10:29:28.953984,0 days 00:03:46.628883,10,1.5,60.0,32.0,6,0.1,0.002,29,2.8,6,0.0,-100.95967360044122,-67.57669186939499,-42.58472774799117,24.111371273915793,0.0,-9.201746016945007,366.0,COMPLETE
1048,24.912417041447934,2026-07-22 10:26:38.669265,2026-07-22 10:30:20.837616,0 days 00:03:42.168351,10,1.6,60.0,32.0,6,0.1,0.002,11,2.8,6,0.0,-78.24941582326049,-40.53759389332566,-33.35679941260772,24.912417041447934,0.0,4.355022517327095,360.0,COMPLETE
1049,24.715532966128244,2026-07-22 10:26:55.508387,2026-07-22 10:30:41.887052,0 days 00:03:46.378665,10,1.6,60.0,32.0,6,0.1,0.002,11,2.8,7,0.0,-80.89261049993392,-45.98143903234343,-34.19242388295488,24.715532966128244,0.0,0.7187475846355933,360.0,COMPLETE
1050,24.715532966128244,2026-07-22 10:27:03.272880,2026-07-22 10:30:48.316013,0 days 00:03:45.043133,10,1.6,60.0,32.0,6,0.1,0.002,11,2.8,7,0.0,-80.89261049993392,-45.98143903234343,-34.19242388295488,24.715532966128244,0.0,0.7187475846355933,360.0,COMPLETE
1051,24.142364846705178,2026-07-22 10:27:14.556788,2026-07-22 10:30:59.503906,0 days 00:03:44.947118,19,1.6,60.0,32.0,6,0.1,0.002,11,2.8,6,0.0,-83.84297063771254,-73.9068423345916,-34.51578716341977,24.142364846705178,0.0,-24.57965886029881,364.0,COMPLETE
1052,28.346199555833028,2026-07-22 10:27:35.697214,2026-07-22 10:31:25.389906,0 days 00:03:49.692692,10,1.6,60.0,32.0,6,0.1,0.001,11,2.8,6,0.0,-72.59166618730698,-44.29331200694545,-20.998785890187786,28.346199555833028,0.0,7.299568290173813,396.0,COMPLETE
1053,25.320207595190578,2026-07-22 10:27:37.071153,2026-07-22 10:31:24.891486,0 days 00:03:47.820333,10,1.6,60.0,32.0,6,0.1,0.001,37,2.8,6,0.0,-74.6642616839833,-56.08983650859062,-24.97600186901265,25.320207595190578,0.0,-6.401576693619936,366.0,COMPLETE
1054,28.84022761072523,2026-07-22 10:27:58.630431,2026-07-22 10:31:47.924717,0 days 00:03:49.294286,10,1.6,60.0,32.0,5,0.1,0.001,11,2.8,6,0.0,-74.3713848073861,-46.47085350459535,-18.73285943774842,28.84022761072523,0.0,9.167671865042397,403.0,COMPLETE
1055,28.84022761072523,2026-07-22 10:28:12.437326,2026-07-22 10:32:00.923687,0 days 00:03:48.486361,10,1.6,62.0,32.0,5,0.1,0.001,11,2.8,6,0.0,-74.3713848073861,-46.47085350459535,-18.73285943774842,28.84022761072523,0.0,9.167671865042397,403.0,COMPLETE
1056,28.84022761072523,2026-07-22 10:29:29.013659,2026-07-22 10:33:17.308403,0 days 00:03:48.294744,10,1.6,62.0,32.0,5,0.1,0.001,11,2.8,6,0.0,-74.3713848073861,-46.47085350459535,-18.73285943774842,28.84022761072523,0.0,9.167671865042397,403.0,COMPLETE
1057,28.93962018605451,2026-07-22 10:29:30.261924,2026-07-22 10:33:18.030554,0 days 00:03:47.768630,10,1.6,62.0,32.0,5,0.1,0.001,10,2.8,6,0.0,-74.3713848073861,-46.47085350459535,-14.6315085028802,28.93962018605451,0.0,13.269022799910609,402.0,COMPLETE
1058,28.93962018605451,2026-07-22 10:30:20.894134,2026-07-22 10:34:04.385677,0 days 00:03:43.491543,10,1.6,62.0,32.0,5,0.1,0.001,10,2.8,6,0.0,-74.3713848073861,-46.47085350459535,-14.6315085028802,28.93962018605451,0.0,13.269022799910609,402.0,COMPLETE
1059,23.941358585557463,2026-07-22 10:30:41.968236,2026-07-22 10:34:27.778820,0 days 00:03:45.810584,10,1.6,62.0,32.0,11,0.1,0.001,10,2.8,6,0.0,-56.886235598228424,-47.60066429180688,-11.407777488345017,23.941358585557463,0.0,-2.122206181923506,338.0,COMPLETE
1060,28.93962018605451,2026-07-22 10:30:48.370638,2026-07-22 10:34:37.161997,0 days 00:03:48.791359,10,1.6,62.0,32.0,5,0.1,0.001,10,2.8,6,0.0,-74.3713848073861,-46.47085350459535,-14.6315085028802,28.93962018605451,0.0,13.269022799910609,402.0,COMPLETE
1061,30.287611223411414,2026-07-22 10:30:59.572091,2026-07-22 10:34:47.691519,0 days 00:03:48.119428,10,1.5,62.0,32.0,5,0.1,0.001,10,2.8,6,0.0,-93.59085073738905,-61.27478700801345,-19.01023277491078,30.287611223411414,0.0,13.305830954464824,428.0,COMPLETE
1062,30.287611223411414,2026-07-22 10:31:24.956359,2026-07-22 10:35:17.183407,0 days 00:03:52.227048,10,1.5,62.0,32.0,5,0.1,0.001,10,2.8,6,0.0,-93.59085073738905,-61.27478700801345,-19.01023277491078,30.287611223411414,0.0,13.305830954464824,428.0,COMPLETE
1063,30.287611223411414,2026-07-22 10:31:25.452831,2026-07-22 10:35:18.021225,0 days 00:03:52.568394,10,1.5,62.0,32.0,5,0.1,0.001,10,2.8,6,0.0,-93.59085073738905,-61.27478700801345,-19.01023277491078,30.287611223411414,0.0,13.305830954464824,428.0,COMPLETE
1064,24.147020657509895,2026-07-22 10:31:47.979960,2026-07-22 10:35:32.972127,0 days 00:03:44.992167,11,1.7,62.0,32.0,10,0.1,0.001,10,2.8,6,0.0,-64.03960535610234,-50.77215335815794,-28.113553579419012,24.147020657509895,0.0,-14.846101581474635,349.0,COMPLETE
1065,29.43464799446018,2026-07-22 10:32:00.986178,2026-07-22 10:35:53.390316,0 days 00:03:52.404138,11,1.5,62.0,32.0,5,0.1,0.001,10,2.7,6,0.0,-81.50693612474178,-53.73854776852979,-25.409113462454982,29.43464799446018,0.0,2.359274893757065,418.0,COMPLETE
1066,29.433887314505135,2026-07-22 10:33:17.372768,2026-07-22 10:37:10.042650,0 days 00:03:52.669882,11,1.5,61.0,32.0,5,0.1,0.001,10,2.7,6,0.0,-81.54069883666433,-53.772310480452326,-25.409113462454982,29.433887314505135,0.0,2.359274893757065,418.0,COMPLETE
1067,26.32827478542695,2026-07-22 10:33:18.099682,2026-07-22 10:37:13.540404,0 days 00:03:55.440722,30,1.5,61.0,32.0,5,0.1,0.001,10,2.7,6,0.0,-149.6614012840998,-113.76384389523608,-46.5791566428244,26.32827478542695,0.0,-10.681599253960629,419.0,COMPLETE
1068,29.34914831944746,2026-07-22 10:34:04.443268,2026-07-22 10:37:50.107298,0 days 00:03:45.664030,11,1.5,61.0,32.0,5,0.1,0.001,13,2.7,6,0.0,-81.54069883666433,-53.772310480452326,-29.510464397323197,29.34914831944746,0.0,-1.7420760411111547,419.0,COMPLETE
1069,29.34914831944746,2026-07-22 10:34:27.848347,2026-07-22 10:38:22.494525,0 days 00:03:54.646178,11,1.5,61.0,32.0,5,0.1,0.001,13,2.7,6,0.0,-81.54069883666433,-53.772310480452326,-29.510464397323197,29.34914831944746,0.0,-1.7420760411111547,419.0,COMPLETE
1070,29.34914831944746,2026-07-22 10:34:37.228330,2026-07-22 10:38:29.204985,0 days 00:03:51.976655,11,1.5,61.0,32.0,5,0.1,0.001,13,2.7,6,0.0,-81.54069883666433,-53.772310480452326,-29.510464397323197,29.34914831944746,0.0,-1.7420760411111547,419.0,COMPLETE
1071,27.358510687602298,2026-07-22 10:34:47.767731,2026-07-22 10:38:35.964735,0 days 00:03:48.197004,11,1.5,61.0,32.0,5,0.1,0.001,13,2.7,9,0.0,-86.77494053879646,-62.91116795220007,-33.32890472990096,27.358510687602298,0.0,-9.46513214330449,400.0,COMPLETE
1072,29.43464799446018,2026-07-22 10:35:17.252015,2026-07-22 10:39:11.117433,0 days 00:03:53.865418,11,1.5,62.0,32.0,5,0.1,0.001,10,2.7,6,0.0,-81.50693612474178,-53.73854776852979,-25.409113462454982,29.43464799446018,0.0,2.359274893757065,418.0,COMPLETE
1073,29.201688337559013,2026-07-22 10:35:18.081350,2026-07-22 10:39:11.007074,0 days 00:03:52.925724,11,1.5,62.0,33.0,5,0.1,0.001,10,2.7,6,0.0,-82.11199140164402,-56.41892891112546,-25.409113462454982,29.201688337559013,0.0,0.28394902806363076,416.0,COMPLETE
1074,29.201688337559013,2026-07-22 10:35:33.030226,2026-07-22 10:39:26.280466,0 days 00:03:53.250240,11,1.5,62.0,33.0,5,0.1,0.001,10,2.7,6,0.0,-82.11199140164402,-56.41892891112546,-25.409113462454982,29.201688337559013,0.0,0.28394902806363076,416.0,COMPLETE
1075,20.090306888683358,2026-07-22 10:35:53.462493,2026-07-22 10:39:37.115256,0 days 00:03:43.652763,11,1.5,62.0,33.0,20,0.1,0.001,10,2.7,6,0.0,-50.772826831673626,-44.00261314337844,-13.796593742184374,20.090306888683358,0.0,-7.026380053889184,288.0,COMPLETE
1076,25.78462071417044,2026-07-22 10:37:10.102600,2026-07-22 10:40:57.748688,0 days 00:03:47.646088,11,1.5,62.0,33.0,5,0.0,0.001,10,2.8,6,0.0,-56.97501346759687,-58.17169250597349,-9.526181740733696,25.78462071417044,0.0,-10.722860779110363,366.0,COMPLETE
1077,25.812538916546668,2026-07-22 10:37:13.603130,2026-07-22 10:41:02.858724,0 days 00:03:49.255594,11,1.5,62.0,32.0,5,0.0,0.001,10,2.8,6,0.0,-55.80889443449728,-57.005573472873905,-9.526181740733696,25.812538916546668,0.0,-10.722860779110363,366.0,COMPLETE
1078,25.78462071417044,2026-07-22 10:37:50.167011,2026-07-22 10:41:33.174924,0 days 00:03:43.007913,11,1.5,62.0,33.0,5,0.0,0.001,10,2.8,6,0.0,-56.97501346759687,-58.17169250597349,-9.526181740733696,25.78462071417044,0.0,-10.722860779110363,366.0,COMPLETE
1079,25.78462071417044,2026-07-22 10:38:22.558765,2026-07-22 10:42:13.279653,0 days 00:03:50.720888,11,1.5,62.0,33.0,5,0.0,0.001,10,2.8,6,0.0,-56.97501346759687,-58.17169250597349,-9.526181740733696,25.78462071417044,0.0,-10.722860779110363,366.0,COMPLETE
1080,25.78462071417044,2026-07-22 10:38:29.269735,2026-07-22 10:42:18.539395,0 days 00:03:49.269660,11,1.5,62.0,33.0,5,0.0,0.001,10,2.8,6,0.0,-56.97501346759687,-58.17169250597349,-9.526181740733696,25.78462071417044,0.0,-10.722860779110363,366.0,COMPLETE
1081,25.78462071417044,2026-07-22 10:38:36.025722,2026-07-22 10:42:22.771885,0 days 00:03:46.746163,11,1.5,62.0,33.0,5,0.0,0.001,10,2.8,6,0.0,-56.97501346759687,-58.17169250597349,-9.526181740733696,25.78462071417044,0.0,-10.722860779110363,366.0,COMPLETE
1082,25.71380225420314,2026-07-22 10:39:11.179401,2026-07-22 10:43:00.868069,0 days 00:03:49.688668,10,1.5,62.0,33.0,5,0.0,0.001,10,2.8,7,0.0,-71.63719956542205,-76.89133568101516,-7.456501995542699,25.71380225420314,0.0,-12.710638111135903,373.0,COMPLETE
1083,26.306347318934304,2026-07-22 10:39:11.187178,2026-07-22 10:43:01.467780,0 days 00:03:50.280602,10,1.5,62.0,33.0,5,0.0,0.001,10,2.8,6,0.0,-68.6828526539801,-73.28531204713386,-8.959430400606006,26.306347318934304,0.0,-13.561889793759871,379.0,COMPLETE
1084,25.71380225420314,2026-07-22 10:39:26.345394,2026-07-22 10:43:15.128095,0 days 00:03:48.782701,10,1.5,62.0,33.0,5,0.0,0.001,10,2.8,7,0.0,-71.63719956542205,-76.89133568101516,-7.456501995542699,25.71380225420314,0.0,-12.710638111135903,373.0,COMPLETE
1085,25.71380225420314,2026-07-22 10:39:37.181505,2026-07-22 10:43:24.609379,0 days 00:03:47.427874,10,1.5,62.0,33.0,5,0.0,0.001,10,2.8,7,0.0,-71.63719956542205,-76.89133568101516,-7.456501995542699,25.71380225420314,0.0,-12.710638111135903,373.0,COMPLETE
1086,25.823489551391443,2026-07-22 10:40:57.808367,2026-07-22 10:44:46.242488,0 days 00:03:48.434121,10,1.5,62.0,32.0,5,0.0,0.001,10,2.8,7,0.0,-69.82311418402217,-73.60936909152099,-7.456501995542699,25.823489551391443,0.0,-11.242756903041592,373.0,COMPLETE
1087,25.823489551391443,2026-07-22 10:41:02.929720,2026-07-22 10:44:50.982963,0 days 00:03:48.053243,10,1.5,62.0,32.0,5,0.0,0.001,10,2.8,7,0.0,-69.82311418402217,-73.60936909152099,-7.456501995542699,25.823489551391443,0.0,-11.242756903041592,373.0,COMPLETE
1088,25.823489551391443,2026-07-22 10:41:33.227826,2026-07-22 10:45:15.553036,0 days 00:03:42.325210,10,1.5,62.0,32.0,5,0.0,0.001,10,2.8,7,0.0,-69.82311418402217,-73.60936909152099,-7.456501995542699,25.823489551391443,0.0,-11.242756903041592,373.0,COMPLETE
1089,25.823489551391443,2026-07-22 10:42:13.346215,2026-07-22 10:46:02.352001,0 days 00:03:49.005786,10,1.5,62.0,32.0,5,0.0,0.001,10,2.8,7,0.0,-69.82311418402217,-73.60936909152099,-7.456501995542699,25.823489551391443,0.0,-11.242756903041592,373.0,COMPLETE
1090,29.84092182413759,2026-07-22 10:42:18.610878,2026-07-22 10:46:08.862022,0 days 00:03:50.251144,10,1.5,62.0,32.0,5,0.1,0.001,10,2.8,7,0.0,-97.72273904249516,-67.2549496421463,-21.36807466663596,29.84092182413759,0.0,9.099714733712933,427.0,COMPLETE
1091,29.84092182413759,2026-07-22 10:42:22.831566,2026-07-22 10:46:10.787914,0 days 00:03:47.956348,10,1.5,62.0,32.0,5,0.1,0.001,10,2.8,7,0.0,-97.72273904249516,-67.2549496421463,-21.36807466663596,29.84092182413759,0.0,9.099714733712933,427.0,COMPLETE
1092,12.078069472643659,2026-07-22 10:43:00.923621,2026-07-22 10:46:38.015391,0 days 00:03:37.091770,10,2.4,62.0,32.0,5,0.1,0.001,10,2.8,7,0.0,-6.6380917088943105,-9.625333154482373,-20.413125455328263,12.078069472643659,0.0,-23.400366900916335,175.0,COMPLETE
1093,29.84092182413759,2026-07-22 10:43:01.525385,2026-07-22 10:46:53.529769,0 days 00:03:52.004384,10,1.5,62.0,32.0,5,0.1,0.001,10,2.8,7,0.0,-97.72273904249516,-67.2549496421463,-21.36807466663596,29.84092182413759,0.0,9.099714733712933,427.0,COMPLETE
1094,29.74179956777056,2026-07-22 10:43:15.194218,2026-07-22 10:47:06.828264,0 days 00:03:51.634046,10,1.5,61.0,32.0,5,0.1,0.001,11,2.8,7,0.0,-97.72273904249516,-67.2549496421463,-25.469425601504174,29.74179956777056,0.0,4.998363798844721,428.0,COMPLETE
1095,29.74179956777056,2026-07-22 10:43:24.672417,2026-07-22 10:47:14.430842,0 days 00:03:49.758425,10,1.5,61.0,32.0,5,0.1,0.001,11,2.8,7,0.0,-97.72273904249516,-67.2549496421463,-25.469425601504174,29.74179956777056,0.0,4.998363798844721,428.0,COMPLETE
1096,30.18986698465951,2026-07-22 10:44:46.383407,2026-07-22 10:48:38.339287,0 days 00:03:51.955880,10,1.5,61.0,32.0,5,0.1,0.001,11,2.8,6,0.0,-93.59085073738905,-61.27478700801345,-23.111583709779,30.18986698465951,0.0,9.204480019596609,429.0,COMPLETE
1097,25.684559290012896,2026-07-22 10:44:51.043201,2026-07-22 10:48:49.141323,0 days 00:03:58.098122,31,1.5,61.0,32.0,6,0.1,0.001,11,2.7,6,0.0,-170.2234026969086,-122.32249342936923,-59.755337877675814,25.684559290012896,0.0,-11.854428610136328,422.0,COMPLETE
1098,29.496402803594904,2026-07-22 10:45:15.612653,2026-07-22 10:49:02.188900,0 days 00:03:46.576247,10,1.5,61.0,32.0,6,0.1,0.001,11,2.7,6,0.0,-95.41599433048901,-62.96947704208185,-26.978785763732006,29.496402803594904,0.0,5.467731524675159,423.0,COMPLETE
1099,29.496402803594904,2026-07-22 10:46:02.435320,2026-07-22 10:50:02.989180,0 days 00:04:00.553860,10,1.5,61.0,32.0,6,0.1,0.001,11,2.7,6,0.0,-95.41599433048901,-62.96947704208185,-26.978785763732006,29.496402803594904,0.0,5.467731524675159,423.0,COMPLETE
1100,18.90330079674001,2026-07-22 10:46:08.928366,2026-07-22 10:50:00.646447,0 days 00:03:51.718081,12,1.6,61.0,32.0,19,0.1,0.001,11,2.7,6,0.0,-71.92706516455806,-58.63240157119159,-26.975751095970327,18.90330079674001,0.0,-13.681087502603853,287.0,COMPLETE
1101,27.390742037762454,2026-07-22 10:46:10.855674,2026-07-22 10:50:06.838491,0 days 00:03:55.982817,12,1.6,61.0,32.0,6,0.1,0.001,11,2.6,6,0.0,-87.5335059202252,-66.13164800543576,-29.76328472760114,27.390742037762454,0.0,-8.361426812811708,400.0,COMPLETE
1102,28.24442506380961,2026-07-22 10:46:38.087561,2026-07-22 10:50:42.676772,0 days 00:04:04.589211,10,1.6,61.0,32.0,6,0.1,0.001,11,2.7,6,0.0,-74.91374280072817,-46.68686955524549,-20.927304955308937,28.24442506380961,0.0,7.299568290173813,396.0,COMPLETE
1103,27.390742037762454,2026-07-22 10:46:53.589794,2026-07-22 10:51:02.289626,0 days 00:04:08.699832,12,1.6,61.0,32.0,6,0.1,0.001,11,2.6,6,0.0,-87.5335059202252,-66.13164800543576,-29.76328472760114,27.390742037762454,0.0,-8.361426812811708,400.0,COMPLETE
1104,27.390742037762454,2026-07-22 10:47:06.894271,2026-07-22 10:51:16.313704,0 days 00:04:09.419433,12,1.6,61.0,32.0,6,0.1,0.001,11,2.6,6,0.0,-87.5335059202252,-66.13164800543576,-29.76328472760114,27.390742037762454,0.0,-8.361426812811708,400.0,COMPLETE
1105,27.394811793790133,2026-07-22 10:47:14.496260,2026-07-22 10:51:24.138692,0 days 00:04:09.642432,12,1.6,61.0,31.0,6,0.1,0.001,11,2.6,6,0.0,-86.77222080406699,-66.13164800543576,-29.78258062291893,27.394811793790133,0.0,-9.142007824287711,400.0,COMPLETE
1106,27.394811793790133,2026-07-22 10:48:38.402598,2026-07-22 10:52:50.030080,0 days 00:04:11.627482,12,1.6,61.0,31.0,6,0.1,0.001,11,2.7,6,0.0,-86.77222080406699,-66.13164800543576,-29.78258062291893,27.394811793790133,0.0,-9.142007824287711,400.0,COMPLETE
1107,27.394811793790133,2026-07-22 10:48:49.211907,2026-07-22 10:53:00.374307,0 days 00:04:11.162400,12,1.6,61.0,31.0,6,0.1,0.001,11,2.6,6,0.0,-86.77222080406699,-66.13164800543576,-29.78258062291893,27.394811793790133,0.0,-9.142007824287711,400.0,COMPLETE
1108,27.394811793790133,2026-07-22 10:49:02.251472,2026-07-22 10:53:09.605523,0 days 00:04:07.354051,12,1.6,61.0,31.0,6,0.1,0.001,11,2.6,6,0.0,-86.77222080406699,-66.13164800543576,-29.78258062291893,27.394811793790133,0.0,-9.142007824287711,400.0,COMPLETE
1109,27.394811793790133,2026-07-22 10:50:00.713862,2026-07-22 10:54:06.991300,0 days 00:04:06.277438,12,1.6,61.0,31.0,6,0.1,0.001,11,2.6,6,0.0,-86.77222080406699,-66.13164800543576,-29.78258062291893,27.394811793790133,0.0,-9.142007824287711,400.0,COMPLETE
1110,27.394811793790133,2026-07-22 10:50:03.063197,2026-07-22 10:54:08.922941,0 days 00:04:05.859744,12,1.6,61.0,31.0,6,0.1,0.001,11,2.6,6,0.0,-86.77222080406699,-66.13164800543576,-29.78258062291893,27.394811793790133,0.0,-9.142007824287711,400.0,COMPLETE
1111,26.007744861087165,2026-07-22 10:50:06.921456,2026-07-22 10:54:10.186803,0 days 00:04:03.265347,12,1.6,61.0,31.0,5,0.1,0.001,11,2.6,8,0.0,-94.46821077514934,-74.00810328127676,-35.038467075499526,26.007744861087165,0.0,-14.578359581626962,389.0,COMPLETE
1112,26.37541049418688,2026-07-22 10:50:42.745498,2026-07-22 10:54:48.669377,0 days 00:04:05.923879,25,1.5,61.0,31.0,5,0.1,0.001,10,2.6,8,0.0,-138.79581368480356,-106.73896414594894,-51.24997661612614,26.37541049418688,0.0,-19.19312707727151,418.0,COMPLETE
1113,29.284153830255786,2026-07-22 10:51:02.360431,2026-07-22 10:55:02.334596,0 days 00:03:59.974165,11,1.5,61.0,31.0,5,0.1,0.001,10,2.6,6,0.0,-83.59314456715414,-53.772310480452326,-28.596492364909636,29.284153830255786,0.0,1.2243417217922077,417.0,COMPLETE
1114,29.284153830255786,2026-07-22 10:51:16.387875,2026-07-22 10:55:13.031173,0 days 00:03:56.643298,11,1.5,61.0,31.0,5,0.1,0.001,10,2.6,6,0.0,-83.59314456715414,-53.772310480452326,-28.596492364909636,29.284153830255786,0.0,1.2243417217922077,417.0,COMPLETE
1115,29.284153830255786,2026-07-22 10:51:24.217337,2026-07-22 10:55:19.432158,0 days 00:03:55.214821,11,1.5,61.0,31.0,5,0.1,0.001,10,2.7,6,0.0,-83.59314456715414,-53.772310480452326,-28.596492364909636,29.284153830255786,0.0,1.2243417217922077,417.0,COMPLETE
1116,29.284153830255786,2026-07-22 10:52:50.089039,2026-07-22 10:56:41.869152,0 days 00:03:51.780113,11,1.5,61.0,31.0,5,0.1,0.001,10,2.7,6,0.0,-83.59314456715414,-53.772310480452326,-28.596492364909636,29.284153830255786,0.0,1.2243417217922077,417.0,COMPLETE
1117,11.342762468928518,2026-07-22 10:53:00.435808,2026-07-22 10:56:38.569185,0 days 00:03:38.133377,11,2.7,61.0,31.0,5,0.1,0.001,10,2.7,6,0.0,-4.191098326934945,-14.550805280095123,-13.632091223386396,11.342762468928518,0.0,-23.991798176546578,165.0,COMPLETE
1118,29.284153830255786,2026-07-22 10:53:09.671304,2026-07-22 10:56:55.710327,0 days 00:03:46.039023,11,1.5,61.0,31.0,5,0.1,0.001,10,2.7,6,0.0,-83.59314456715414,-53.772310480452326,-28.596492364909636,29.284153830255786,0.0,1.2243417217922077,417.0,COMPLETE
1119,27.81924768733263,2026-07-22 10:54:07.050398,2026-07-22 10:58:01.307860,0 days 00:03:54.257462,11,1.5,62.0,31.0,5,0.1,0.001,10,2.7,8,0.0,-88.79362355736369,-65.46101998438189,-32.07493722090268,27.81924768733263,0.0,-8.742333647920809,406.0,COMPLETE
1120,25.787684331685828,2026-07-22 10:54:08.988493,2026-07-22 10:57:58.472663,0 days 00:03:49.484170,11,1.5,62.0,31.0,5,0.0,0.001,10,2.7,6,0.0,-56.33674174234894,-57.005573472873905,-11.188962220550222,25.787684331685828,0.0,-11.85779395107522,366.0,COMPLETE
1121,25.787684331685828,2026-07-22 10:54:10.248596,2026-07-22 10:57:55.943851,0 days 00:03:45.695255,11,1.5,62.0,31.0,5,0.0,0.001,10,2.7,6,0.0,-56.33674174234894,-57.005573472873905,-11.188962220550222,25.787684331685828,0.0,-11.85779395107522,366.0,COMPLETE
1122,25.787684331685828,2026-07-22 10:54:48.725699,2026-07-22 10:58:39.124568,0 days 00:03:50.398869,11,1.5,62.0,31.0,5,0.0,0.001,10,2.7,6,0.0,-56.33674174234894,-57.005573472873905,-11.188962220550222,25.787684331685828,0.0,-11.85779395107522,366.0,COMPLETE
1123,25.787684331685828,2026-07-22 10:55:02.396247,2026-07-22 10:58:51.979434,0 days 00:03:49.583187,11,1.5,62.0,31.0,5,0.0,0.001,10,2.7,6,0.0,-56.33674174234894,-57.005573472873905,-11.188962220550222,25.787684331685828,0.0,-11.85779395107522,366.0,COMPLETE
1124,25.812538916546668,2026-07-22 10:55:13.100260,2026-07-22 10:59:01.999271,0 days 00:03:48.899011,11,1.5,62.0,32.0,5,0.0,0.001,10,2.7,6,0.0,-55.80889443449728,-57.005573472873905,-9.526181740733696,25.812538916546668,0.0,-10.722860779110363,366.0,COMPLETE
1125,26.416380801156965,2026-07-22 10:55:19.490900,2026-07-22 10:59:07.542808,0 days 00:03:48.051908,10,1.5,62.0,32.0,5,0.0,0.001,10,2.7,6,0.0,-66.86876727258024,-70.00334545763968,-8.959430400606006,26.416380801156965,0.0,-12.094008585665561,379.0,COMPLETE
1126,26.416380801156965,2026-07-22 10:56:38.636921,2026-07-22 11:00:28.385202,0 days 00:03:49.748281,10,1.5,62.0,32.0,5,0.0,0.001,10,2.8,6,0.0,-66.86876727258024,-70.00334545763968,-8.959430400606006,26.416380801156965,0.0,-12.094008585665561,379.0,COMPLETE
1127,19.028690583472503,2026-07-22 10:56:41.935715,2026-07-22 11:00:25.499171,0 days 00:03:43.563456,10,1.5,62.0,33.0,5,2.0,0.001,10,2.8,6,0.0,-56.167403809496875,-63.268800596384196,-13.454897280651023,19.028690583472503,0.0,-20.556294067538392,285.0,COMPLETE
1128,26.306347318934304,2026-07-22 10:56:55.767666,2026-07-22 11:00:38.435117,0 days 00:03:42.667451,10,1.5,62.0,33.0,5,0.0,0.001,10,2.8,6,0.0,-68.6828526539801,-73.28531204713386,-8.959430400606006,26.306347318934304,0.0,-13.561889793759871,379.0,COMPLETE
1129,26.306347318934304,2026-07-22 10:57:56.000401,2026-07-22 11:01:43.492140,0 days 00:03:47.491739,10,1.5,60.0,33.0,5,0.0,0.001,10,2.8,6,0.0,-68.6828526539801,-73.28531204713386,-8.959430400606006,26.306347318934304,0.0,-13.561889793759871,379.0,COMPLETE
1130,26.416380801156965,2026-07-22 10:57:58.531850,2026-07-22 11:01:48.441773,0 days 00:03:49.909923,10,1.5,60.0,32.0,5,0.0,0.001,10,2.8,6,0.0,-66.86876727258024,-70.00334545763968,-8.959430400606006,26.416380801156965,0.0,-12.094008585665561,379.0,COMPLETE
1131,26.416380801156965,2026-07-22 10:58:01.381725,2026-07-22 11:01:51.016173,0 days 00:03:49.634448,10,1.5,60.0,32.0,5,0.0,0.001,10,2.8,6,0.0,-66.86876727258024,-70.00334545763968,-8.959430400606006,26.416380801156965,0.0,-12.094008585665561,379.0,COMPLETE
1132,20.971296750812954,2026-07-22 10:58:39.196617,2026-07-22 11:02:27.984252,0 days 00:03:48.787635,10,1.5,60.0,33.0,5,0.0,0.001,26,2.8,19,0.0,-71.78912847734681,-70.72104793295526,-11.844057666040815,20.971296750812954,0.0,-10.775977121649277,313.0,COMPLETE
1133,13.888502611865361,2026-07-22 10:58:52.043019,2026-07-22 11:02:32.950331,0 days 00:03:40.907312,10,2.2,60.0,32.0,5,0.0,0.001,11,2.8,6,0.0,-57.05720573526117,-40.03306829883458,-35.555742001362816,13.888502611865361,0.0,-18.53160456493628,219.0,COMPLETE
1134,29.832791363234367,2026-07-22 10:59:02.058812,2026-07-22 11:02:53.653071,0 days 00:03:51.594259,10,1.5,60.0,33.0,5,0.1,0.001,11,2.8,6,0.0,-92.47931625303545,-63.93679216899151,-23.320494707085114,29.832791363234367,0.0,5.222029376958863,426.0,COMPLETE
1135,29.832791363234367,2026-07-22 10:59:07.623104,2026-07-22 11:03:00.537496,0 days 00:03:52.914392,10,1.5,60.0,33.0,5,0.1,0.001,11,2.8,6,0.0,-92.47931625303545,-63.93679216899151,-23.320494707085114,29.832791363234367,0.0,5.222029376958863,426.0,COMPLETE
1136,30.18986698465951,2026-07-22 11:00:25.566301,2026-07-22 11:04:16.233867,0 days 00:03:50.667566,10,1.5,60.0,32.0,5,0.1,0.001,11,2.8,6,0.0,-93.59085073738905,-61.27478700801345,-23.111583709779,30.18986698465951,0.0,9.204480019596609,429.0,COMPLETE
1137,29.832791363234367,2026-07-22 11:00:28.461388,2026-07-22 11:04:18.552428,0 days 00:03:50.091040,10,1.5,60.0,33.0,5,0.1,0.001,11,2.8,6,0.0,-92.47931625303545,-63.93679216899151,-23.320494707085114,29.832791363234367,0.0,5.222029376958863,426.0,COMPLETE
1138,26.410115566180785,2026-07-22 11:00:38.504152,2026-07-22 11:04:22.561858,0 days 00:03:44.057706,10,1.5,60.0,32.0,5,0.1,0.002,11,2.8,6,0.0,-101.02328131499826,-56.79854275700212,-39.29387933805612,26.410115566180785,0.0,4.9308592199399826,388.0,COMPLETE
1139,24.77865903303616,2026-07-22 11:01:43.558212,2026-07-22 11:05:27.912689,0 days 00:03:44.354477,10,1.5,76.0,32.0,5,0.1,0.002,11,2.8,6,0.0,-94.37131960147266,-68.41029933274272,-38.63225730239844,24.77865903303616,0.0,-12.671237033668598,373.0,COMPLETE
1140,26.410115566180785,2026-07-22 11:01:48.512905,2026-07-22 11:05:38.421391,0 days 00:03:49.908486,10,1.5,60.0,32.0,5,0.1,0.002,11,2.8,6,0.0,-101.02328131499826,-56.79854275700212,-39.29387933805612,26.410115566180785,0.0,4.9308592199399826,388.0,COMPLETE
1141,26.410115566180785,2026-07-22 11:01:51.078151,2026-07-22 11:05:40.580793,0 days 00:03:49.502642,10,1.5,60.0,32.0,5,0.1,0.002,11,2.8,6,0.0,-101.02328131499826,-56.79854275700212,-39.29387933805612,26.410115566180785,0.0,4.9308592199399826,388.0,COMPLETE
1142,14.128084715274152,2026-07-22 11:02:28.046798,2026-07-22 11:06:07.684758,0 days 00:03:39.637960,10,1.5,60.0,32.0,5,0.1,0.007,11,2.8,6,0.0,-12.945536017457755,-22.93283771416633,-19.36118371380549,14.128084715274152,0.0,-29.348485410514034,208.0,COMPLETE
1143,24.77865903303616,2026-07-22 11:02:33.015903,2026-07-22 11:06:20.480215,0 days 00:03:47.464312,10,1.5,76.0,32.0,5,0.1,0.002,11,2.8,6,0.0,-94.37131960147266,-68.41029933274272,-38.63225730239844,24.77865903303616,0.0,-12.671237033668598,373.0,COMPLETE
1144,26.410115566180785,2026-07-22 11:02:53.719811,2026-07-22 11:06:43.778235,0 days 00:03:50.058424,10,1.5,61.0,32.0,5,0.1,0.002,11,2.8,6,0.0,-101.02328131499826,-56.79854275700212,-39.29387933805612,26.410115566180785,0.0,4.9308592199399826,388.0,COMPLETE
1145,26.410115566180785,2026-07-22 11:03:00.602359,2026-07-22 11:06:46.390045,0 days 00:03:45.787686,10,1.5,61.0,32.0,5,0.1,0.002,11,2.8,6,0.0,-101.02328131499826,-56.79854275700212,-39.29387933805612,26.410115566180785,0.0,4.9308592199399826,388.0,COMPLETE
1146,26.410115566180785,2026-07-22 11:04:16.300186,2026-07-22 11:08:03.241627,0 days 00:03:46.941441,10,1.5,61.0,32.0,5,0.1,0.002,11,2.8,6,0.0,-101.02328131499826,-56.79854275700212,-39.29387933805612,26.410115566180785,0.0,4.9308592199399826,388.0,COMPLETE
1147,26.410115566180785,2026-07-22 11:04:18.608794,2026-07-22 11:08:05.763256,0 days 00:03:47.154462,10,1.5,61.0,32.0,5,0.1,0.002,11,2.8,6,0.0,-101.02328131499826,-56.79854275700212,-39.29387933805612,26.410115566180785,0.0,4.9308592199399826,388.0,COMPLETE
1148,23.912764681980004,2026-07-22 11:04:22.629385,2026-07-22 11:08:04.094260,0 days 00:03:41.464875,10,1.5,61.0,32.0,5,0.1,0.002,32,2.8,7,0.0,-104.15874338397433,-71.16876418970236,-40.56769940849016,23.912764681980004,0.0,-7.577720214218207,365.0,COMPLETE
1149,16.602512563304295,2026-07-22 11:05:27.980900,2026-07-22 11:09:05.779299,0 days 00:03:37.798399,11,2.1,61.0,32.0,5,0.1,0.001,12,2.7,7,0.0,-76.73275966125098,-34.16347012264441,-57.213159597965486,16.602512563304295,0.0,-14.643870059358923,262.0,COMPLETE
1150,11.489207122216099,2026-07-22 11:05:38.484215,2026-07-22 11:09:18.382421,0 days 00:03:39.898206,11,2.1,61.0,31.0,6,0.1,0.001,12,2.7,18,0.0,-74.55438258315459,-29.70256349154498,-51.77293678460455,11.489207122216099,0.0,-6.9211176929949225,194.0,COMPLETE
1151,28.763014066547875,2026-07-22 11:05:40.640570,2026-07-22 11:09:32.938107,0 days 00:03:52.297537,11,1.5,61.0,31.0,6,0.1,0.001,12,2.7,7,0.0,-84.34461311580374,-61.67826532889101,-30.90417312724641,28.763014066547875,0.0,-8.237825340333705,416.0,COMPLETE
1152,27.36011174449757,2026-07-22 11:06:07.745514,2026-07-22 11:09:58.384605,0 days 00:03:50.639091,11,1.6,61.0,31.0,6,0.1,0.001,12,2.7,6,0.0,-82.78307089867322,-63.72448778757917,-25.523251590322275,27.36011174449757,0.0,-6.464668479228173,396.0,COMPLETE
1153,26.81082452729278,2026-07-22 11:06:20.541927,2026-07-22 11:10:10.296486,0 days 00:03:49.754559,11,1.6,61.0,31.0,6,0.1,0.001,12,2.7,7,0.0,-85.45982311082959,-68.53140781378447,-24.168952203592035,26.81082452729278,0.0,-7.240536906546903,391.0,COMPLETE
1154,25.11365061311706,2026-07-22 11:06:43.845625,2026-07-22 11:10:38.180933,0 days 00:03:54.335308,39,1.6,61.0,31.0,6,0.1,0.001,12,2.7,7,0.0,-136.77511209133158,-107.46094556506203,-55.63690053183533,25.11365061311706,0.0,-26.32273400556577,405.0,COMPLETE
1155,26.81082452729278,2026-07-22 11:06:46.449706,2026-07-22 11:10:33.998235,0 days 00:03:47.548529,11,1.6,61.0,31.0,6,0.1,0.001,12,2.7,7,0.0,-85.45982311082959,-68.53140781378447,-24.168952203592035,26.81082452729278,0.0,-7.240536906546903,391.0,COMPLETE
1156,26.81082452729278,2026-07-22 11:08:03.309371,2026-07-22 11:11:50.058963,0 days 00:03:46.749592,11,1.6,61.0,31.0,6,0.1,0.001,12,2.7,7,0.0,-85.45982311082959,-68.53140781378447,-24.168952203592035,26.81082452729278,0.0,-7.240536906546903,391.0,COMPLETE
1157,26.81082452729278,2026-07-22 11:08:04.158559,2026-07-22 11:11:46.893924,0 days 00:03:42.735365,11,1.6,61.0,31.0,6,0.1,0.001,12,2.7,7,0.0,-85.45982311082959,-68.53140781378447,-24.168952203592035,26.81082452729278,0.0,-7.240536906546903,391.0,COMPLETE
1158,26.81082452729278,2026-07-22 11:08:05.824464,2026-07-22 11:11:53.704367,0 days 00:03:47.879903,11,1.6,61.0,31.0,6,0.1,0.001,12,2.7,7,0.0,-85.45982311082959,-68.53140781378447,-24.168952203592035,26.81082452729278,0.0,-7.240536906546903,391.0,COMPLETE
1159,12.114976712164927,2026-07-22 11:09:05.838374,2026-07-22 11:12:39.502660,0 days 00:03:33.664286,11,1.6,62.0,31.0,6,0.1,0.008,10,2.7,7,0.0,-11.983749118549568,-13.248073461867243,-23.1956662264894,12.114976712164927,0.0,-24.459990569807065,177.0,COMPLETE
1160,26.870273659146587,2026-07-22 11:09:18.448526,2026-07-22 11:13:06.697834,0 days 00:03:48.249308,11,1.6,62.0,31.0,6,0.1,0.001,10,2.7,7,0.0,-85.45982311082959,-68.53140781378447,-20.067601268723813,26.870273659146587,0.0,-3.1391859716786774,390.0,COMPLETE
1161,27.41862702365273,2026-07-22 11:09:32.994713,2026-07-22 11:13:21.307875,0 days 00:03:48.313162,11,1.6,62.0,31.0,6,0.1,0.001,10,2.7,6,0.0,-82.78307089867322,-63.72448778757917,-21.421900655454053,27.41862702365273,0.0,-2.363317544359952,395.0,COMPLETE
1162,26.870273659146587,2026-07-22 11:09:58.450071,2026-07-22 11:13:47.962836,0 days 00:03:49.512765,11,1.6,62.0,31.0,6,0.1,0.001,10,2.7,7,0.0,-85.45982311082959,-68.53140781378447,-20.067601268723813,26.870273659146587,0.0,-3.1391859716786774,390.0,COMPLETE
1163,21.755768201942004,2026-07-22 11:10:10.354426,2026-07-22 11:13:56.258148,0 days 00:03:45.903722,11,1.6,62.0,31.0,5,1.6,0.001,10,2.7,6,0.0,-43.586392981374466,-53.319987793697464,-6.462833671516532,21.755768201942004,0.0,-16.196428483839576,311.0,COMPLETE
1164,25.787684331685828,2026-07-22 11:10:34.049990,2026-07-22 11:14:23.660175,0 days 00:03:49.610185,11,1.5,62.0,31.0,5,0.0,0.001,10,2.7,6,0.0,-56.33674174234894,-57.005573472873905,-11.188962220550222,25.787684331685828,0.0,-11.85779395107522,366.0,COMPLETE
1165,25.78462071417044,2026-07-22 11:10:38.257103,2026-07-22 11:14:27.419878,0 days 00:03:49.162775,11,1.5,62.0,33.0,5,0.0,0.001,10,2.7,6,0.0,-56.97501346759687,-58.17169250597349,-9.526181740733696,25.78462071417044,0.0,-10.722860779110363,366.0,COMPLETE
1166,24.313934789682527,2026-07-22 11:11:46.952398,2026-07-22 11:15:32.134015,0 days 00:03:45.181617,18,1.5,62.0,33.0,5,0.0,0.001,10,2.7,6,0.0,-107.21455279379104,-74.04140346124291,-50.15845654963858,24.313934789682527,0.0,-16.985307217090508,375.0,COMPLETE
1167,25.699425744089286,2026-07-22 11:11:50.186401,2026-07-22 11:15:39.575195,0 days 00:03:49.388794,13,1.5,62.0,33.0,5,0.0,0.001,10,2.6,6,0.0,-83.35005407398259,-73.77831571260333,-25.020847065973953,25.699425744089286,0.0,-15.449108704594753,381.0,COMPLETE
1168,26.306347318934304,2026-07-22 11:11:53.772845,2026-07-22 11:15:42.171301,0 days 00:03:48.398456,10,1.5,62.0,33.0,5,0.0,0.001,10,2.8,6,0.0,-68.6828526539801,-73.28531204713386,-8.959430400606006,26.306347318934304,0.0,-13.561889793759871,379.0,COMPLETE
1169,26.306347318934304,2026-07-22 11:12:39.561000,2026-07-22 11:16:22.993766,0 days 00:03:43.432766,10,1.5,62.0,33.0,5,0.0,0.001,10,2.6,6,0.0,-68.6828526539801,-73.28531204713386,-8.959430400606006,26.306347318934304,0.0,-13.561889793759871,379.0,COMPLETE
1170,25.699425744089286,2026-07-22 11:13:06.756959,2026-07-22 11:16:56.921563,0 days 00:03:50.164604,13,1.5,62.0,33.0,5,0.0,0.001,10,2.6,6,0.0,-83.35005407398259,-73.77831571260333,-25.020847065973953,25.699425744089286,0.0,-15.449108704594753,381.0,COMPLETE
1171,25.699425744089286,2026-07-22 11:13:21.369312,2026-07-22 11:17:11.763062,0 days 00:03:50.393750,13,1.5,62.0,33.0,5,0.0,0.001,10,2.6,6,0.0,-83.35005407398259,-73.77831571260333,-25.020847065973953,25.699425744089286,0.0,-15.449108704594753,381.0,COMPLETE
1172,26.306347318934304,2026-07-22 11:13:48.025971,2026-07-22 11:17:37.462581,0 days 00:03:49.436610,10,1.5,62.0,33.0,5,0.0,0.001,10,2.8,6,0.0,-68.6828526539801,-73.28531204713386,-8.959430400606006,26.306347318934304,0.0,-13.561889793759871,379.0,COMPLETE
1173,22.678478856112083,2026-07-22 11:13:56.311719,2026-07-22 11:17:44.194148,0 days 00:03:47.882429,10,1.5,62.0,33.0,5,0.0,0.001,39,2.6,6,0.0,-70.2510412922259,-69.34404783969033,-13.007402561523106,22.678478856112083,0.0,-12.100409108987558,334.0,COMPLETE
1174,25.699425744089286,2026-07-22 11:14:23.720191,2026-07-22 11:18:14.392291,0 days 00:03:50.672100,13,1.5,62.0,33.0,5,0.0,0.001,10,2.6,6,0.0,-83.35005407398259,-73.77831571260333,-25.020847065973953,25.699425744089286,0.0,-15.449108704594753,381.0,COMPLETE
1175,26.416380801156965,2026-07-22 11:14:27.483037,2026-07-22 11:18:15.249811,0 days 00:03:47.766774,10,1.5,62.0,32.0,5,0.0,0.001,10,2.6,6,0.0,-66.86876727258024,-70.00334545763968,-8.959430400606006,26.416380801156965,0.0,-12.094008585665561,379.0,COMPLETE
1176,26.416380801156965,2026-07-22 11:15:32.182959,2026-07-22 11:19:15.991880,0 days 00:03:43.808921,10,1.5,61.0,32.0,5,0.0,0.001,10,2.6,6,0.0,-66.86876727258024,-70.00334545763968,-8.959430400606006,26.416380801156965,0.0,-12.094008585665561,379.0,COMPLETE
1177,30.18986698465951,2026-07-22 11:15:39.641415,2026-07-22 11:19:31.209874,0 days 00:03:51.568459,10,1.5,61.0,32.0,5,0.1,0.001,11,2.6,6,0.0,-93.59085073738905,-61.27478700801345,-23.111583709779,30.18986698465951,0.0,9.204480019596609,429.0,COMPLETE
1178,22.806912096062643,2026-07-22 11:15:42.235247,2026-07-22 11:19:27.621783,0 days 00:03:45.386536,10,1.7,61.0,32.0,5,0.1,0.001,11,2.6,14,0.0,-64.25415465730622,-49.61820100091008,-26.007474043008305,22.806912096062643,0.0,-11.371520386612149,332.0,COMPLETE
1179,30.18986698465951,2026-07-22 11:16:23.054153,2026-07-22 11:20:09.634700,0 days 00:03:46.580547,10,1.5,61.0,32.0,5,0.1,0.001,11,2.6,6,0.0,-93.59085073738905,-61.27478700801345,-23.111583709779,30.18986698465951,0.0,9.204480019596609,429.0,COMPLETE
1180,30.18986698465951,2026-07-22 11:16:56.982308,2026-07-22 11:20:48.596929,0 days 00:03:51.614621,10,1.5,61.0,32.0,5,0.1,0.001,11,2.8,6,0.0,-93.59085073738905,-61.27478700801345,-23.111583709779,30.18986698465951,0.0,9.204480019596609,429.0,COMPLETE
1181,30.18986698465951,2026-07-22 11:17:11.830424,2026-07-22 11:21:03.650366,0 days 00:03:51.819942,10,1.5,61.0,32.0,5,0.1,0.001,11,2.8,6,0.0,-93.59085073738905,-61.27478700801345,-23.111583709779,30.18986698465951,0.0,9.204480019596609,429.0,COMPLETE
1182,30.18986698465951,2026-07-22 11:17:37.529366,2026-07-22 11:21:28.069979,0 days 00:03:50.540613,10,1.5,61.0,32.0,5,0.1,0.001,11,2.8,6,0.0,-93.59085073738905,-61.27478700801345,-23.111583709779,30.18986698465951,0.0,9.204480019596609,429.0,COMPLETE
1183,30.18986698465951,2026-07-22 11:17:44.249594,2026-07-22 11:21:36.097422,0 days 00:03:51.847828,10,1.5,61.0,32.0,5,0.1,0.001,11,2.8,6,0.0,-93.59085073738905,-61.27478700801345,-23.111583709779,30.18986698465951,0.0,9.204480019596609,429.0,COMPLETE
1184,30.18986698465951,2026-07-22 11:18:14.444586,2026-07-22 11:22:03.888798,0 days 00:03:49.444212,10,1.5,61.0,32.0,5,0.1,0.001,11,2.8,6,0.0,-93.59085073738905,-61.27478700801345,-23.111583709779,30.18986698465951,0.0,9.204480019596609,429.0,COMPLETE
1185,30.18986698465951,2026-07-22 11:18:15.314608,2026-07-22 11:22:05.130892,0 days 00:03:49.816284,10,1.5,61.0,32.0,5,0.1,0.001,11,2.8,6,0.0,-93.59085073738905,-61.27478700801345,-23.111583709779,30.18986698465951,0.0,9.204480019596609,429.0,COMPLETE
1186,30.18986698465951,2026-07-22 11:19:16.043002,2026-07-22 11:23:02.054607,0 days 00:03:46.011605,10,1.5,61.0,32.0,5,0.1,0.001,11,2.8,6,0.0,-93.59085073738905,-61.27478700801345,-23.111583709779,30.18986698465951,0.0,9.204480019596609,429.0,COMPLETE
1187,30.18986698465951,2026-07-22 11:19:27.687320,2026-07-22 11:23:19.873684,0 days 00:03:52.186364,10,1.5,61.0,32.0,5,0.1,0.001,11,2.8,6,0.0,-93.59085073738905,-61.27478700801345,-23.111583709779,30.18986698465951,0.0,9.204480019596609,429.0,COMPLETE
1188,30.18986698465951,2026-07-22 11:19:31.283057,2026-07-22 11:23:20.840866,0 days 00:03:49.557809,10,1.5,61.0,32.0,5,0.1,0.001,11,2.8,6,0.0,-93.59085073738905,-61.27478700801345,-23.111583709779,30.18986698465951,0.0,9.204480019596609,429.0,COMPLETE
1189,30.18986698465951,2026-07-22 11:20:09.689243,2026-07-22 11:23:58.293267,0 days 00:03:48.604024,10,1.5,61.0,32.0,5,0.1,0.001,11,2.8,6,0.0,-93.59085073738905,-61.27478700801345,-23.111583709779,30.18986698465951,0.0,9.204480019596609,429.0,COMPLETE
1190,30.18986698465951,2026-07-22 11:20:48.659481,2026-07-22 11:24:40.361580,0 days 00:03:51.702099,10,1.5,60.0,32.0,5,0.1,0.001,11,2.8,6,0.0,-93.59085073738905,-61.27478700801345,-23.111583709779,30.18986698465951,0.0,9.204480019596609,429.0,COMPLETE
1191,30.03713842778518,2026-07-22 11:21:03.712451,2026-07-22 11:24:53.681475,0 days 00:03:49.969024,10,1.5,60.0,31.0,5,0.1,0.001,11,2.8,6,0.0,-94.04859131142172,-61.27478700801345,-25.48483846725252,30.03713842778518,0.0,7.288965836155748,428.0,COMPLETE
1192,28.218121165855507,2026-07-22 11:21:28.127145,2026-07-22 11:25:23.392848,0 days 00:03:55.265703,23,1.5,60.0,31.0,5,0.1,0.001,11,2.8,6,0.0,-139.399732714772,-90.25190279457338,-64.23249383732038,28.218121165855507,0.0,-15.084663917121679,439.0,COMPLETE
1193,20.17976636683685,2026-07-22 11:21:36.153904,2026-07-22 11:25:20.760129,0 days 00:03:44.606225,10,1.5,60.0,31.0,5,1.9000000000000001,0.001,11,2.8,6,0.0,-40.6123516835113,-63.28331226134013,-1.6236882159177985,20.17976636683685,0.0,-24.29464879374665,293.0,COMPLETE
1194,20.488657665760133,2026-07-22 11:22:03.940756,2026-07-22 11:25:49.475516,0 days 00:03:45.534760,12,1.5,60.0,31.0,5,1.9000000000000001,0.001,10,2.8,6,0.0,-38.578771208351846,-51.65812270994223,-8.619589693475655,20.488657665760133,0.0,-21.698941195066073,294.0,COMPLETE
1195,29.284153830255786,2026-07-22 11:22:05.186710,2026-07-22 11:25:56.146797,0 days 00:03:50.960087,11,1.5,60.0,31.0,5,0.1,0.001,10,2.8,6,0.0,-83.59314456715414,-53.772310480452326,-28.596492364909636,29.284153830255786,0.0,1.2243417217922077,417.0,COMPLETE
1196,29.284153830255786,2026-07-22 11:23:02.113770,2026-07-22 11:26:46.995729,0 days 00:03:44.881959,11,1.5,60.0,31.0,5,0.1,0.001,10,2.5,6,0.0,-83.59314456715414,-53.772310480452326,-28.596492364909636,29.284153830255786,0.0,1.2243417217922077,417.0,COMPLETE
1197,29.284153830255786,2026-07-22 11:23:19.940463,2026-07-22 11:27:11.959653,0 days 00:03:52.019190,11,1.5,60.0,31.0,5,0.1,0.001,10,2.8,6,0.0,-83.59314456715414,-53.772310480452326,-28.596492364909636,29.284153830255786,0.0,1.2243417217922077,417.0,COMPLETE
1198,29.284153830255786,2026-07-22 11:23:20.905229,2026-07-22 11:27:12.660048,0 days 00:03:51.754819,11,1.5,60.0,31.0,5,0.1,0.001,10,2.5,6,0.0,-83.59314456715414,-53.772310480452326,-28.596492364909636,29.284153830255786,0.0,1.2243417217922077,417.0,COMPLETE
1199,29.284153830255786,2026-07-22 11:23:58.352810,2026-07-22 11:27:46.640397,0 days 00:03:48.287587,11,1.5,60.0,31.0,5,0.1,0.001,10,2.5,6,0.0,-83.59314456715414,-53.772310480452326,-28.596492364909636,29.284153830255786,0.0,1.2243417217922077,417.0,COMPLETE
1200,29.284153830255786,2026-07-22 11:24:40.415777,2026-07-22 11:28:32.951742,0 days 00:03:52.535965,11,1.5,60.0,31.0,5,0.1,0.001,10,2.5,6,0.0,-83.59314456715414,-53.772310480452326,-28.596492364909636,29.284153830255786,0.0,1.2243417217922077,417.0,COMPLETE
1201,29.5041630145466,2026-07-22 11:24:53.744566,2026-07-22 11:28:46.058755,0 days 00:03:52.314189,11,1.5,60.0,31.0,6,0.1,0.001,10,2.7,6,0.0,-77.75525381100901,-51.26291530272706,-27.4762344850041,29.5041630145466,0.0,-0.9838959767221118,418.0,COMPLETE
1202,29.5041630145466,2026-07-22 11:25:20.820513,2026-07-22 11:29:14.453530,0 days 00:03:53.633017,11,1.5,60.0,31.0,6,0.1,0.001,10,2.7,6,0.0,-77.75525381100901,-51.26291530272706,-27.4762344850041,29.5041630145466,0.0,-0.9838959767221118,418.0,COMPLETE
1203,29.284153830255786,2026-07-22 11:25:23.453942,2026-07-22 11:29:15.584142,0 days 00:03:52.130200,11,1.5,60.0,31.0,5,0.1,0.001,10,2.5,6,0.0,-83.59314456715414,-53.772310480452326,-28.596492364909636,29.284153830255786,0.0,1.2243417217922077,417.0,COMPLETE
1204,29.41171815613121,2026-07-22 11:25:49.524652,2026-07-22 11:29:40.614678,0 days 00:03:51.090026,11,1.5,61.0,31.0,6,0.1,0.001,10,2.5,6,0.0,-81.776968407432,-55.28462989915003,-27.4762344850041,29.41171815613121,0.0,-0.9838959767221118,419.0,COMPLETE
1205,27.41862702365273,2026-07-22 11:25:56.203027,2026-07-22 11:29:44.564189,0 days 00:03:48.361162,11,1.6,61.0,31.0,6,0.1,0.001,10,2.7,6,0.0,-82.78307089867322,-63.72448778757917,-21.421900655454053,27.41862702365273,0.0,-2.363317544359952,395.0,COMPLETE
1206,27.394811793790133,2026-07-22 11:26:47.045737,2026-07-22 11:30:30.205556,0 days 00:03:43.159819,12,1.6,61.0,31.0,6,0.1,0.001,13,2.7,6,0.0,-86.77222080406699,-66.13164800543576,-29.78258062291893,27.394811793790133,0.0,-9.142007824287711,400.0,COMPLETE
1207,23.164585958173348,2026-07-22 11:27:12.015226,2026-07-22 11:30:58.473883,0 days 00:03:46.458657,11,1.6,61.0,31.0,6,0.1,0.001,12,2.7,16,0.0,-87.86895477213076,-70.83120200991482,-22.903649292967287,23.164585958173348,0.0,-5.865896530751258,347.0,COMPLETE
1208,27.36011174449757,2026-07-22 11:27:12.727219,2026-07-22 11:31:01.028173,0 days 00:03:48.300954,11,1.6,61.0,31.0,6,0.1,0.001,13,2.7,6,0.0,-82.78307089867322,-63.72448778757917,-25.523251590322275,27.36011174449757,0.0,-6.464668479228173,396.0,COMPLETE
1209,19.2368818979621,2026-07-22 11:27:46.704996,2026-07-22 11:31:29.186540,0 days 00:03:42.481544,12,1.6,61.0,32.0,6,0.0,0.001,12,2.7,15,0.0,-78.05077020941255,-76.58604542457765,-14.560400028661682,19.2368818979621,0.0,-13.095675243826783,296.0,COMPLETE
1210,22.98816020231155,2026-07-22 11:28:33.012445,2026-07-22 11:32:20.530152,0 days 00:03:47.517707,12,1.6,61.0,32.0,6,0.0,0.001,13,2.7,7,0.0,-73.99234004749074,-78.72472954598462,-16.247643184183985,22.98816020231155,0.0,-20.98003268267794,344.0,COMPLETE
1211,22.98816020231155,2026-07-22 11:28:46.124814,2026-07-22 11:32:33.516851,0 days 00:03:47.392037,12,1.6,61.0,32.0,6,0.0,0.001,13,2.7,7,0.0,-73.99234004749074,-78.72472954598462,-16.247643184183985,22.98816020231155,0.0,-20.98003268267794,344.0,COMPLETE
1212,22.98816020231155,2026-07-22 11:29:14.519486,2026-07-22 11:33:02.446486,0 days 00:03:47.927000,12,1.6,61.0,32.0,6,0.0,0.001,13,2.7,7,0.0,-73.99234004749074,-78.72472954598462,-16.247643184183985,22.98816020231155,0.0,-20.98003268267794,344.0,COMPLETE
1213,24.6650224300914,2026-07-22 11:29:15.642431,2026-07-22 11:33:05.923005,0 days 00:03:50.280574,12,1.5,61.0,32.0,6,0.0,0.001,13,2.7,7,0.0,-73.82124465416774,-76.1244091503235,-16.36890125916118,24.6650224300914,0.0,-18.67206575531702,365.0,COMPLETE
1214,22.98816020231155,2026-07-22 11:29:40.680051,2026-07-22 11:33:27.102223,0 days 00:03:46.422172,12,1.6,61.0,32.0,6,0.0,0.001,13,2.7,7,0.0,-73.99234004749074,-78.72472954598462,-16.247643184183985,22.98816020231155,0.0,-20.98003268267794,344.0,COMPLETE
1215,23.13097308428782,2026-07-22 11:29:44.620012,2026-07-22 11:33:32.671985,0 days 00:03:48.051973,12,1.6,61.0,32.0,5,0.0,0.001,12,2.7,7,0.0,-74.9424952632043,-79.02508956567038,-16.310982848866963,23.13097308428782,0.0,-20.3935771513331,346.0,COMPLETE
1216,19.402669288480325,2026-07-22 11:30:30.263222,2026-07-22 11:34:11.004579,0 days 00:03:40.741357,12,1.6,62.0,32.0,5,0.0,0.001,12,2.7,16,0.0,-79.00092542512613,-74.73589935371514,-13.964301710377192,19.402669288480325,0.0,-9.699275638966197,297.0,COMPLETE
1217,24.09053600414544,2026-07-22 11:30:58.525572,2026-07-22 11:34:46.523225,0 days 00:03:47.997653,10,1.6,62.0,32.0,5,0.0,0.001,12,2.7,7,0.0,-68.7185784253383,-68.1199004457323,-16.91639409494139,24.09053600414544,0.0,-16.317716115335415,353.0,COMPLETE
1218,21.332704825000032,2026-07-22 11:31:01.095728,2026-07-22 11:34:49.627623,0 days 00:03:48.531895,34,1.5,62.0,32.0,5,1.5,0.001,12,2.8,6,0.0,-73.03258629007449,-76.17243642896887,-31.51615662151638,21.332704825000032,0.0,-34.65600676041077,328.0,COMPLETE
1219,25.765355310152366,2026-07-22 11:31:29.239471,2026-07-22 11:35:13.707479,0 days 00:03:44.468008,10,1.5,62.0,32.0,5,0.0,0.001,12,2.8,7,0.0,-69.82311418402217,-73.60936909152099,-11.55785293041092,25.765355310152366,0.0,-15.344107837909812,374.0,COMPLETE
1220,20.25750204470279,2026-07-22 11:32:20.582303,2026-07-22 11:36:04.099444,0 days 00:03:43.517141,10,1.5,62.0,32.0,5,0.0,0.003,12,2.8,7,0.0,-58.470847165447225,-51.45899217175575,-27.997286133798575,20.25750204470279,0.0,-20.985431140107156,302.0,COMPLETE
1221,11.97578277130986,2026-07-22 11:32:33.574330,2026-07-22 11:36:10.502393,0 days 00:03:36.928063,10,1.5,62.0,32.0,5,1.0,0.009000000000000001,12,2.8,6,0.0,-12.332206467606483,-20.012371650319427,-23.759129419858724,11.97578277130986,0.0,-31.43929460257161,179.0,COMPLETE
1222,26.3583583788641,2026-07-22 11:33:02.516584,2026-07-22 11:36:52.387024,0 days 00:03:49.870440,10,1.5,62.0,32.0,5,0.0,0.001,12,2.8,6,0.0,-66.86876727258024,-70.00334545763968,-13.060781335474227,26.3583583788641,0.0,-16.195359520533778,380.0,COMPLETE
1223,30.18986698465951,2026-07-22 11:33:05.986892,2026-07-22 11:36:58.151247,0 days 00:03:52.164355,10,1.5,62.0,32.0,5,0.1,0.001,12,2.8,6,0.0,-93.59085073738905,-61.27478700801345,-23.111583709779,30.18986698465951,0.0,9.204480019596609,429.0,COMPLETE
1224,29.832791363234367,2026-07-22 11:33:27.161334,2026-07-22 11:37:18.588518,0 days 00:03:51.427184,10,1.5,62.0,33.0,5,0.1,0.001,12,2.8,6,0.0,-92.47931625303545,-63.93679216899151,-23.320494707085114,29.832791363234367,0.0,5.222029376958863,426.0,COMPLETE
1225,25.23725530390221,2026-07-22 11:33:32.729438,2026-07-22 11:37:22.457438,0 days 00:03:49.728000,10,1.5,62.0,33.0,5,0.1,0.001,12,2.8,20,0.0,-101.9966309133888,-78.09401968236504,-26.440620291735804,25.23725530390221,0.0,-2.538009060712026,378.0,COMPLETE
1226,27.593775568684602,2026-07-22 11:34:11.073523,2026-07-22 11:37:55.765350,0 days 00:03:44.691827,10,1.5,62.0,33.0,5,0.1,0.001,30,2.8,6,0.0,-96.9836519751,-76.83034452953557,-27.308882133235567,27.593775568684602,0.0,-7.155574687671084,407.0,COMPLETE
1227,29.832791363234367,2026-07-22 11:34:46.585458,2026-07-22 11:38:37.890114,0 days 00:03:51.304656,10,1.5,62.0,33.0,5,0.1,0.001,11,2.8,6,0.0,-92.47931625303545,-63.93679216899151,-23.320494707085114,29.832791363234367,0.0,5.222029376958863,426.0,COMPLETE
1228,26.975376518707535,2026-07-22 11:34:49.687737,2026-07-22 11:38:45.700675,0 days 00:03:56.012938,28,1.5,62.0,33.0,5,0.1,0.001,11,2.8,6,0.0,-147.8148223099326,-113.30200384409292,-45.59307857776869,26.975376518707535,0.0,-11.080260111929011,426.0,COMPLETE
1229,29.832791363234367,2026-07-22 11:35:13.768722,2026-07-22 11:39:01.470385,0 days 00:03:47.701663,10,1.5,62.0,33.0,5,0.1,0.001,11,2.8,6,0.0,-92.47931625303545,-63.93679216899151,-23.320494707085114,29.832791363234367,0.0,5.222029376958863,426.0,COMPLETE
1230,29.832791363234367,2026-07-22 11:36:04.147953,2026-07-22 11:39:56.076650,0 days 00:03:51.928697,10,1.5,62.0,33.0,5,0.1,0.001,11,2.8,6,0.0,-92.47931625303545,-63.93679216899151,-23.320494707085114,29.832791363234367,0.0,5.222029376958863,426.0,COMPLETE
1231,25.29485036234521,2026-07-22 11:36:10.568158,2026-07-22 11:40:01.611814,0 days 00:03:51.043656,10,1.5,62.0,33.0,5,0.1,0.001,30,2.8,20,0.0,-101.9966309133888,-78.09401968236504,-27.08513403212747,25.29485036234521,0.0,-3.1825228011036915,379.0,COMPLETE
1232,29.832791363234367,2026-07-22 11:36:52.452083,2026-07-22 11:40:43.370777,0 days 00:03:50.918694,10,1.5,61.0,33.0,5,0.1,0.001,11,2.8,6,0.0,-92.47931625303545,-63.93679216899151,-23.320494707085114,29.832791363234367,0.0,5.222029376958863,426.0,COMPLETE
1233,29.832791363234367,2026-07-22 11:36:58.205285,2026-07-22 11:40:50.112436,0 days 00:03:51.907151,10,1.5,61.0,33.0,5,0.1,0.001,11,2.8,6,0.0,-92.47931625303545,-63.93679216899151,-23.320494707085114,29.832791363234367,0.0,5.222029376958863,426.0,COMPLETE
1234,26.3842319496083,2026-07-22 11:37:18.639404,2026-07-22 11:41:04.875256,0 days 00:03:46.235852,10,1.7,61.0,33.0,5,0.1,0.001,11,2.6,6,0.0,-55.636812954721385,-38.68058666559366,-24.962308677756287,26.3842319496083,0.0,-8.006082388628545,370.0,COMPLETE
1235,30.03713842778518,2026-07-22 11:37:22.508586,2026-07-22 11:41:12.881871,0 days 00:03:50.373285,10,1.5,61.0,31.0,5,0.1,0.001,11,2.6,6,0.0,-94.04859131142172,-61.27478700801345,-25.48483846725252,30.03713842778518,0.0,7.288965836155748,428.0,COMPLETE
1236,25.777326900289626,2026-07-22 11:37:55.820035,2026-07-22 11:41:40.791333,0 days 00:03:44.971298,11,1.5,61.0,31.0,5,0.1,0.001,11,2.6,12,0.0,-88.97757085446965,-67.34578244204415,-34.60050900083246,25.777326900289626,0.0,-12.968720588406917,383.0,COMPLETE
1237,29.284153830255786,2026-07-22 11:38:37.963934,2026-07-22 11:42:29.396836,0 days 00:03:51.432902,11,1.5,61.0,31.0,5,0.1,0.001,10,2.6,6,0.0,-83.59314456715414,-53.772310480452326,-28.596492364909636,29.284153830255786,0.0,1.2243417217922077,417.0,COMPLETE
1238,26.70303162163792,2026-07-22 11:38:45.768728,2026-07-22 11:42:33.046062,0 days 00:03:47.277334,11,1.5,61.0,31.0,5,0.1,0.002,10,2.6,6,0.0,-74.39301594450424,-50.991075200981165,-25.20023874148611,26.70303162163792,0.0,-1.7982979979630673,384.0,COMPLETE
1239,26.70303162163792,2026-07-22 11:39:01.533916,2026-07-22 11:42:46.167810,0 days 00:03:44.633894,11,1.5,61.0,31.0,5,0.1,0.002,10,2.6,6,0.0,-74.39301594450424,-50.991075200981165,-25.20023874148611,26.70303162163792,0.0,-1.7982979979630673,384.0,COMPLETE
1240,26.70303162163792,2026-07-22 11:39:56.135921,2026-07-22 11:43:44.743928,0 days 00:03:48.608007,11,1.5,61.0,31.0,5,0.1,0.002,10,2.6,6,0.0,-74.39301594450424,-50.991075200981165,-25.20023874148611,26.70303162163792,0.0,-1.7982979979630673,384.0,COMPLETE
1241,24.116323445837395,2026-07-22 11:40:01.670911,2026-07-22 11:43:49.893291,0 days 00:03:48.222380,11,1.5,61.0,31.0,5,0.1,0.002,35,2.6,6,0.0,-77.34297370983927,-57.35326376225023,-31.23293092853133,24.116323445837395,0.0,-11.243220980942233,355.0,COMPLETE
1242,26.70303162163792,2026-07-22 11:40:43.432330,2026-07-22 11:44:34.044437,0 days 00:03:50.612107,11,1.5,61.0,31.0,5,0.1,0.002,10,2.6,6,0.0,-74.39301594450424,-50.991075200981165,-25.20023874148611,26.70303162163792,0.0,-1.7982979979630673,384.0,COMPLETE
1243,26.70303162163792,2026-07-22 11:40:50.168935,2026-07-22 11:44:40.336635,0 days 00:03:50.167700,11,1.5,61.0,31.0,5,0.1,0.002,10,2.6,6,0.0,-74.39301594450424,-50.991075200981165,-25.20023874148611,26.70303162163792,0.0,-1.7982979979630673,384.0,COMPLETE
1244,26.70303162163792,2026-07-22 11:41:04.935252,2026-07-22 11:44:53.302747,0 days 00:03:48.367495,11,1.5,61.0,31.0,5,0.1,0.002,10,2.6,6,0.0,-74.39301594450424,-50.991075200981165,-25.20023874148611,26.70303162163792,0.0,-1.7982979979630673,384.0,COMPLETE
1245,26.70303162163792,2026-07-22 11:41:12.943051,2026-07-22 11:45:01.570027,0 days 00:03:48.626976,11,1.5,61.0,31.0,5,0.1,0.002,10,2.6,6,0.0,-74.39301594450424,-50.991075200981165,-25.20023874148611,26.70303162163792,0.0,-1.7982979979630673,384.0,COMPLETE
1246,26.70303162163792,2026-07-22 11:41:40.847688,2026-07-22 11:45:22.797748,0 days 00:03:41.950060,11,1.5,61.0,31.0,5,0.1,0.002,10,2.7,6,0.0,-74.39301594450424,-50.991075200981165,-25.20023874148611,26.70303162163792,0.0,-1.7982979979630673,384.0,COMPLETE
1247,26.70303162163792,2026-07-22 11:42:29.449471,2026-07-22 11:46:17.269278,0 days 00:03:47.819807,11,1.5,61.0,31.0,5,0.2,0.002,10,2.7,6,0.0,-74.39301594450424,-50.991075200981165,-25.20023874148611,26.70303162163792,0.0,-1.7982979979630673,384.0,COMPLETE
1248,29.30779465175919,2026-07-22 11:42:33.176249,2026-07-22 11:46:24.628543,0 days 00:03:51.452294,11,1.5,61.0,32.0,5,0.2,0.001,10,2.7,6,0.0,-86.32609591090268,-59.046202483724834,-24.920618533420836,29.30779465175919,0.0,2.359274893757065,419.0,COMPLETE
1249,29.074602464583236,2026-07-22 11:42:46.228898,2026-07-22 11:46:35.087176,0 days 00:03:48.858278,11,1.5,61.0,34.0,5,0.2,0.001,10,2.7,6,0.0,-86.96369820251425,-61.72658362632053,-24.953165548130144,29.074602464583236,0.0,0.28394902806363076,417.0,COMPLETE
1250,20.998338370129865,2026-07-22 11:43:44.813120,2026-07-22 11:47:30.946392,0 days 00:03:46.133272,11,1.5,60.0,32.0,18,0.2,0.001,10,2.7,6,0.0,-66.39696572016271,-45.77124002951987,-28.50867430839598,20.998338370129865,0.0,-7.882948617753132,307.0,COMPLETE
1251,30.03172236500013,2026-07-22 11:43:50.036630,2026-07-22 11:47:40.448789,0 days 00:03:50.412159,10,1.5,60.0,32.0,5,0.2,0.001,10,2.7,6,0.0,-101.39224067243495,-69.56467187209351,-18.52173784587663,30.03172236500013,0.0,13.305830954464824,429.0,COMPLETE
1252,28.756683314746546,2026-07-22 11:44:34.113740,2026-07-22 11:48:24.216972,0 days 00:03:50.103232,10,1.6,60.0,32.0,5,0.2,0.001,10,2.7,6,0.0,-78.5164399843584,-51.1044036106018,-14.14301357384604,28.756683314746546,0.0,13.269022799910609,402.0,COMPLETE
1253,28.408254479897806,2026-07-22 11:44:40.409615,2026-07-22 11:48:29.734045,0 days 00:03:49.324430,10,1.6,60.0,34.0,5,0.2,0.001,10,2.7,6,0.0,-77.52094201168784,-51.644041090998954,-14.341866543845764,28.408254479897806,0.0,11.535034376843182,398.0,COMPLETE
1254,28.408254479897806,2026-07-22 11:44:53.364864,2026-07-22 11:48:42.899872,0 days 00:03:49.535008,10,1.6,60.0,34.0,5,0.2,0.001,10,2.7,6,0.0,-77.52094201168784,-51.644041090998954,-14.341866543845764,28.408254479897806,0.0,11.535034376843182,398.0,COMPLETE
1255,26.49581834231106,2026-07-22 11:45:01.619674,2026-07-22 11:48:50.259522,0 days 00:03:48.639848,10,1.6,60.0,34.0,6,0.2,0.001,10,2.7,9,0.0,-88.19740212975371,-62.05109271562572,-19.865821547370736,26.49581834231106,0.0,6.280487866757314,382.0,COMPLETE
1256,28.26421480479231,2026-07-22 11:45:22.860348,2026-07-22 11:49:06.396657,0 days 00:03:43.536309,10,1.6,60.0,32.0,6,0.2,0.001,10,2.8,6,0.0,-76.73672136427929,-48.92686211295189,-16.408940026285414,28.26421480479231,0.0,11.400919225042026,395.0,COMPLETE
1257,28.454673167789597,2026-07-22 11:46:17.333960,2026-07-22 11:50:06.380918,0 days 00:03:49.046958,10,1.6,60.0,34.0,6,0.2,0.001,11,2.8,6,0.0,-82.91722534752155,-52.2640025195151,-22.629116369969577,28.454673167789597,0.0,8.02410645803693,402.0,COMPLETE
1258,24.463835641597704,2026-07-22 11:46:24.697809,2026-07-22 11:50:10.410667,0 days 00:03:45.712858,10,1.6,60.0,32.0,6,0.0,0.001,11,2.7,6,0.0,-61.37403636420916,-61.90732150029946,-17.222138193213876,24.463835641597704,0.0,-17.755423329304225,354.0,COMPLETE
1259,21.918325551458047,2026-07-22 11:46:35.146753,2026-07-22 11:50:18.317175,0 days 00:03:43.170422,21,1.6,79.0,32.0,6,0.0,0.001,11,2.8,7,0.0,-64.91432005853838,-60.42994832045515,-44.960413183918895,21.918325551458047,0.0,-40.476041445835634,334.0,COMPLETE
1260,23.86645620914696,2026-07-22 11:47:30.998065,2026-07-22 11:51:17.091324,0 days 00:03:46.093259,10,1.6,60.0,32.0,6,0.0,0.001,11,2.8,7,0.0,-64.3283832756511,-65.51334513418072,-15.71920978815058,23.86645620914696,0.0,-16.904171646680258,348.0,COMPLETE
1261,21.590357430928705,2026-07-22 11:47:40.509802,2026-07-22 11:51:26.401591,0 days 00:03:45.891789,10,1.6,60.0,32.0,6,0.0,0.001,11,2.8,10,0.0,-63.97391045657295,-68.47822435715607,-20.308815225714373,21.590357430928705,0.0,-24.81312912629754,323.0,COMPLETE
1262,19.260479823771718,2026-07-22 11:48:24.280434,2026-07-22 11:52:08.451110,0 days 00:03:44.170676,10,1.6,62.0,32.0,13,0.0,0.001,11,2.8,7,0.0,-50.951418293865395,-55.19706992369974,-12.566130354046448,19.260479823771718,0.0,-16.811781983880827,282.0,COMPLETE
1263,9.954459777572536,2026-07-22 11:48:29.796039,2026-07-22 11:52:08.092117,0 days 00:03:38.296078,10,2.8,62.0,32.0,15,0.0,0.001,11,2.8,7,0.0,0.0,-11.54228843556148,-15.042176485421198,9.954459777572536,0.0,-26.584464920982636,148.0,COMPLETE
1264,25.17380811902491,2026-07-22 11:48:42.955006,2026-07-22 11:52:29.109983,0 days 00:03:46.154977,10,1.5,62.0,32.0,6,0.0,0.001,11,2.8,7,0.0,-67.58240218665843,-73.67376294230698,-10.387680254226,25.17380811902491,0.0,-16.479041009874667,366.0,COMPLETE
1265,25.17380811902491,2026-07-22 11:48:50.318014,2026-07-22 11:52:38.393945,0 days 00:03:48.075931,10,1.5,62.0,32.0,6,0.0,0.001,11,2.8,7,0.0,-67.58240218665843,-73.67376294230698,-10.387680254226,25.17380811902491,0.0,-16.479041009874667,366.0,COMPLETE
1266,22.996648943692794,2026-07-22 11:49:06.458011,2026-07-22 11:52:48.461304,0 days 00:03:42.003293,10,1.5,62.0,32.0,6,0.0,0.001,11,2.8,10,0.0,-67.22792936758027,-76.22556884487317,-14.9772856917898,22.996648943692794,0.0,-23.974925169082766,342.0,COMPLETE
1267,25.765355310152366,2026-07-22 11:50:06.436889,2026-07-22 11:53:53.498269,0 days 00:03:47.061380,10,1.5,62.0,32.0,5,0.0,0.001,11,2.8,7,0.0,-69.82311418402217,-73.60936909152099,-11.55785293041092,25.765355310152366,0.0,-15.344107837909812,374.0,COMPLETE
1268,24.293404123309745,2026-07-22 11:50:10.465215,2026-07-22 11:53:58.588440,0 days 00:03:48.123225,10,1.5,62.0,32.0,5,0.0,0.001,28,2.8,7,0.0,-70.20420917799882,-71.86760841598228,-14.3107857827232,24.293404123309745,0.0,-15.974185020706722,356.0,COMPLETE
1269,25.765355310152366,2026-07-22 11:50:18.381037,2026-07-22 11:54:04.204390,0 days 00:03:45.823353,10,1.5,62.0,32.0,5,0.0,0.001,11,2.8,7,0.0,-69.82311418402217,-73.60936909152099,-11.55785293041092,25.765355310152366,0.0,-15.344107837909812,374.0,COMPLETE
1270,25.765355310152366,2026-07-22 11:51:17.144167,2026-07-22 11:55:06.498248,0 days 00:03:49.354081,10,1.5,62.0,32.0,5,0.0,0.001,11,2.8,7,0.0,-69.82311418402217,-73.60936909152099,-11.55785293041092,25.765355310152366,0.0,-15.344107837909812,374.0,COMPLETE
1271,30.03713842778518,2026-07-22 11:51:26.455648,2026-07-22 11:55:15.962011,0 days 00:03:49.506363,10,1.5,62.0,31.0,5,0.1,0.001,11,2.8,6,0.0,-94.04859131142172,-61.27478700801345,-25.48483846725252,30.03713842778518,0.0,7.288965836155748,428.0,COMPLETE
1272,30.03713842778518,2026-07-22 11:52:08.150443,2026-07-22 11:55:59.247304,0 days 00:03:51.096861,10,1.5,62.0,31.0,5,0.1,0.001,11,2.8,6,0.0,-94.04859131142172,-61.27478700801345,-25.48483846725252,30.03713842778518,0.0,7.288965836155748,428.0,COMPLETE
1273,21.502234690229603,2026-07-22 11:52:08.566863,2026-07-22 11:55:50.553335,0 days 00:03:41.986472,10,1.9,61.0,31.0,5,0.1,0.001,11,2.8,6,0.0,-63.433306449242664,-36.19609270780891,-38.344789041613325,21.502234690229603,0.0,-11.107575300179581,314.0,COMPLETE
1274,30.03713842778518,2026-07-22 11:52:29.166161,2026-07-22 11:56:19.852405,0 days 00:03:50.686244,10,1.5,61.0,31.0,5,0.1,0.001,11,2.8,6,0.0,-94.04859131142172,-61.27478700801345,-25.48483846725252,30.03713842778518,0.0,7.288965836155748,428.0,COMPLETE
1275,17.476835219500003,2026-07-22 11:52:38.450217,2026-07-22 11:56:17.374623,0 days 00:03:38.924406,11,1.5,78.0,31.0,17,0.1,0.001,10,2.8,6,0.0,-20.12954099543086,-20.617788994576983,-21.603243117947933,17.476835219500003,0.0,-22.09149111709407,247.0,COMPLETE
1276,29.284153830255786,2026-07-22 11:52:48.522121,2026-07-22 11:56:33.717141,0 days 00:03:45.195020,11,1.5,61.0,31.0,5,0.1,0.001,10,2.8,6,0.0,-83.59314456715414,-53.772310480452326,-28.596492364909636,29.284153830255786,0.0,1.2243417217922077,417.0,COMPLETE
1277,29.284153830255786,2026-07-22 11:53:53.556388,2026-07-22 11:57:45.885167,0 days 00:03:52.328779,11,1.5,61.0,31.0,5,0.1,0.001,10,2.8,6,0.0,-83.59314456715414,-53.772310480452326,-28.596492364909636,29.284153830255786,0.0,1.2243417217922077,417.0,COMPLETE
1278,29.284153830255786,2026-07-22 11:53:58.647617,2026-07-22 11:57:49.621752,0 days 00:03:50.974135,11,1.5,61.0,31.0,5,0.1,0.001,10,2.7,6,0.0,-83.59314456715414,-53.772310480452326,-28.596492364909636,29.284153830255786,0.0,1.2243417217922077,417.0,COMPLETE
1279,21.528106489105024,2026-07-22 11:54:04.259801,2026-07-22 11:57:44.731249,0 days 00:03:40.471448,11,1.5,61.0,31.0,5,0.1,0.004,10,2.7,6,0.0,-44.36330428829666,-36.30029030737045,-28.288324832805266,21.528106489105024,0.0,-20.225310851879076,311.0,COMPLETE
1280,11.104317553557472,2026-07-22 11:55:06.567579,2026-07-22 11:58:43.551529,0 days 00:03:36.983950,11,3.0,78.0,31.0,5,0.1,0.001,10,2.7,6,0.0,0.0,-12.412443792783199,-11.57935438376338,11.104317553557472,0.0,-23.991798176546578,161.0,COMPLETE
1281,27.142413941685277,2026-07-22 11:55:16.020318,2026-07-22 11:59:03.542458,0 days 00:03:47.522140,11,1.5,78.0,31.0,5,0.1,0.001,10,2.7,6,0.0,-71.6363251637996,-44.04844769974856,-35.75339212035154,27.142413941685277,0.0,-8.165514656300473,389.0,COMPLETE
1282,29.284153830255786,2026-07-22 11:55:50.613437,2026-07-22 11:59:44.594897,0 days 00:03:53.981460,11,1.5,61.0,31.0,5,0.1,0.001,10,2.7,6,0.0,-83.59314456715414,-53.772310480452326,-28.596492364909636,29.284153830255786,0.0,1.2243417217922077,417.0,COMPLETE
1283,29.66413302715326,2026-07-22 11:55:59.318227,2026-07-22 11:59:51.396554,0 days 00:03:52.078327,11,1.5,61.0,31.0,5,0.1,0.001,10,2.7,5,0.0,-92.38309206312631,-52.64317660182622,-35.432883549693926,29.66413302715326,0.0,4.307031911606114,425.0,COMPLETE
1284,29.66413302715326,2026-07-22 11:56:17.432989,2026-07-22 12:00:09.727436,0 days 00:03:52.294447,11,1.5,61.0,31.0,5,0.1,0.001,10,2.7,5,0.0,-92.38309206312631,-52.64317660182622,-35.432883549693926,29.66413302715326,0.0,4.307031911606114,425.0,COMPLETE
1285,25.777326900289626,2026-07-22 11:56:19.909256,2026-07-22 12:00:10.117167,0 days 00:03:50.207911,11,1.5,61.0,31.0,5,0.1,0.001,10,2.7,13,0.0,-88.97757085446965,-67.34578244204415,-34.60050900083246,25.777326900289626,0.0,-12.968720588406917,383.0,COMPLETE
1286,29.31163026243111,2026-07-22 11:56:33.771684,2026-07-22 12:00:19.288232,0 days 00:03:45.516548,12,1.5,73.0,31.0,5,0.1,0.001,10,2.7,5,0.0,-110.12341904406249,-67.30033994010833,-46.78516123665992,29.31163026243111,0.0,-3.9620821327058175,433.0,COMPLETE
1287,29.859028711652762,2026-07-22 11:57:44.782014,2026-07-22 12:01:33.872889,0 days 00:03:49.090875,12,1.5,61.0,31.0,5,0.2,0.001,10,2.7,5,0.0,-117.39877284030852,-81.01132287707527,-36.251725382043304,29.859028711652762,0.0,0.13572458118988395,443.0,COMPLETE
1288,29.932331134394268,2026-07-22 11:57:45.941719,2026-07-22 12:01:38.275230,0 days 00:03:52.333511,12,1.5,61.0,32.0,5,0.2,0.001,12,2.7,5,0.0,-112.41722916878207,-81.01132287707527,-33.80803637604704,29.932331134394268,0.0,-2.4021300843402944,443.0,COMPLETE
1289,29.932331134394268,2026-07-22 11:57:49.675034,2026-07-22 12:01:40.298674,0 days 00:03:50.623640,12,1.5,61.0,32.0,5,0.2,0.001,12,2.7,5,0.0,-112.41722916878207,-81.01132287707527,-33.80803637604704,29.932331134394268,0.0,-2.4021300843402944,443.0,COMPLETE
1290,25.26661979877569,2026-07-22 11:58:43.611716,2026-07-22 12:02:32.379984,0 days 00:03:48.768268,12,1.5,61.0,23.0,5,1.1,0.001,12,2.7,5,0.0,-79.55722866700616,-70.64458525507256,-19.798158624795587,25.26661979877569,0.0,-10.885515212862053,370.0,COMPLETE
1291,30.162725106204142,2026-07-22 11:59:03.593901,2026-07-22 12:02:54.672271,0 days 00:03:51.078370,10,1.5,61.0,32.0,5,0.2,0.001,12,2.7,5,0.0,-107.87878810356614,-68.28544963397337,-27.742739478302603,30.162725106204142,0.0,11.850598991290175,435.0,COMPLETE
1292,29.932331134394268,2026-07-22 11:59:44.654341,2026-07-22 12:03:37.630173,0 days 00:03:52.975832,12,1.5,61.0,32.0,5,0.2,0.001,12,2.7,5,0.0,-112.41722916878207,-81.01132287707527,-33.80803637604704,29.932331134394268,0.0,-2.4021300843402944,443.0,COMPLETE
1293,14.024728325552339,2026-07-22 11:59:51.466193,2026-07-22 12:03:31.019771,0 days 00:03:39.553578,12,2.5,61.0,32.0,5,0.2,0.001,12,2.7,5,0.0,-24.632058896432877,-10.783734820679879,-24.235145821356372,14.024728325552339,0.0,-10.386821745603376,202.0,COMPLETE
1294,29.932331134394268,2026-07-22 12:00:09.784101,2026-07-22 12:04:02.949087,0 days 00:03:53.164986,12,1.5,61.0,32.0,5,0.2,0.001,12,2.7,5,0.0,-112.41722916878207,-81.01132287707527,-33.80803637604704,29.932331134394268,0.0,-2.4021300843402944,443.0,COMPLETE
1295,29.932331134394268,2026-07-22 12:00:10.188803,2026-07-22 12:04:02.492788,0 days 00:03:52.303985,12,1.5,61.0,32.0,5,0.2,0.001,12,2.5,5,0.0,-112.41722916878207,-81.01132287707527,-33.80803637604704,29.932331134394268,0.0,-2.4021300843402944,443.0,COMPLETE
1296,30.162725106204142,2026-07-22 12:00:19.339550,2026-07-22 12:04:04.135660,0 days 00:03:44.796110,10,1.5,61.0,32.0,5,0.2,0.001,12,2.5,5,0.0,-107.87878810356614,-68.28544963397337,-27.742739478302603,30.162725106204142,0.0,11.850598991290175,435.0,COMPLETE
1297,13.625970523727005,2026-07-22 12:01:33.943506,2026-07-22 12:05:07.566963,0 days 00:03:33.623457,10,2.4,61.0,32.0,5,0.2,0.001,12,2.8,5,0.0,-9.173264918083753,-11.920283512843532,-19.36619499998398,13.625970523727005,0.0,-22.113213594743737,196.0,COMPLETE
1298,30.162725106204142,2026-07-22 12:01:38.333052,2026-07-22 12:05:28.597964,0 days 00:03:50.264912,10,1.5,61.0,32.0,5,0.2,0.001,12,2.8,5,0.0,-107.87878810356614,-68.28544963397337,-27.742739478302603,30.162725106204142,0.0,11.850598991290175,435.0,COMPLETE
1299,25.49811439570768,2026-07-22 12:01:40.354247,2026-07-22 12:05:30.028747,0 days 00:03:49.674500,10,1.5,61.0,33.0,6,0.2,0.001,12,2.8,14,0.0,-115.46050959022185,-90.55573627259132,-31.095743520508158,25.49811439570768,0.0,-6.190970202877598,390.0,COMPLETE
1300,29.65052777546759,2026-07-22 12:02:32.436932,2026-07-22 12:06:24.549453,0 days 00:03:52.112521,10,1.5,60.0,32.0,6,0.2,0.001,12,2.6,5,0.0,-106.21255665152827,-64.67916792212037,-32.8357816785759,29.65052777546759,0.0,8.69760705083204,429.0,COMPLETE
1301,26.614926477662763,2026-07-22 12:02:54.732736,2026-07-22 12:06:43.077732,0 days 00:03:48.344996,10,1.5,60.0,33.0,6,1.2000000000000002,0.001,11,2.8,5,0.0,-86.81545292782306,-72.46757668867374,-23.746173407511943,26.614926477662763,0.0,-9.398297168362733,391.0,COMPLETE
1302,29.76654076447822,2026-07-22 12:03:31.088210,2026-07-22 12:07:22.098366,0 days 00:03:51.010156,10,1.5,60.0,33.0,6,0.2,0.001,11,2.6,5,0.0,-113.09369964322315,-68.28544963397337,-36.11064295841777,29.76654076447822,0.0,8.69760705083204,434.0,COMPLETE
1303,28.936690476316844,2026-07-22 12:03:37.689572,2026-07-22 12:07:28.280718,0 days 00:03:50.591146,10,1.6,60.0,33.0,6,0.2,0.001,11,2.6,5,0.0,-81.42171970692773,-51.154122662616295,-21.58924584269123,28.936690476316844,0.0,8.678351201620234,407.0,COMPLETE
1304,28.715708155795795,2026-07-22 12:04:02.546132,2026-07-22 12:07:50.809179,0 days 00:03:48.263047,10,1.6,60.0,33.0,7,0.1,0.001,11,2.8,5,0.0,-70.5286800909626,-42.69204105967513,-19.9778226778462,28.715708155795795,0.0,7.858816353441278,399.0,COMPLETE
1305,26.357145521887965,2026-07-22 12:04:03.009169,2026-07-22 12:07:50.951526,0 days 00:03:47.942357,10,1.6,60.0,26.0,6,0.1,0.001,11,2.8,6,0.0,-79.42348600376971,-52.29803170030065,-23.395836335241714,26.357145521887965,0.0,3.7296179682273163,375.0,COMPLETE
1306,28.34022649001629,2026-07-22 12:04:04.194889,2026-07-22 12:07:46.462964,0 days 00:03:42.268075,10,1.6,62.0,33.0,6,0.1,0.001,11,2.6,6,0.0,-79.42918831096476,-48.864411052895385,-23.265208967895607,28.34022649001629,0.0,7.299568290173813,399.0,COMPLETE
1307,28.47444305602667,2026-07-22 12:05:07.636951,2026-07-22 12:08:54.266245,0 days 00:03:46.629294,10,1.6,60.0,33.0,6,0.1,0.001,11,2.6,6,0.0,-78.29849366349067,-46.47085350459535,-24.528071868721558,28.47444305602667,0.0,7.299568290173813,400.0,COMPLETE
1308,21.514260965413644,2026-07-22 12:05:28.651484,2026-07-22 12:09:12.647977,0 days 00:03:43.996493,10,1.6,62.0,33.0,6,1.6,0.001,11,2.6,6,0.0,-53.14226345293371,-61.11473574885544,-12.735248634723137,21.514260965413644,0.0,-20.70772093064493,314.0,COMPLETE
1309,28.34022649001629,2026-07-22 12:05:30.086760,2026-07-22 12:09:19.962270,0 days 00:03:49.875510,10,1.6,62.0,33.0,6,0.1,0.001,11,2.6,6,0.0,-79.42918831096476,-48.864411052895385,-23.265208967895607,28.34022649001629,0.0,7.299568290173813,399.0,COMPLETE
1310,28.34022649001629,2026-07-22 12:06:24.620329,2026-07-22 12:10:13.746073,0 days 00:03:49.125744,10,1.6,62.0,33.0,6,0.1,0.001,11,2.6,6,0.0,-79.42918831096476,-48.864411052895385,-23.265208967895607,28.34022649001629,0.0,7.299568290173813,399.0,COMPLETE
1311,28.34022649001629,2026-07-22 12:06:43.133079,2026-07-22 12:10:30.289398,0 days 00:03:47.156319,10,1.6,62.0,33.0,6,0.1,0.001,11,2.6,6,0.0,-79.42918831096476,-48.864411052895385,-23.265208967895607,28.34022649001629,0.0,7.299568290173813,399.0,COMPLETE
1312,27.555518943567435,2026-07-22 12:07:22.158138,2026-07-22 12:11:12.719658,0 days 00:03:50.561520,11,1.6,62.0,33.0,5,0.1,0.001,10,2.8,6,0.0,-82.34726668591429,-62.72841442730555,-22.713806129455605,27.555518943567435,0.0,-3.0949538708467843,397.0,COMPLETE
1313,15.2835571925756,2026-07-22 12:07:28.348699,2026-07-22 12:11:08.755825,0 days 00:03:40.407126,11,1.6,62.0,31.0,5,0.1,0.006,10,2.8,6,0.0,-16.922778650134624,-29.371347059739584,-18.94774725167038,15.2835571925756,0.0,-31.396315661275327,223.0,COMPLETE
1314,11.342762468928518,2026-07-22 12:07:46.517632,2026-07-22 12:11:17.471365,0 days 00:03:30.953733,11,2.7,62.0,31.0,5,0.1,0.001,10,2.8,6,0.0,-4.191098326934945,-14.550805280095123,-13.632091223386396,11.342762468928518,0.0,-23.991798176546578,165.0,COMPLETE
1315,27.614643006347737,2026-07-22 12:07:50.900397,2026-07-22 12:11:40.161782,0 days 00:03:49.261385,11,1.6,62.0,31.0,5,0.1,0.001,10,2.8,6,0.0,-83.93075863004613,-62.17840565695895,-24.23986218633491,27.614643006347737,0.0,-2.4875092132476633,398.0,COMPLETE
1316,29.284912202227822,2026-07-22 12:07:51.012293,2026-07-22 12:11:41.301721,0 days 00:03:50.289428,11,1.5,62.0,31.0,5,0.1,0.001,10,2.8,6,0.0,-83.55938185523159,-53.73854776852979,-28.596492364909636,29.284912202227822,0.0,1.2243417217922077,417.0,COMPLETE
1317,29.284912202227822,2026-07-22 12:08:54.328329,2026-07-22 12:12:43.387186,0 days 00:03:49.058857,11,1.5,62.0,31.0,5,0.1,0.001,10,2.8,6,0.0,-83.55938185523159,-53.73854776852979,-28.596492364909636,29.284912202227822,0.0,1.2243417217922077,417.0,COMPLETE
1318,29.284912202227822,2026-07-22 12:09:12.705333,2026-07-22 12:13:04.749347,0 days 00:03:52.044014,11,1.5,62.0,31.0,5,0.1,0.001,10,2.8,6,0.0,-83.55938185523159,-53.73854776852979,-28.596492364909636,29.284912202227822,0.0,1.2243417217922077,417.0,COMPLETE
1319,29.284912202227822,2026-07-22 12:09:20.016026,2026-07-22 12:13:10.783896,0 days 00:03:50.767870,11,1.5,62.0,31.0,5,0.1,0.001,10,2.8,6,0.0,-83.55938185523159,-53.73854776852979,-28.596492364909636,29.284912202227822,0.0,1.2243417217922077,417.0,COMPLETE
1320,25.787684331685828,2026-07-22 12:10:13.799259,2026-07-22 12:14:02.348201,0 days 00:03:48.548942,11,1.5,62.0,31.0,5,0.0,0.001,10,2.8,6,0.0,-56.33674174234894,-57.005573472873905,-11.188962220550222,25.787684331685828,0.0,-11.85779395107522,366.0,COMPLETE
1321,25.787684331685828,2026-07-22 12:10:30.342871,2026-07-22 12:14:16.076826,0 days 00:03:45.733955,11,1.5,62.0,31.0,5,0.0,0.001,10,2.8,6,0.0,-56.33674174234894,-57.005573472873905,-11.188962220550222,25.787684331685828,0.0,-11.85779395107522,366.0,COMPLETE
1322,26.046076469525424,2026-07-22 12:11:08.809564,2026-07-22 12:14:58.320544,0 days 00:03:49.510980,11,1.5,61.0,32.0,5,0.0,0.001,10,2.8,5,0.0,-64.46069451985728,-54.145356022534955,-16.65058780268823,26.046076469525424,0.0,-6.33524930536591,372.0,COMPLETE
1323,26.081120657332637,2026-07-22 12:11:12.781586,2026-07-22 12:15:02.565842,0 days 00:03:49.784256,11,1.5,61.0,31.0,5,0.0,0.001,10,2.8,5,0.0,-65.85112376625828,-54.145356022534955,-18.59219366659078,26.081120657332637,0.0,-6.886425922867449,373.0,COMPLETE
1324,26.081120657332637,2026-07-22 12:11:17.523327,2026-07-22 12:15:00.783606,0 days 00:03:43.260279,11,1.5,61.0,31.0,5,0.0,0.001,10,2.8,5,0.0,-65.85112376625828,-54.145356022534955,-18.59219366659078,26.081120657332637,0.0,-6.886425922867449,373.0,COMPLETE
1325,9.420277702516838,2026-07-22 12:11:40.223136,2026-07-22 12:15:16.537520,0 days 00:03:36.314384,11,1.5,61.0,32.0,5,0.0,0.01,10,2.8,8,0.0,-9.88971950283338,-26.400016370754884,-14.137294508664057,9.420277702516838,0.0,-30.647591376585535,146.0,COMPLETE
1326,12.795509502288734,2026-07-22 12:11:41.372199,2026-07-22 12:15:18.856077,0 days 00:03:37.483878,11,1.5,61.0,32.0,5,0.0,0.01,10,2.8,5,0.0,-9.88971950283338,-20.344844307661432,-8.97188305304768,12.795509502288734,0.0,-19.42700785787571,184.0,COMPLETE
1327,26.046076469525424,2026-07-22 12:12:43.447643,2026-07-22 12:16:30.245639,0 days 00:03:46.797996,11,1.5,61.0,32.0,5,0.0,0.001,10,2.8,5,0.0,-64.46069451985728,-54.145356022534955,-16.65058780268823,26.046076469525424,0.0,-6.33524930536591,372.0,COMPLETE
1328,19.15136958381716,2026-07-22 12:13:04.819986,2026-07-22 12:16:45.098963,0 days 00:03:40.278977,11,1.5,61.0,32.0,5,0.9,0.005,10,2.7,5,0.0,-34.712180986154785,-30.15519042805331,-28.58184824605182,19.15136958381716,0.0,-24.02485768795034,278.0,COMPLETE
1329,24.964564057223267,2026-07-22 12:13:10.837126,2026-07-22 12:16:59.362687,0 days 00:03:48.525561,10,1.5,61.0,32.0,5,0.0,0.001,10,2.7,8,0.0,-70.4434985731791,-78.37216872361802,-8.687086054999167,24.964564057223267,0.0,-16.615756205438146,365.0,COMPLETE
1330,12.54328353707162,2026-07-22 12:14:02.418523,2026-07-22 12:17:40.823506,0 days 00:03:38.404983,10,1.5,61.0,32.0,5,0.0,0.01,13,2.7,5,0.0,-11.90390412422865,-21.247173622941766,-13.244871058706561,12.54328353707162,0.0,-22.58814055741964,183.0,COMPLETE
1331,26.59682281246203,2026-07-22 12:14:16.147539,2026-07-22 12:18:06.361435,0 days 00:03:50.213896,10,1.5,61.0,32.0,5,0.0,0.001,13,2.7,5,0.0,-75.47219958632157,-67.14312800730077,-20.308456696600704,26.59682281246203,0.0,-11.979385117579998,386.0,COMPLETE
1332,29.71413206333715,2026-07-22 12:14:58.390297,2026-07-22 12:18:49.655244,0 days 00:03:51.264947,10,1.5,61.0,32.0,5,0.9,0.001,13,2.7,5,0.0,-102.75326528789144,-62.14221154172556,-30.376410875383748,29.71413206333715,0.0,10.234642870782121,428.0,COMPLETE
1333,14.116866286994648,2026-07-22 12:15:00.854427,2026-07-22 12:18:33.861590,0 days 00:03:33.007163,10,1.8,61.0,32.0,5,0.0,0.007,13,2.7,5,0.0,-8.038840131461214,-17.759610851905975,-11.44201631423159,14.116866286994648,0.0,-21.16278703467633,201.0,COMPLETE
1334,30.162725106204142,2026-07-22 12:15:02.626639,2026-07-22 12:18:54.929760,0 days 00:03:52.303121,10,1.5,61.0,32.0,5,0.2,0.001,13,2.7,5,0.0,-107.87878810356614,-68.28544963397337,-27.742739478302603,30.162725106204142,0.0,11.850598991290175,435.0,COMPLETE
1335,30.162725106204142,2026-07-22 12:15:16.593413,2026-07-22 12:19:07.488321,0 days 00:03:50.894908,10,1.5,61.0,32.0,5,0.2,0.001,13,2.7,5,0.0,-107.87878810356614,-68.28544963397337,-27.742739478302603,30.162725106204142,0.0,11.850598991290175,435.0,COMPLETE
1336,30.162725106204142,2026-07-22 12:15:18.916801,2026-07-22 12:19:10.695059,0 days 00:03:51.778258,10,1.5,61.0,32.0,5,0.2,0.001,11,2.7,5,0.0,-107.87878810356614,-68.28544963397337,-27.742739478302603,30.162725106204142,0.0,11.850598991290175,435.0,COMPLETE
1337,30.162725106204142,2026-07-22 12:16:30.303654,2026-07-22 12:20:17.891845,0 days 00:03:47.588191,10,1.5,61.0,32.0,5,0.2,0.001,13,2.7,5,0.0,-107.87878810356614,-68.28544963397337,-27.742739478302603,30.162725106204142,0.0,11.850598991290175,435.0,COMPLETE
1338,18.923062192756223,2026-07-22 12:16:45.157919,2026-07-22 12:20:28.374600,0 days 00:03:43.216681,10,1.5,60.0,32.0,19,1.3,0.001,13,2.7,5,0.0,-50.6603150246874,-45.131823421044565,-18.67404228803143,18.923062192756223,0.0,-13.14555068438859,276.0,COMPLETE
1339,30.162725106204142,2026-07-22 12:16:59.438592,2026-07-22 12:20:49.813948,0 days 00:03:50.375356,10,1.5,60.0,32.0,5,0.2,0.001,11,2.7,5,0.0,-107.87878810356614,-68.28544963397337,-27.742739478302603,30.162725106204142,0.0,11.850598991290175,435.0,COMPLETE
1340,30.162725106204142,2026-07-22 12:17:40.891266,2026-07-22 12:21:31.461117,0 days 00:03:50.569851,10,1.5,60.0,32.0,5,0.2,0.001,11,2.7,5,0.0,-107.87878810356614,-68.28544963397337,-27.742739478302603,30.162725106204142,0.0,11.850598991290175,435.0,COMPLETE
1341,30.162725106204142,2026-07-22 12:18:06.417492,2026-07-22 12:21:57.362704,0 days 00:03:50.945212,10,1.5,60.0,32.0,5,0.2,0.001,11,2.7,5,0.0,-107.87878810356614,-68.28544963397337,-27.742739478302603,30.162725106204142,0.0,11.850598991290175,435.0,COMPLETE
1342,30.162725106204142,2026-07-22 12:18:33.913469,2026-07-22 12:22:19.301930,0 days 00:03:45.388461,10,1.5,60.0,32.0,5,0.2,0.001,11,2.7,5,0.0,-107.87878810356614,-68.28544963397337,-27.742739478302603,30.162725106204142,0.0,11.850598991290175,435.0,COMPLETE
1343,30.1272903555828,2026-07-22 12:18:49.720739,2026-07-22 12:22:41.393423,0 days 00:03:51.672684,10,1.5,60.0,31.0,5,0.2,0.001,11,2.7,5,0.0,-110.07464444350353,-68.28544963397337,-31.270353447217573,30.1272903555828,0.0,10.51884136231263,436.0,COMPLETE
1344,25.865567911829547,2026-07-22 12:18:54.991474,2026-07-22 12:22:46.253187,0 days 00:03:51.261713,10,1.5,60.0,31.0,5,0.1,0.001,11,2.7,17,0.0,-102.91603571969358,-76.65745189268246,-28.169243084988185,25.865567911829547,0.0,-1.9106592579770307,386.0,COMPLETE
1345,30.382589501971108,2026-07-22 12:19:07.651060,2026-07-22 12:22:59.122654,0 days 00:03:51.471594,10,1.5,60.0,31.0,5,0.1,0.001,11,2.5,5,0.0,-102.27325450845763,-59.99556476989329,-31.758848376251734,30.382589501971108,0.0,10.51884136231263,435.0,COMPLETE
1346,23.43122447717739,2026-07-22 12:19:10.748917,2026-07-22 12:22:56.218037,0 days 00:03:45.469120,10,1.7,60.0,31.0,5,0.1,0.002,11,2.8,6,0.0,-68.29168614508283,-37.98648904485255,-40.0412828614602,23.43122447717739,0.0,-9.73608576122994,341.0,COMPLETE
1347,26.488193205657183,2026-07-22 12:20:17.962406,2026-07-22 12:24:09.365875,0 days 00:03:51.403469,10,1.5,60.0,31.0,5,0.1,0.001,11,2.5,11,0.0,-98.63145130066113,-78.7846776744007,-28.89440951719057,26.488193205657183,0.0,-9.047635890930083,395.0,COMPLETE
1348,24.196955056564832,2026-07-22 12:20:28.429162,2026-07-22 12:24:20.485792,0 days 00:03:52.056630,10,1.5,60.0,31.0,11,0.1,0.001,11,2.5,6,0.0,-77.82821923663427,-52.05324373453791,-22.750387265120015,24.196955056564832,0.0,3.024588236976336,348.0,COMPLETE
1349,23.066702238139584,2026-07-22 12:20:49.873591,2026-07-22 12:24:41.528101,0 days 00:03:51.654510,10,1.5,60.0,31.0,5,0.1,0.002,11,2.8,11,0.0,-108.40279353572052,-76.457020062273,-43.045120628833985,23.066702238139584,0.0,-11.09934715538651,358.0,COMPLETE
1350,22.768688582548258,2026-07-22 12:21:31.529147,2026-07-22 12:25:23.013926,0 days 00:03:51.484779,10,1.5,60.0,31.0,6,0.1,0.002,11,2.5,11,0.0,-104.6747799727346,-72.98714581565223,-42.065270176168426,22.768688582548258,0.0,-10.377636019086092,352.0,COMPLETE
1351,25.941640906753534,2026-07-22 12:21:57.418086,2026-07-22 12:25:49.795002,0 days 00:03:52.376916,10,1.5,60.0,31.0,6,0.1,0.002,11,2.8,6,0.0,-98.01901366238258,-54.047700585798836,-41.821714987060936,25.941640906753534,0.0,2.1495980895227538,382.0,COMPLETE
1352,18.70938612021255,2026-07-22 12:22:19.364206,2026-07-22 12:26:03.396691,0 days 00:03:44.032485,35,1.5,62.0,31.0,6,1.7000000000000002,0.002,11,2.8,6,0.0,-21.941187675061876,-43.63946859128663,-9.788001651570253,18.70938612021255,0.0,-31.486282567794984,268.0,COMPLETE
1353,18.295411399340864,2026-07-22 12:22:41.460443,2026-07-22 12:26:27.176102,0 days 00:03:45.715659,11,1.6,62.0,31.0,17,0.1,0.002,11,2.4,6,0.0,-56.59012244889829,-52.17431595564323,-23.76771981095826,18.295411399340864,0.0,-19.351913317703193,274.0,COMPLETE
1354,24.655041391393723,2026-07-22 12:22:46.310289,2026-07-22 12:26:38.314069,0 days 00:03:52.003780,11,1.6,62.0,31.0,6,0.1,0.002,10,2.5,6,0.0,-85.17190572292284,-62.923680103813076,-24.679732040026707,24.655041391393723,0.0,-2.4315064209169526,363.0,COMPLETE
1355,24.655041391393723,2026-07-22 12:22:56.276566,2026-07-22 12:26:47.430251,0 days 00:03:51.153685,11,1.6,62.0,31.0,6,0.1,0.002,10,2.5,6,0.0,-85.17190572292284,-62.923680103813076,-24.679732040026707,24.655041391393723,0.0,-2.4315064209169526,363.0,COMPLETE
1356,25.431502153653717,2026-07-22 12:22:59.178851,2026-07-22 12:26:49.559912,0 days 00:03:50.381061,11,1.6,60.0,31.0,6,0.1,0.002,10,2.4,5,0.0,-79.40728587029776,-58.585052393158826,-20.070972528632012,25.431502153653717,0.0,0.7512609485068826,369.0,COMPLETE
1357,25.431502153653717,2026-07-22 12:24:09.424650,2026-07-22 12:27:53.189224,0 days 00:03:43.764574,11,1.6,60.0,31.0,6,0.1,0.002,10,2.8,5,0.0,-79.40728587029776,-58.585052393158826,-20.070972528632012,25.431502153653717,0.0,0.7512609485068826,369.0,COMPLETE
1358,25.431502153653717,2026-07-22 12:24:20.555964,2026-07-22 12:28:07.768863,0 days 00:03:47.212899,11,1.6,60.0,31.0,6,0.1,0.002,10,2.5,5,0.0,-79.40728587029776,-58.585052393158826,-20.070972528632012,25.431502153653717,0.0,0.7512609485068826,369.0,COMPLETE
1359,27.851155811247747,2026-07-22 12:24:41.593310,2026-07-22 12:28:31.470512,0 days 00:03:49.877202,11,1.6,60.0,31.0,6,0.1,0.001,10,2.8,5,0.0,-88.12521812476128,-59.72163255439929,-28.302707109128434,27.851155811247747,0.0,0.10087846123358468,402.0,COMPLETE
1360,24.447037039549098,2026-07-22 12:25:23.070967,2026-07-22 12:29:09.547707,0 days 00:03:46.476740,11,1.6,60.0,21.0,6,0.1,0.001,10,2.8,5,0.0,-86.9715879099178,-59.91462879736119,-28.083436160979268,24.447037039549098,0.0,-1.0264770484226255,358.0,COMPLETE
1361,26.545816619106816,2026-07-22 12:25:49.853198,2026-07-22 12:29:43.435292,0 days 00:03:53.582094,27,1.6,60.0,31.0,6,0.1,0.001,10,2.5,5,0.0,-132.9154895009992,-95.49873208115878,-45.61294382508851,26.545816619106816,0.0,-8.196186405247975,412.0,COMPLETE
1362,27.953498122349348,2026-07-22 12:26:03.456934,2026-07-22 12:29:47.432224,0 days 00:03:43.975290,11,1.6,60.0,31.0,5,0.1,0.001,10,2.5,5,0.0,-93.32838316447969,-62.231027732124566,-31.120668640009292,27.953498122349348,0.0,-0.02331320765412559,406.0,COMPLETE
1363,24.51879107945606,2026-07-22 12:26:27.233380,2026-07-22 12:30:15.833785,0 days 00:03:48.600405,13,1.6,60.0,21.0,6,0.1,0.001,10,2.5,5,0.0,-84.88123326115252,-64.8554832767653,-21.45065153405966,24.51879107945606,0.0,-1.424901549672423,358.0,COMPLETE
1364,27.953498122349348,2026-07-22 12:26:38.384821,2026-07-22 12:30:28.604632,0 days 00:03:50.219811,11,1.6,60.0,31.0,5,0.1,0.001,10,2.5,5,0.0,-93.32838316447969,-62.231027732124566,-31.120668640009292,27.953498122349348,0.0,-0.02331320765412559,406.0,COMPLETE
1365,29.826116950709384,2026-07-22 12:26:47.489357,2026-07-22 12:30:40.944550,0 days 00:03:53.455193,12,1.5,60.0,31.0,5,0.1,0.001,10,2.4,5,0.0,-111.272384544812,-73.77670384302628,-36.740220311077465,29.826116950709384,0.0,0.7554603907082083,439.0,COMPLETE
1366,29.826116950709384,2026-07-22 12:26:49.616018,2026-07-22 12:30:41.646520,0 days 00:03:52.030502,12,1.5,60.0,31.0,5,0.1,0.001,10,2.4,5,0.0,-111.272384544812,-73.77670384302628,-36.740220311077465,29.826116950709384,0.0,0.7554603907082083,439.0,COMPLETE
1367,29.826116950709384,2026-07-22 12:27:53.249156,2026-07-22 12:31:41.163937,0 days 00:03:47.914781,12,1.5,60.0,31.0,5,0.1,0.001,10,2.8,5,0.0,-111.272384544812,-73.77670384302628,-36.740220311077465,29.826116950709384,0.0,0.7554603907082083,439.0,COMPLETE
1368,29.839212056082363,2026-07-22 12:28:07.838623,2026-07-22 12:32:00.101468,0 days 00:03:52.262845,12,1.5,61.0,30.0,5,0.2,0.001,10,2.8,5,0.0,-115.84400332103509,-80.104652550572,-35.681356494877264,29.839212056082363,0.0,0.057994275585766975,442.0,COMPLETE
1369,29.839212056082363,2026-07-22 12:28:31.539206,2026-07-22 12:32:25.206443,0 days 00:03:53.667237,12,1.5,61.0,30.0,5,0.2,0.001,10,2.8,5,0.0,-115.84400332103509,-80.104652550572,-35.681356494877264,29.839212056082363,0.0,0.057994275585766975,442.0,COMPLETE
1370,27.346761279582072,2026-07-22 12:29:09.605674,2026-07-22 12:33:11.278062,0 days 00:04:01.672388,26,1.5,61.0,30.0,5,0.2,0.001,10,2.4,5,0.0,-119.628974093975,-92.79300998870244,-37.03549764399586,27.346761279582072,0.0,-10.199533538723282,416.0,COMPLETE
1371,29.839212056082363,2026-07-22 12:29:43.491212,2026-07-22 12:33:37.096725,0 days 00:03:53.605513,12,1.5,61.0,30.0,5,0.2,0.001,10,2.8,5,0.0,-115.84400332103509,-80.104652550572,-35.681356494877264,29.839212056082363,0.0,0.057994275585766975,442.0,COMPLETE
1372,29.053801816422112,2026-07-22 12:29:47.479448,2026-07-22 12:33:31.903521,0 days 00:03:44.424073,12,1.5,74.0,30.0,5,0.2,0.001,10,2.8,5,0.0,-108.29097069908092,-69.75404896182953,-45.1394757260521,29.053801816422112,0.0,-6.602553988800749,430.0,COMPLETE
1373,29.773469199437354,2026-07-22 12:30:15.899170,2026-07-22 12:34:09.822008,0 days 00:03:53.922838,12,1.5,61.0,30.0,5,0.2,0.001,11,2.4,5,0.0,-115.84400332103509,-80.104652550572,-39.782707429745486,29.773469199437354,0.0,-4.043356659282455,443.0,COMPLETE
1374,29.773469199437354,2026-07-22 12:30:28.655856,2026-07-22 12:34:23.117492,0 days 00:03:54.461636,12,1.5,61.0,30.0,5,0.2,0.001,11,2.8,5,0.0,-115.84400332103509,-80.104652550572,-39.782707429745486,29.773469199437354,0.0,-4.043356659282455,443.0,COMPLETE
1375,29.773469199437354,2026-07-22 12:30:41.008945,2026-07-22 12:34:35.943343,0 days 00:03:54.934398,12,1.5,61.0,30.0,5,0.2,0.001,11,2.8,5,0.0,-115.84400332103509,-80.104652550572,-39.782707429745486,29.773469199437354,0.0,-4.043356659282455,443.0,COMPLETE
1376,29.864166329192702,2026-07-22 12:30:41.781333,2026-07-22 12:34:32.267130,0 days 00:03:50.485797,10,1.5,61.0,30.0,5,0.2,0.001,11,2.4,5,0.0,-108.7281369454991,-67.20682124314635,-32.82370865152069,29.864166329192702,0.0,8.69760705083204,433.0,COMPLETE
1377,29.864166329192702,2026-07-22 12:31:41.227243,2026-07-22 12:35:29.640802,0 days 00:03:48.413559,10,1.5,61.0,30.0,5,0.2,0.001,11,2.8,5,0.0,-108.7281369454991,-67.20682124314635,-32.82370865152069,29.864166329192702,0.0,8.69760705083204,433.0,COMPLETE
1378,12.445180218351492,2026-07-22 12:32:00.169213,2026-07-22 12:35:37.604917,0 days 00:03:37.435704,10,2.6,61.0,30.0,5,0.2,0.001,11,2.8,5,0.0,-4.229339693722316,-14.427919861291178,-12.533765210555712,12.445180218351492,0.0,-22.732345378124553,179.0,COMPLETE
1379,29.864166329192702,2026-07-22 12:32:25.264751,2026-07-22 12:36:15.749786,0 days 00:03:50.485035,10,1.5,61.0,30.0,5,0.2,0.001,11,2.8,5,0.0,-108.7281369454991,-67.20682124314635,-32.82370865152069,29.864166329192702,0.0,8.69760705083204,433.0,COMPLETE
1380,26.406765176337565,2026-07-22 12:33:11.341273,2026-07-22 12:37:00.265330,0 days 00:03:48.924057,10,1.5,62.0,30.0,5,0.0,0.001,11,2.8,5,0.0,-73.97573867375935,-65.91714106959996,-20.417522268450245,26.406765176337565,0.0,-12.358924664290877,383.0,COMPLETE
1381,26.602692286182283,2026-07-22 12:33:31.954686,2026-07-22 12:37:14.626681,0 days 00:03:42.671995,10,1.5,62.0,32.0,5,0.0,0.001,11,2.8,5,0.0,-75.47219958632157,-67.14312800730077,-20.136819625810045,26.602692286182283,0.0,-11.807748046789335,386.0,COMPLETE
1382,26.602692286182283,2026-07-22 12:33:37.165491,2026-07-22 12:37:27.236933,0 days 00:03:50.071442,10,1.5,62.0,32.0,5,0.0,0.001,11,2.8,5,0.0,-75.47219958632157,-67.14312800730077,-20.136819625810045,26.602692286182283,0.0,-11.807748046789335,386.0,COMPLETE
1383,26.602692286182283,2026-07-22 12:34:09.884902,2026-07-22 12:37:58.852598,0 days 00:03:48.967696,10,1.5,62.0,32.0,5,0.0,0.001,11,2.8,5,0.0,-75.47219958632157,-67.14312800730077,-20.136819625810045,26.602692286182283,0.0,-11.807748046789335,386.0,COMPLETE
1384,26.602692286182283,2026-07-22 12:34:23.189109,2026-07-22 12:38:12.549337,0 days 00:03:49.360228,10,1.5,62.0,32.0,5,0.0,0.001,12,2.8,5,0.0,-75.47219958632157,-67.14312800730077,-20.136819625810045,26.602692286182283,0.0,-11.807748046789335,386.0,COMPLETE
1385,26.602692286182283,2026-07-22 12:34:32.319788,2026-07-22 12:38:21.200823,0 days 00:03:48.881035,10,1.5,62.0,32.0,5,0.0,0.001,11,2.8,5,0.0,-75.47219958632157,-67.14312800730077,-20.136819625810045,26.602692286182283,0.0,-11.807748046789335,386.0,COMPLETE
1386,26.602692286182283,2026-07-22 12:34:35.995301,2026-07-22 12:38:23.691171,0 days 00:03:47.695870,10,1.5,62.0,32.0,5,0.0,0.001,12,2.8,5,0.0,-75.47219958632157,-67.14312800730077,-20.136819625810045,26.602692286182283,0.0,-11.807748046789335,386.0,COMPLETE
1387,26.602692286182283,2026-07-22 12:35:29.711192,2026-07-22 12:39:16.153971,0 days 00:03:46.442779,10,1.5,62.0,32.0,5,0.0,0.001,12,2.8,5,0.0,-75.47219958632157,-67.14312800730077,-20.136819625810045,26.602692286182283,0.0,-11.807748046789335,386.0,COMPLETE
1388,19.914522790000653,2026-07-22 12:35:37.669236,2026-07-22 12:39:22.710615,0 days 00:03:45.041379,10,1.5,62.0,32.0,10,0.0,0.001,33,2.7,5,0.0,-71.46319483396401,-57.1545658257591,-25.461780924227977,19.914522790000653,0.0,-11.153151916023075,299.0,COMPLETE
1389,26.602692286182283,2026-07-22 12:36:15.811213,2026-07-22 12:40:05.350907,0 days 00:03:49.539694,10,1.5,62.0,32.0,5,0.0,0.001,12,2.7,5,0.0,-75.47219958632157,-67.14312800730077,-20.136819625810045,26.602692286182283,0.0,-11.807748046789335,386.0,COMPLETE
1390,26.602692286182283,2026-07-22 12:37:00.326954,2026-07-22 12:40:49.352956,0 days 00:03:49.026002,10,1.5,62.0,32.0,5,0.0,0.001,12,2.7,5,0.0,-75.47219958632157,-67.14312800730077,-20.136819625810045,26.602692286182283,0.0,-11.807748046789335,386.0,COMPLETE
1391,26.602692286182283,2026-07-22 12:37:14.686142,2026-07-22 12:40:57.292998,0 days 00:03:42.606856,10,1.5,62.0,32.0,5,0.0,0.001,12,2.7,5,0.0,-75.47219958632157,-67.14312800730077,-20.136819625810045,26.602692286182283,0.0,-11.807748046789335,386.0,COMPLETE
1392,29.349907861129125,2026-07-22 12:37:27.307722,2026-07-22 12:41:19.352552,0 days 00:03:52.044830,11,1.5,62.0,32.0,5,0.1,0.001,12,2.7,6,0.0,-81.50693612474178,-53.73854776852979,-29.510464397323197,29.349907861129125,0.0,-1.7420760411111547,419.0,COMPLETE
1393,22.01332701652666,2026-07-22 12:37:58.911224,2026-07-22 12:41:45.134646,0 days 00:03:46.223422,11,1.9,62.0,32.0,5,0.1,0.001,12,2.7,6,0.0,-73.75900399637611,-37.743505454323895,-48.28142336866098,22.01332701652666,0.0,-12.265924826608751,327.0,COMPLETE
1394,29.21268283703849,2026-07-22 12:38:12.615406,2026-07-22 12:42:05.366705,0 days 00:03:52.751299,11,1.5,62.0,31.0,5,0.1,0.001,12,2.7,6,0.0,-83.55938185523159,-53.73854776852979,-32.69784329977784,29.21268283703849,0.0,-2.877009213076011,418.0,COMPLETE
1395,29.211920898831348,2026-07-22 12:38:21.340316,2026-07-22 12:42:12.296770,0 days 00:03:50.956454,11,1.5,61.0,31.0,5,0.1,0.001,12,2.7,6,0.0,-83.59314456715414,-53.772310480452326,-32.69784329977784,29.211920898831348,0.0,-2.877009213076011,418.0,COMPLETE
1396,23.915594011843663,2026-07-22 12:38:23.754727,2026-07-22 12:42:09.395712,0 days 00:03:45.640985,11,1.5,61.0,31.0,5,0.1,0.003,12,2.7,6,0.0,-43.39724085561085,-35.1369802809025,-22.629039720584444,23.915594011843663,0.0,-14.368779145876111,340.0,COMPLETE
1397,29.284153830255786,2026-07-22 12:39:16.221830,2026-07-22 12:43:04.569668,0 days 00:03:48.347838,11,1.5,61.0,31.0,5,0.1,0.001,10,2.7,6,0.0,-83.59314456715414,-53.772310480452326,-28.596492364909636,29.284153830255786,0.0,1.2243417217922077,417.0,COMPLETE
1398,29.284153830255786,2026-07-22 12:39:22.775230,2026-07-22 12:43:15.040332,0 days 00:03:52.265102,11,1.5,61.0,31.0,5,0.1,0.001,10,2.9000000000000004,6,0.0,-83.59314456715414,-53.772310480452326,-28.596492364909636,29.284153830255786,0.0,1.2243417217922077,417.0,COMPLETE
1399,28.102896615822484,2026-07-22 12:40:05.414999,2026-07-22 12:43:56.640382,0 days 00:03:51.225383,11,1.5,61.0,31.0,5,0.1,0.001,25,2.9000000000000004,6,0.0,-85.89199340214827,-53.88970484807386,-36.935884821451054,28.102896615822484,0.0,-4.933596267376613,406.0,COMPLETE
1400,29.284153830255786,2026-07-22 12:40:49.417030,2026-07-22 12:44:41.900431,0 days 00:03:52.483401,11,1.5,61.0,31.0,5,0.1,0.001,10,2.9000000000000004,6,0.0,-83.59314456715414,-53.772310480452326,-28.596492364909636,29.284153830255786,0.0,1.2243417217922077,417.0,COMPLETE
1401,29.284153830255786,2026-07-22 12:40:57.348934,2026-07-22 12:44:41.852513,0 days 00:03:44.503579,11,1.5,61.0,31.0,5,0.1,0.001,10,2.9000000000000004,6,0.0,-83.59314456715414,-53.772310480452326,-28.596492364909636,29.284153830255786,0.0,1.2243417217922077,417.0,COMPLETE
1402,29.41171815613121,2026-07-22 12:41:19.406388,2026-07-22 12:45:08.034009,0 days 00:03:48.627621,11,1.5,61.0,31.0,6,0.1,0.001,10,2.9000000000000004,6,0.0,-81.776968407432,-55.28462989915003,-27.4762344850041,29.41171815613121,0.0,-0.9838959767221118,419.0,COMPLETE
1403,29.41171815613121,2026-07-22 12:41:45.191340,2026-07-22 12:45:36.653443,0 days 00:03:51.462103,11,1.5,61.0,31.0,6,0.1,0.001,10,2.9000000000000004,6,0.0,-81.776968407432,-55.28462989915003,-27.4762344850041,29.41171815613121,0.0,-0.9838959767221118,419.0,COMPLETE
1404,25.887780954797602,2026-07-22 12:42:05.430002,2026-07-22 12:45:53.377945,0 days 00:03:47.947943,11,1.5,80.0,31.0,6,0.1,0.001,10,2.9000000000000004,6,0.0,-37.4810921035522,-30.219763475116345,-28.095021910611656,25.887780954797602,0.0,-20.833693282175805,365.0,COMPLETE
1405,29.41171815613121,2026-07-22 12:42:09.455757,2026-07-22 12:46:01.985885,0 days 00:03:52.530128,11,1.5,61.0,31.0,6,0.1,0.001,10,2.9000000000000004,6,0.0,-81.776968407432,-55.28462989915003,-27.4762344850041,29.41171815613121,0.0,-0.9838959767221118,419.0,COMPLETE
1406,28.82339465311266,2026-07-22 12:42:12.369478,2026-07-22 12:46:01.712054,0 days 00:03:49.342576,11,1.5,61.0,31.0,6,0.1,0.001,10,2.9000000000000004,7,0.0,-84.34461311580374,-61.67826532889101,-26.80282219237821,28.82339465311266,0.0,-4.136474405465486,415.0,COMPLETE
1407,27.5328600901276,2026-07-22 12:43:04.630520,2026-07-22 12:46:50.111617,0 days 00:03:45.481097,11,1.6,61.0,33.0,6,0.1,0.001,10,2.9000000000000004,6,0.0,-88.18623569933156,-66.23388296530443,-23.900016541695457,27.5328600901276,0.0,-1.9476638076682595,399.0,COMPLETE
1408,26.984756913917874,2026-07-22 12:43:15.098278,2026-07-22 12:47:04.802508,0 days 00:03:49.704230,11,1.6,61.0,33.0,6,0.1,0.001,10,2.9000000000000004,7,0.0,-90.86298791148793,-71.04080299150972,-22.545717154965217,26.984756913917874,0.0,-2.723532234986985,394.0,COMPLETE
1409,27.889903755536032,2026-07-22 12:43:56.700435,2026-07-22 12:47:45.690682,0 days 00:03:48.990247,10,1.6,61.0,33.0,6,0.2,0.001,10,2.9000000000000004,7,0.0,-89.0814223615023,-60.30021065982751,-20.809370013663308,27.889903755536032,0.0,7.971841688011501,398.0,COMPLETE
1410,27.889903755536032,2026-07-22 12:44:41.941720,2026-07-22 12:48:24.420781,0 days 00:03:42.479061,10,1.6,61.0,33.0,6,0.2,0.001,10,2.9000000000000004,7,0.0,-89.0814223615023,-60.30021065982751,-20.809370013663308,27.889903755536032,0.0,7.971841688011501,398.0,COMPLETE
1411,27.889903755536032,2026-07-22 12:44:41.962581,2026-07-22 12:48:31.910607,0 days 00:03:49.948026,10,1.6,61.0,33.0,6,0.2,0.001,10,2.9000000000000004,7,0.0,-89.0814223615023,-60.30021065982751,-20.809370013663308,27.889903755536032,0.0,7.971841688011501,398.0,COMPLETE
1412,27.889903755536032,2026-07-22 12:45:08.092744,2026-07-22 12:48:56.277173,0 days 00:03:48.184429,10,1.6,61.0,33.0,6,0.2,0.001,10,2.8,7,0.0,-89.0814223615023,-60.30021065982751,-20.809370013663308,27.889903755536032,0.0,7.971841688011501,398.0,COMPLETE
1413,27.888913867254917,2026-07-22 12:45:36.722421,2026-07-22 12:49:24.947541,0 days 00:03:48.225120,10,1.6,60.0,33.0,6,0.2,0.001,11,2.8,7,0.0,-86.75934574808109,-57.90665311152747,-24.982201883410372,27.888913867254917,0.0,3.8704907531432884,399.0,COMPLETE
1414,27.960718241489136,2026-07-22 12:45:53.444107,2026-07-22 12:49:43.998540,0 days 00:03:50.554433,10,1.6,60.0,33.0,5,0.2,0.001,11,2.8,7,0.0,-81.73918126393461,-58.44629059192464,-19.967689568657033,27.960718241489136,0.0,3.3252011033530158,399.0,COMPLETE
1415,28.811080367175705,2026-07-22 12:46:01.775600,2026-07-22 12:49:50.914568,0 days 00:03:49.138968,10,1.6,60.0,33.0,5,0.2,0.001,11,2.8,5,0.0,-74.76099711224781,-51.69376014301346,-14.83852717027637,28.811080367175705,0.0,8.228709798958073,404.0,COMPLETE
1416,25.156777815582604,2026-07-22 12:46:02.163926,2026-07-22 12:49:50.485036,0 days 00:03:48.321110,10,1.6,60.0,33.0,5,0.2,0.001,38,2.8,5,0.0,-80.66273000404986,-65.63341832407691,-17.61036865840745,25.156777815582604,0.0,-2.5810569784344697,366.0,COMPLETE
1417,25.998201551721493,2026-07-22 12:46:50.166951,2026-07-22 12:50:32.832652,0 days 00:03:42.665701,10,1.6,60.0,33.0,5,0.2,0.001,31,2.8,7,0.0,-81.02121440536713,-62.992391279567535,-23.663138268961127,25.998201551721493,0.0,-5.6343151431614675,378.0,COMPLETE
1418,23.101165770999234,2026-07-22 12:47:04.862143,2026-07-22 12:50:51.132408,0 days 00:03:46.270265,10,1.6,60.0,33.0,7,0.2,0.001,11,2.8,18,0.0,-81.30909785220403,-59.33792607978078,-21.968582831950613,23.101165770999234,0.0,0.0025889404726322507,340.0,COMPLETE
1419,21.597675047604046,2026-07-22 12:47:45.749468,2026-07-22 12:51:27.471060,0 days 00:03:41.721592,10,1.6,60.0,32.0,5,0.2,0.004,11,2.8,5,0.0,-43.029549449084875,-27.62180999437678,-24.9494291681678,21.597675047604046,0.0,-9.541689713459698,306.0,COMPLETE
1420,30.162725106204142,2026-07-22 12:48:24.478316,2026-07-22 12:52:09.687376,0 days 00:03:45.209060,10,1.5,60.0,32.0,5,0.2,0.001,11,2.8,5,0.0,-107.87878810356614,-68.28544963397337,-27.742739478302603,30.162725106204142,0.0,11.850598991290175,435.0,COMPLETE
1421,22.617417952634792,2026-07-22 12:48:31.974074,2026-07-22 12:52:29.038085,0 days 00:03:57.064011,32,1.5,60.0,32.0,5,0.2,0.001,11,2.8,15,0.0,-181.3008083783867,-122.71002541486084,-63.15290306896381,22.617417952634792,0.0,-4.5621201054379386,386.0,COMPLETE
1422,30.162725106204142,2026-07-22 12:48:56.339894,2026-07-22 12:52:48.354985,0 days 00:03:52.015091,10,1.5,60.0,32.0,5,0.2,0.001,11,2.8,5,0.0,-107.87878810356614,-68.28544963397337,-27.742739478302603,30.162725106204142,0.0,11.850598991290175,435.0,COMPLETE
1423,30.162725106204142,2026-07-22 12:49:25.016251,2026-07-22 12:53:17.700750,0 days 00:03:52.684499,10,1.5,60.0,32.0,5,0.2,0.001,11,2.4,5,0.0,-107.87878810356614,-68.28544963397337,-27.742739478302603,30.162725106204142,0.0,11.850598991290175,435.0,COMPLETE
1424,30.418383870881197,2026-07-22 12:49:44.066791,2026-07-22 12:53:36.682282,0 days 00:03:52.615491,10,1.5,60.0,32.0,5,0.1,0.001,11,2.4,5,0.0,-100.0773981685202,-59.99556476989329,-28.23123440733675,30.418383870881197,0.0,11.850598991290175,434.0,COMPLETE
1425,30.418383870881197,2026-07-22 12:49:50.539945,2026-07-22 12:53:42.771057,0 days 00:03:52.231112,10,1.5,62.0,32.0,5,0.1,0.001,11,2.7,5,0.0,-100.0773981685202,-59.99556476989329,-28.23123440733675,30.418383870881197,0.0,11.850598991290175,434.0,COMPLETE
1426,30.418383870881197,2026-07-22 12:49:51.000528,2026-07-22 12:53:41.689593,0 days 00:03:50.689065,10,1.5,62.0,32.0,5,0.1,0.001,11,2.7,5,0.0,-100.0773981685202,-59.99556476989329,-28.23123440733675,30.418383870881197,0.0,11.850598991290175,434.0,COMPLETE
1427,26.690686218831857,2026-07-22 12:50:32.893847,2026-07-22 12:54:26.186855,0 days 00:03:53.293008,32,1.5,62.0,32.0,5,0.1,0.001,11,2.7,5,0.0,-173.72903886000185,-122.01492549426588,-58.71538579787526,26.690686218831857,0.0,-7.0012724321392215,434.0,COMPLETE
1428,13.387212718124228,2026-07-22 12:50:51.203038,2026-07-22 12:54:28.708622,0 days 00:03:37.505584,13,1.5,62.0,32.0,20,0.1,0.009000000000000001,11,2.7,5,0.0,-15.87977668436825,-27.15937868619354,-12.248756790918668,13.387212718124228,0.0,-23.528358792743912,194.0,COMPLETE
1429,26.056348107060867,2026-07-22 12:51:27.540946,2026-07-22 12:55:15.717141,0 days 00:03:48.176195,13,1.7,62.0,32.0,5,0.1,0.001,11,2.7,5,0.0,-78.20899197965997,-53.31177323328431,-35.74236476399209,26.056348107060867,0.0,-10.84514601761641,380.0,COMPLETE
1430,30.418383870881197,2026-07-22 12:52:09.753238,2026-07-22 12:55:54.982547,0 days 00:03:45.229309,10,1.5,62.0,32.0,5,0.1,0.001,11,2.7,5,0.0,-100.0773981685202,-59.99556476989329,-28.23123440733675,30.418383870881197,0.0,11.850598991290175,434.0,COMPLETE
1431,30.382589501971108,2026-07-22 12:52:29.099490,2026-07-22 12:56:21.413790,0 days 00:03:52.314300,10,1.5,62.0,31.0,5,0.1,0.001,11,2.7,5,0.0,-102.27325450845763,-59.99556476989329,-31.758848376251734,30.382589501971108,0.0,10.51884136231263,435.0,COMPLETE
1432,30.382589501971108,2026-07-22 12:52:48.416461,2026-07-22 12:56:39.633789,0 days 00:03:51.217328,10,1.5,62.0,31.0,5,0.1,0.001,11,2.7,5,0.0,-102.27325450845763,-59.99556476989329,-31.758848376251734,30.382589501971108,0.0,10.51884136231263,435.0,COMPLETE
1433,30.480098273847283,2026-07-22 12:53:17.762198,2026-07-22 12:57:09.739314,0 days 00:03:51.977116,10,1.5,62.0,31.0,5,0.1,0.001,10,2.7,5,0.0,-102.27325450845763,-59.99556476989329,-27.657497441383512,30.480098273847283,0.0,14.620192297180852,434.0,COMPLETE
1434,30.480098273847283,2026-07-22 12:53:36.756060,2026-07-22 12:57:29.920750,0 days 00:03:53.164690,10,1.5,60.0,31.0,5,0.1,0.001,10,2.4,5,0.0,-102.27325450845763,-59.99556476989329,-27.657497441383512,30.480098273847283,0.0,14.620192297180852,434.0,COMPLETE
1435,29.664897256104787,2026-07-22 12:53:41.747110,2026-07-22 12:57:36.662045,0 days 00:03:54.914935,11,1.5,62.0,31.0,5,0.1,0.001,10,2.4,5,0.0,-92.34932935120376,-52.609413889903685,-35.432883549693926,29.664897256104787,0.0,4.307031911606114,425.0,COMPLETE
1436,29.664897256104787,2026-07-22 12:53:42.842303,2026-07-22 12:57:36.657543,0 days 00:03:53.815240,11,1.5,62.0,31.0,5,0.1,0.001,10,2.3,5,0.0,-92.34932935120376,-52.609413889903685,-35.432883549693926,29.664897256104787,0.0,4.307031911606114,425.0,COMPLETE
1437,29.664897256104787,2026-07-22 12:54:26.248777,2026-07-22 12:58:14.850507,0 days 00:03:48.601730,11,1.5,62.0,31.0,5,0.1,0.001,10,2.4,5,0.0,-92.34932935120376,-52.609413889903685,-35.432883549693926,29.664897256104787,0.0,4.307031911606114,425.0,COMPLETE
1438,26.081120657332637,2026-07-22 12:54:28.769080,2026-07-22 12:58:18.996072,0 days 00:03:50.226992,11,1.5,62.0,31.0,5,0.0,0.001,10,2.4,5,0.0,-65.85112376625828,-54.145356022534955,-18.59219366659078,26.081120657332637,0.0,-6.886425922867449,373.0,COMPLETE
1439,26.081120657332637,2026-07-22 12:55:15.780508,2026-07-22 12:59:03.769571,0 days 00:03:47.989063,11,1.5,62.0,31.0,5,0.0,0.001,10,2.5,5,0.0,-65.85112376625828,-54.145356022534955,-18.59219366659078,26.081120657332637,0.0,-6.886425922867449,373.0,COMPLETE
1440,25.963418212108618,2026-07-22 12:55:55.050854,2026-07-22 12:59:38.038740,0 days 00:03:42.987886,11,1.5,62.0,34.0,5,0.0,0.001,11,2.3,5,0.0,-65.62681355295686,-55.31147505563454,-20.75193873755645,25.963418212108618,0.0,-10.436600240234133,373.0,COMPLETE
1441,13.9962811850089,2026-07-22 12:56:21.491903,2026-07-22 13:00:00.725170,0 days 00:03:39.233267,11,1.5,62.0,32.0,5,0.0,0.008,11,2.4,5,0.0,-3.24741549711002,-7.881443472781689,-18.695696070781736,13.9962811850089,0.0,-23.329724046453403,199.0,COMPLETE
1442,25.963418212108618,2026-07-22 12:56:39.696855,2026-07-22 13:00:28.598289,0 days 00:03:48.901434,11,1.5,62.0,34.0,5,0.0,0.001,12,2.4,5,0.0,-65.62681355295686,-55.31147505563454,-20.75193873755645,25.963418212108618,0.0,-10.436600240234133,373.0,COMPLETE
1443,16.76638626291593,2026-07-22 12:57:09.811515,2026-07-22 13:00:55.542001,0 days 00:03:45.730486,25,1.5,62.0,25.0,14,0.0,0.001,12,2.4,5,0.0,-92.55637835408929,-73.03490629384186,-48.7813676057002,16.76638626291593,0.0,-29.25989554545276,278.0,COMPLETE
1444,25.963418212108618,2026-07-22 12:57:29.993107,2026-07-22 13:01:20.233629,0 days 00:03:50.240522,11,1.5,62.0,34.0,5,0.0,0.001,12,2.4,5,0.0,-65.62681355295686,-55.31147505563454,-20.75193873755645,25.963418212108618,0.0,-10.436600240234133,373.0,COMPLETE
1445,14.103751215407483,2026-07-22 12:57:36.745595,2026-07-22 13:01:14.963556,0 days 00:03:38.217961,21,1.5,62.0,34.0,9,0.0,0.008,12,2.3,5,0.0,-0.49278704839542176,-3.9476453281014923,-18.99359718283318,14.103751215407483,0.0,-22.448455462539254,200.0,COMPLETE
1446,25.991360264444168,2026-07-22 12:57:36.752381,2026-07-22 13:01:25.583577,0 days 00:03:48.831196,11,1.5,62.0,32.0,5,0.0,0.001,12,2.4,5,0.0,-64.46069451985728,-54.145356022534955,-20.75193873755645,25.991360264444168,0.0,-10.436600240234133,373.0,COMPLETE
1447,25.991360264444168,2026-07-22 12:58:14.916708,2026-07-22 13:01:59.956386,0 days 00:03:45.039678,11,1.5,62.0,32.0,5,0.0,0.001,12,2.3,5,0.0,-64.46069451985728,-54.145356022534955,-20.75193873755645,25.991360264444168,0.0,-10.436600240234133,373.0,COMPLETE
1448,20.65038174615961,2026-07-22 12:58:19.060290,2026-07-22 13:02:03.877059,0 days 00:03:44.816769,11,1.5,62.0,26.0,12,0.0,0.001,12,2.3,5,0.0,-44.975847993751735,-34.72077082795219,-21.08577596170576,20.65038174615961,0.0,-10.830698795906203,293.0,COMPLETE
1449,26.602692286182283,2026-07-22 12:59:03.839660,2026-07-22 13:02:51.977185,0 days 00:03:48.137525,10,1.5,62.0,32.0,5,0.0,0.001,12,2.4,5,0.0,-75.47219958632157,-67.14312800730077,-20.136819625810045,26.602692286182283,0.0,-11.807748046789335,386.0,COMPLETE
1450,26.602692286182283,2026-07-22 12:59:38.099511,2026-07-22 13:03:21.501700,0 days 00:03:43.402189,10,1.5,62.0,32.0,5,0.0,0.001,12,2.6,5,0.0,-75.47219958632157,-67.14312800730077,-20.136819625810045,26.602692286182283,0.0,-11.807748046789335,386.0,COMPLETE
1451,26.602692286182283,2026-07-22 13:00:00.793440,2026-07-22 13:03:49.485352,0 days 00:03:48.691912,10,1.5,62.0,32.0,5,0.0,0.001,12,2.3,5,0.0,-75.47219958632157,-67.14312800730077,-20.136819625810045,26.602692286182283,0.0,-11.807748046789335,386.0,COMPLETE
1452,26.602692286182283,2026-07-22 13:00:28.665924,2026-07-22 13:04:17.589214,0 days 00:03:48.923290,10,1.5,62.0,32.0,5,0.0,0.001,12,2.3,5,0.0,-75.47219958632157,-67.14312800730077,-20.136819625810045,26.602692286182283,0.0,-11.807748046789335,386.0,COMPLETE
1453,26.602692286182283,2026-07-22 13:00:55.606659,2026-07-22 13:04:46.674449,0 days 00:03:51.067790,10,1.5,62.0,32.0,5,0.0,0.001,11,2.3,5,0.0,-75.47219958632157,-67.14312800730077,-20.136819625810045,26.602692286182283,0.0,-11.807748046789335,386.0,COMPLETE
1454,26.602692286182283,2026-07-22 13:01:15.020320,2026-07-22 13:05:06.376551,0 days 00:03:51.356231,10,1.5,62.0,32.0,5,0.0,0.001,11,2.3,5,0.0,-75.47219958632157,-67.14312800730077,-20.136819625810045,26.602692286182283,0.0,-11.807748046789335,386.0,COMPLETE
1455,17.74878793319876,2026-07-22 13:01:20.298545,2026-07-22 13:05:02.836660,0 days 00:03:42.538115,10,2.0,62.0,32.0,5,0.0,0.001,11,2.4,5,0.0,-60.7682511673365,-47.86886292193622,-34.70432608222844,17.74878793319876,0.0,-21.804937836828213,272.0,COMPLETE
1456,26.602692286182283,2026-07-22 13:01:25.652117,2026-07-22 13:05:14.580802,0 days 00:03:48.928685,10,1.5,62.0,32.0,5,0.0,0.001,11,2.3,5,0.0,-75.47219958632157,-67.14312800730077,-20.136819625810045,26.602692286182283,0.0,-11.807748046789335,386.0,COMPLETE
1457,24.164184249968034,2026-07-22 13:02:00.011736,2026-07-22 13:05:42.551405,0 days 00:03:42.539669,10,1.5,62.0,26.0,6,0.0,0.001,11,2.3,5,0.0,-78.85895568508957,-66.50027642426784,-21.911748330927274,24.164184249968034,0.0,-9.553069070105606,355.0,COMPLETE
1458,23.57888152942281,2026-07-22 13:02:03.943232,2026-07-22 13:05:50.867643,0 days 00:03:46.924411,10,1.5,62.0,32.0,6,0.0,0.002,11,2.4,5,0.0,-66.52782914299512,-59.507208080540394,-19.24005856899862,23.57888152942281,0.0,-12.219437506543938,345.0,COMPLETE
1459,24.33216667971552,2026-07-22 13:02:52.046238,2026-07-22 13:06:36.991108,0 days 00:03:44.944870,10,1.5,62.0,22.0,6,0.1,0.002,11,2.4,5,0.0,-64.61035999034642,-37.47007321639636,-23.515973933087235,24.33216667971552,0.0,3.6243128408628085,344.0,COMPLETE
1460,18.016458623257364,2026-07-22 13:03:21.564684,2026-07-22 13:06:55.035063,0 days 00:03:33.470379,10,2.0,62.0,32.0,6,0.1,0.002,11,2.4,5,0.0,-65.93574883137174,-38.81590717769381,-36.08322062145174,18.016458623257364,0.0,-8.963378967773872,272.0,COMPLETE
1461,15.38320918914482,2026-07-22 13:03:49.548963,2026-07-22 13:07:30.291134,0 days 00:03:40.742171,10,2.2,62.0,32.0,6,0.1,0.002,11,2.4,5,0.0,-58.67662430100994,-37.02997812166512,-27.581444882075182,15.38320918914482,0.0,-5.934798702730376,234.0,COMPLETE
1462,25.640620460827286,2026-07-22 13:04:17.649811,2026-07-22 13:08:04.992690,0 days 00:03:47.342879,12,1.6,63.0,33.0,6,0.1,0.002,11,2.6,5,0.0,-73.73192677816867,-65.02874539098968,-12.217496786478032,25.640620460827286,0.0,-3.514315399299024,374.0,COMPLETE
1463,25.570884474147487,2026-07-22 13:04:46.736549,2026-07-22 13:08:33.507542,0 days 00:03:46.770993,10,1.6,63.0,36.0,6,0.1,0.002,11,2.6,5,0.0,-80.62152428581753,-45.07591308318888,-27.59877836785377,25.570884474147487,0.0,7.946832834774864,368.0,COMPLETE
1464,25.640620460827286,2026-07-22 13:05:02.893632,2026-07-22 13:08:52.737919,0 days 00:03:49.844287,12,1.6,63.0,33.0,6,0.1,0.002,11,2.4,5,0.0,-73.73192677816867,-65.02874539098968,-12.217496786478032,25.640620460827286,0.0,-3.514315399299024,374.0,COMPLETE
1465,25.544739485629208,2026-07-22 13:05:06.446674,2026-07-22 13:08:53.987105,0 days 00:03:47.540431,12,1.6,63.0,32.0,6,0.1,0.002,11,2.4,5,0.0,-71.67496438724972,-63.949103713815084,-11.24017607273364,25.544739485629208,0.0,-3.514315399299024,372.0,COMPLETE
1466,25.640620460827286,2026-07-22 13:05:14.646135,2026-07-22 13:09:01.714051,0 days 00:03:47.067916,12,1.6,63.0,33.0,6,0.1,0.002,11,2.6,5,0.0,-73.73192677816867,-65.02874539098968,-12.217496786478032,25.640620460827286,0.0,-3.514315399299024,374.0,COMPLETE
1467,25.640620460827286,2026-07-22 13:05:42.654472,2026-07-22 13:09:26.908588,0 days 00:03:44.254116,12,1.6,63.0,33.0,6,0.1,0.002,11,2.4,5,0.0,-73.73192677816867,-65.02874539098968,-12.217496786478032,25.640620460827286,0.0,-3.514315399299024,374.0,COMPLETE
1468,25.640620460827286,2026-07-22 13:05:50.922387,2026-07-22 13:09:39.796910,0 days 00:03:48.874523,12,1.6,63.0,33.0,6,0.1,0.002,11,2.4,5,0.0,-73.73192677816867,-65.02874539098968,-12.217496786478032,25.640620460827286,0.0,-3.514315399299024,374.0,COMPLETE
1469,27.896603891200062,2026-07-22 13:06:37.059967,2026-07-22 13:10:26.709599,0 days 00:03:49.649632,12,1.6,63.0,33.0,5,0.1,0.001,11,2.6,5,0.0,-85.96856484491953,-67.77188264893702,-24.413038699223225,27.896603891200062,0.0,-6.216356503240782,406.0,COMPLETE
1470,16.46013894157163,2026-07-22 13:06:55.089239,2026-07-22 13:10:28.934311,0 days 00:03:33.845072,12,2.3,63.0,33.0,5,0.1,0.001,11,2.6,5,0.0,-31.72397144451177,-16.39289699179366,-32.04631193057038,16.46013894157163,0.0,-16.7152374778523,239.0,COMPLETE
1471,27.896603891200062,2026-07-22 13:07:30.346224,2026-07-22 13:11:20.391479,0 days 00:03:50.045255,12,1.6,63.0,33.0,5,0.1,0.001,11,2.6,5,0.0,-85.96856484491953,-67.77188264893702,-24.413038699223225,27.896603891200062,0.0,-6.216356503240782,406.0,COMPLETE
1472,27.896603891200062,2026-07-22 13:08:05.051075,2026-07-22 13:11:54.285956,0 days 00:03:49.234881,12,1.6,63.0,33.0,5,0.1,0.001,11,2.7,5,0.0,-85.96856484491953,-67.77188264893702,-24.413038699223225,27.896603891200062,0.0,-6.216356503240782,406.0,COMPLETE
1473,29.63952217275088,2026-07-22 13:08:33.568568,2026-07-22 13:12:26.106401,0 days 00:03:52.537833,12,1.5,63.0,33.0,5,0.1,0.001,11,2.7,5,0.0,-106.49378656200822,-74.28982619007442,-34.5937993043549,29.63952217275088,0.0,-2.3898389324210942,436.0,COMPLETE
1474,27.896603891200062,2026-07-22 13:08:52.803496,2026-07-22 13:12:44.062871,0 days 00:03:51.259375,12,1.6,63.0,33.0,5,0.1,0.001,11,2.6,5,0.0,-85.96856484491953,-67.77188264893702,-24.413038699223225,27.896603891200062,0.0,-6.216356503240782,406.0,COMPLETE
1475,29.351950025081436,2026-07-22 13:08:54.059201,2026-07-22 13:12:48.351997,0 days 00:03:54.292796,11,1.5,63.0,33.0,5,0.1,0.001,11,2.6,5,0.0,-89.16382313171144,-55.28979503249937,-35.192496370666035,29.351950025081436,0.0,-1.3184682714539895,423.0,COMPLETE
1476,29.351950025081436,2026-07-22 13:09:01.782576,2026-07-22 13:12:54.778086,0 days 00:03:52.995510,11,1.5,62.0,33.0,5,0.1,0.001,11,2.7,5,0.0,-89.16382313171144,-55.28979503249937,-35.192496370666035,29.351950025081436,0.0,-1.3184682714539895,423.0,COMPLETE
1477,29.561224043760376,2026-07-22 13:09:26.967788,2026-07-22 13:13:15.586969,0 days 00:03:48.619181,11,1.5,62.0,31.0,5,0.1,0.001,11,2.6,5,0.0,-92.34932935120376,-52.609413889903685,-39.534234484562134,29.561224043760376,0.0,0.20568097673790176,426.0,COMPLETE
1478,29.561224043760376,2026-07-22 13:09:39.856351,2026-07-22 13:13:31.587121,0 days 00:03:51.730770,11,1.5,62.0,31.0,5,0.1,0.001,11,2.6,5,0.0,-92.34932935120376,-52.609413889903685,-39.534234484562134,29.561224043760376,0.0,0.20568097673790176,426.0,COMPLETE
1479,29.561224043760376,2026-07-22 13:10:26.767281,2026-07-22 13:14:18.134092,0 days 00:03:51.366811,11,1.5,62.0,31.0,5,0.1,0.001,11,2.7,5,0.0,-92.34932935120376,-52.609413889903685,-39.534234484562134,29.561224043760376,0.0,0.20568097673790176,426.0,COMPLETE
1480,29.561224043760376,2026-07-22 13:10:28.986056,2026-07-22 13:14:15.020264,0 days 00:03:46.034208,11,1.5,62.0,31.0,5,0.1,0.001,11,2.7,5,0.0,-92.34932935120376,-52.609413889903685,-39.534234484562134,29.561224043760376,0.0,0.20568097673790176,426.0,COMPLETE
1481,29.561224043760376,2026-07-22 13:11:20.450038,2026-07-22 13:15:11.639816,0 days 00:03:51.189778,11,1.5,62.0,31.0,5,0.1,0.001,11,2.5,5,0.0,-92.34932935120376,-52.609413889903685,-39.534234484562134,29.561224043760376,0.0,0.20568097673790176,426.0,COMPLETE
1482,26.439946229237496,2026-07-22 13:11:54.354041,2026-07-22 13:15:44.392744,0 days 00:03:50.038703,11,1.5,62.0,31.0,5,0.1,0.001,37,2.7,5,0.0,-84.63414611782513,-55.758190427584346,-37.08244662479423,26.439946229237496,0.0,-8.20649093455344,386.0,COMPLETE
1483,29.664897256104787,2026-07-22 13:12:26.170802,2026-07-22 13:16:21.512342,0 days 00:03:55.341540,11,1.5,62.0,31.0,5,0.1,0.001,10,2.5,5,0.0,-92.34932935120376,-52.609413889903685,-35.432883549693926,29.664897256104787,0.0,4.307031911606114,425.0,COMPLETE
1484,24.959332977540264,2026-07-22 13:12:44.203833,2026-07-22 13:16:34.669315,0 days 00:03:50.465482,11,1.5,62.0,31.0,5,0.1,0.001,10,2.5,19,0.0,-88.26721362216927,-61.098613601520036,-32.68743482536176,24.959332977540264,0.0,-5.518834804712478,369.0,COMPLETE
1485,30.480098273847283,2026-07-22 13:12:48.419188,2026-07-22 13:16:40.210519,0 days 00:03:51.791331,10,1.5,62.0,31.0,5,0.1,0.001,10,2.5,5,0.0,-102.27325450845763,-59.99556476989329,-27.657497441383512,30.480098273847283,0.0,14.620192297180852,434.0,COMPLETE
1486,30.480098273847283,2026-07-22 13:12:54.831635,2026-07-22 13:16:45.376595,0 days 00:03:50.544960,10,1.5,62.0,31.0,5,0.1,0.001,10,2.5,5,0.0,-102.27325450845763,-59.99556476989329,-27.657497441383512,30.480098273847283,0.0,14.620192297180852,434.0,COMPLETE
1487,30.480098273847283,2026-07-22 13:13:15.650479,2026-07-22 13:17:02.208417,0 days 00:03:46.557938,10,1.5,62.0,31.0,5,0.1,0.001,10,2.7,5,0.0,-102.27325450845763,-59.99556476989329,-27.657497441383512,30.480098273847283,0.0,14.620192297180852,434.0,COMPLETE
1488,30.51527557609815,2026-07-22 13:13:31.648500,2026-07-22 13:17:24.492064,0 days 00:03:52.843564,10,1.5,62.0,32.0,5,0.1,0.001,10,2.7,5,0.0,-100.0773981685202,-59.99556476989329,-24.129883472468542,30.51527557609815,0.0,15.951949926158393,433.0,COMPLETE
1489,24.40470899388583,2026-07-22 13:14:15.076574,2026-07-22 13:17:57.330917,0 days 00:03:42.254343,10,1.5,62.0,32.0,5,0.0,0.001,27,2.7,5,0.0,-66.39734311483625,-71.59151745343043,-16.62374344025779,24.40470899388583,0.0,-21.817917778852014,358.0,COMPLETE
1490,26.66154362549761,2026-07-22 13:14:18.202067,2026-07-22 13:18:06.360535,0 days 00:03:48.158468,10,1.5,62.0,32.0,5,0.0,0.001,10,2.7,5,0.0,-75.47219958632157,-67.14312800730077,-16.035468690941816,26.66154362549761,0.0,-7.706397111921119,385.0,COMPLETE
1491,26.66154362549761,2026-07-22 13:15:11.693956,2026-07-22 13:19:00.741472,0 days 00:03:49.047516,10,1.5,62.0,32.0,5,0.0,0.001,10,2.7,5,0.0,-75.47219958632157,-67.14312800730077,-16.035468690941816,26.66154362549761,0.0,-7.706397111921119,385.0,COMPLETE
1492,26.66154362549761,2026-07-22 13:15:44.460899,2026-07-22 13:19:33.119932,0 days 00:03:48.659033,10,1.5,62.0,32.0,5,0.0,0.001,10,2.7,5,0.0,-75.47219958632157,-67.14312800730077,-16.035468690941816,26.66154362549761,0.0,-7.706397111921119,385.0,COMPLETE
1493,26.602692286182283,2026-07-22 13:16:21.576041,2026-07-22 13:20:11.704165,0 days 00:03:50.128124,10,1.5,62.0,32.0,5,0.0,0.001,12,2.7,5,0.0,-75.47219958632157,-67.14312800730077,-20.136819625810045,26.602692286182283,0.0,-11.807748046789335,386.0,COMPLETE
1494,26.602692286182283,2026-07-22 13:16:34.724488,2026-07-22 13:20:22.887995,0 days 00:03:48.163507,10,1.5,62.0,32.0,5,0.0,0.001,12,2.7,5,0.0,-75.47219958632157,-67.14312800730077,-20.136819625810045,26.602692286182283,0.0,-11.807748046789335,386.0,COMPLETE
1495,26.602692286182283,2026-07-22 13:16:40.268857,2026-07-22 13:20:29.787969,0 days 00:03:49.519112,10,1.5,62.0,32.0,5,0.0,0.001,12,2.5,5,0.0,-75.47219958632157,-67.14312800730077,-20.136819625810045,26.602692286182283,0.0,-11.807748046789335,386.0,COMPLETE
1496,26.53404085613277,2026-07-22 13:16:45.442712,2026-07-22 13:20:32.784145,0 days 00:03:47.341433,10,1.5,62.0,31.0,5,0.0,0.001,12,2.5,5,0.0,-74.79777408550932,-65.91714106959996,-21.239557680200193,26.53404085613277,0.0,-12.358924664290877,385.0,COMPLETE
1497,26.406765176337565,2026-07-22 13:17:02.274238,2026-07-22 13:20:47.020102,0 days 00:03:44.745864,10,1.5,62.0,30.0,5,0.0,0.001,12,2.4,5,0.0,-73.97573867375935,-65.91714106959996,-20.417522268450245,26.406765176337565,0.0,-12.358924664290877,383.0,COMPLETE
1498,16.493485651037503,2026-07-22 13:17:24.558821,2026-07-22 13:21:09.419805,0 days 00:03:44.860984,10,1.5,62.0,30.0,5,2.0,0.001,26,2.5,5,0.0,-52.53812670369943,-64.1162620730666,-21.0481378211783,16.493485651037503,0.0,-32.62627319054548,257.0,COMPLETE
1499,26.406765176337565,2026-07-22 13:17:57.396320,2026-07-22 13:21:39.937033,0 days 00:03:42.540713,10,1.5,62.0,30.0,5,0.0,0.001,12,2.5,5,0.0,-73.97573867375935,-65.91714106959996,-20.417522268450245,26.406765176337565,0.0,-12.358924664290877,383.0,COMPLETE
1500,26.406765176337565,2026-07-22 13:18:06.427793,2026-07-22 13:21:53.781734,0 days 00:03:47.353941,10,1.5,62.0,30.0,5,0.0,0.001,12,2.5,5,0.0,-73.97573867375935,-65.91714106959996,-20.417522268450245,26.406765176337565,0.0,-12.358924664290877,383.0,COMPLETE
1501,26.406765176337565,2026-07-22 13:19:00.818633,2026-07-22 13:22:49.436315,0 days 00:03:48.617682,10,1.5,62.0,30.0,5,0.0,0.001,12,2.5,5,0.0,-73.97573867375935,-65.91714106959996,-20.417522268450245,26.406765176337565,0.0,-12.358924664290877,383.0,COMPLETE
1502,30.119334694995633,2026-07-22 13:19:33.196176,2026-07-22 13:23:24.353519,0 days 00:03:51.157343,10,1.5,62.0,30.0,5,0.1,0.001,12,2.5,5,0.0,-100.92674701045317,-58.91693637906629,-33.31220358055485,30.119334694995633,0.0,8.69760705083204,432.0,COMPLETE
1503,30.119334694995633,2026-07-22 13:20:11.776304,2026-07-22 13:24:04.545928,0 days 00:03:52.769624,10,1.5,63.0,30.0,5,0.1,0.001,12,2.5,5,0.0,-100.92674701045317,-58.91693637906629,-33.31220358055485,30.119334694995633,0.0,8.69760705083204,432.0,COMPLETE
1504,30.119334694995633,2026-07-22 13:20:22.956863,2026-07-22 13:24:14.210106,0 days 00:03:51.253243,10,1.5,63.0,30.0,5,0.1,0.001,12,2.5,5,0.0,-100.92674701045317,-58.91693637906629,-33.31220358055485,30.119334694995633,0.0,8.69760705083204,432.0,COMPLETE
1505,30.382589501971108,2026-07-22 13:20:29.860728,2026-07-22 13:24:20.885775,0 days 00:03:51.025047,10,1.5,63.0,31.0,5,0.1,0.001,12,2.5,5,0.0,-102.27325450845763,-59.99556476989329,-31.758848376251734,30.382589501971108,0.0,10.51884136231263,435.0,COMPLETE
1506,29.61223643525484,2026-07-22 13:20:32.854590,2026-07-22 13:24:22.894736,0 days 00:03:50.040146,10,1.5,63.0,30.0,6,0.1,0.001,10,2.5,5,0.0,-100.13639357672726,-54.42169748695033,-33.03526964457501,29.61223643525484,0.0,12.679426445201893,423.0,COMPLETE
1507,21.427521321737796,2026-07-22 13:20:47.088692,2026-07-22 13:24:28.546807,0 days 00:03:41.458115,10,1.5,63.0,31.0,15,0.1,0.001,10,2.5,5,0.0,-62.96498120016913,-58.216653833115416,-13.339802534672652,21.427521321737796,0.0,-8.591475167618945,312.0,COMPLETE
1508,30.01521243461673,2026-07-22 13:21:09.482573,2026-07-22 13:25:01.889277,0 days 00:03:52.406704,10,1.5,63.0,38.0,6,0.1,0.001,10,2.5,5,0.0,-104.68969773851639,-67.99846134559806,-24.721737109397694,30.01521243461673,0.0,11.969499283520642,431.0,COMPLETE
1509,29.78222035431812,2026-07-22 13:21:40.000643,2026-07-22 13:25:25.368418,0 days 00:03:45.367775,11,1.5,63.0,31.0,6,0.1,0.001,10,2.5,5,0.0,-90.56691590340417,-54.15549602052393,-34.31262566978836,29.78222035431812,0.0,2.0987942130918,427.0,COMPLETE
1510,29.78222035431812,2026-07-22 13:21:53.843514,2026-07-22 13:25:44.470722,0 days 00:03:50.627208,11,1.5,63.0,31.0,6,0.1,0.001,10,2.5,5,0.0,-90.56691590340417,-54.15549602052393,-34.31262566978836,29.78222035431812,0.0,2.0987942130918,427.0,COMPLETE
1511,29.78222035431812,2026-07-22 13:22:49.502168,2026-07-22 13:26:40.068619,0 days 00:03:50.566451,11,1.5,63.0,31.0,6,0.1,0.001,10,2.5,5,0.0,-90.56691590340417,-54.15549602052393,-34.31262566978836,29.78222035431812,0.0,2.0987942130918,427.0,COMPLETE
1512,29.78222035431812,2026-07-22 13:23:24.412083,2026-07-22 13:27:14.595176,0 days 00:03:50.183093,11,1.5,63.0,31.0,6,0.1,0.001,10,2.5,5,0.0,-90.56691590340417,-54.15549602052393,-34.31262566978836,29.78222035431812,0.0,2.0987942130918,427.0,COMPLETE
1513,27.75903757064131,2026-07-22 13:24:04.598588,2026-07-22 13:27:54.752700,0 days 00:03:50.154112,11,1.6,63.0,31.0,6,0.1,0.001,10,2.5,5,0.0,-92.1806954331068,-63.77710986274477,-28.302707109128434,27.75903757064131,0.0,0.10087846123358468,403.0,COMPLETE
1514,27.75903757064131,2026-07-22 13:24:14.261286,2026-07-22 13:28:04.731889,0 days 00:03:50.470603,11,1.6,63.0,31.0,6,0.1,0.001,10,2.5,5,0.0,-92.1806954331068,-63.77710986274477,-28.302707109128434,27.75903757064131,0.0,0.10087846123358468,403.0,COMPLETE
1515,27.6975189167951,2026-07-22 13:24:20.953793,2026-07-22 13:28:11.210456,0 days 00:03:50.256663,11,1.6,63.0,31.0,6,0.1,0.001,13,2.5,5,0.0,-92.1806954331068,-63.77710986274477,-32.404058043996656,27.6975189167951,0.0,-4.000472473634638,404.0,COMPLETE
1516,27.6975189167951,2026-07-22 13:24:22.945758,2026-07-22 13:28:12.329336,0 days 00:03:49.383578,11,1.6,63.0,31.0,6,0.1,0.001,13,2.5,5,0.0,-92.1806954331068,-63.77710986274477,-32.404058043996656,27.6975189167951,0.0,-4.000472473634638,404.0,COMPLETE
1517,27.78864673825992,2026-07-22 13:24:28.607582,2026-07-22 13:28:15.910086,0 days 00:03:47.302504,11,1.6,63.0,38.0,6,0.1,0.001,13,2.5,5,0.0,-97.28949906323565,-66.83651381081667,-35.18509405254048,27.78864673825992,0.0,-4.732108800121473,408.0,COMPLETE
1518,24.674664016147283,2026-07-22 13:25:01.953953,2026-07-22 13:28:48.567049,0 days 00:03:46.613096,11,1.8,63.0,31.0,6,0.1,0.001,13,2.5,5,0.0,-88.60711746363032,-57.83437511417061,-37.47011921214118,24.674664016147283,0.0,-6.697376862681411,365.0,COMPLETE
1519,26.607104181030003,2026-07-22 13:25:25.420864,2026-07-22 13:29:12.005585,0 days 00:03:46.584721,18,1.6,63.0,31.0,5,0.1,0.001,13,2.5,5,0.0,-137.69437433090144,-81.44425214518155,-64.48117966538145,26.607104181030003,0.0,-8.231057479661603,415.0,COMPLETE
1520,27.89245732122506,2026-07-22 13:25:44.533538,2026-07-22 13:29:34.226037,0 days 00:03:49.692499,11,1.6,63.0,31.0,5,0.1,0.001,13,2.5,5,0.0,-93.32838316447969,-62.231027732124566,-35.22201957487749,27.89245732122506,0.0,-4.124664142522349,407.0,COMPLETE
1521,27.89245732122506,2026-07-22 13:26:40.130498,2026-07-22 13:30:29.622028,0 days 00:03:49.491530,11,1.6,63.0,31.0,5,0.1,0.001,13,2.5,5,0.0,-93.32838316447969,-62.231027732124566,-35.22201957487749,27.89245732122506,0.0,-4.124664142522349,407.0,COMPLETE
1522,27.89245732122506,2026-07-22 13:27:14.654828,2026-07-22 13:31:04.247202,0 days 00:03:49.592374,11,1.6,63.0,31.0,5,0.1,0.001,13,2.5,5,0.0,-93.32838316447969,-62.231027732124566,-35.22201957487749,27.89245732122506,0.0,-4.124664142522349,407.0,COMPLETE
1523,20.14485971985836,2026-07-22 13:27:54.811759,2026-07-22 13:31:39.957079,0 days 00:03:45.145320,11,1.6,63.0,31.0,16,0.1,0.001,13,2.4,5,0.0,-56.116472650386626,-51.39539777649148,-22.667203512498876,20.14485971985836,0.0,-17.94612863860373,296.0,COMPLETE
1524,27.56387531160783,2026-07-22 13:28:04.792129,2026-07-22 13:31:54.741012,0 days 00:03:49.948883,11,1.6,63.0,31.0,7,0.1,0.001,13,2.6,5,0.0,-73.55663507419544,-52.953730641300254,-27.715540289616825,27.56387531160783,0.0,-7.112635856721608,394.0,COMPLETE
1525,23.583970566197465,2026-07-22 13:28:11.271280,2026-07-22 13:31:59.329889,0 days 00:03:48.058609,11,1.6,63.0,31.0,5,1.4000000000000001,0.001,12,2.6,5,0.0,-63.61464605176743,-55.50988846144005,-24.650728158069626,23.583970566197465,0.0,-16.545970567742305,344.0,COMPLETE
1526,30.382589501971108,2026-07-22 13:28:12.390033,2026-07-22 13:32:04.198387,0 days 00:03:51.808354,10,1.5,63.0,31.0,5,0.1,0.001,12,2.4,5,0.0,-102.27325450845763,-59.99556476989329,-31.758848376251734,30.382589501971108,0.0,10.51884136231263,435.0,COMPLETE
1527,30.382589501971108,2026-07-22 13:28:15.967112,2026-07-22 13:32:04.280160,0 days 00:03:48.313048,10,1.5,63.0,31.0,5,0.1,0.001,12,2.4,5,0.0,-102.27325450845763,-59.99556476989329,-31.758848376251734,30.382589501971108,0.0,10.51884136231263,435.0,COMPLETE
1528,20.95983952799855,2026-07-22 13:28:48.628621,2026-07-22 13:32:33.386878,0 days 00:03:44.758257,10,1.5,63.0,31.0,16,0.1,0.001,12,2.4,5,0.0,-57.377743869191825,-52.25830681296952,-19.131928983439614,20.95983952799855,0.0,-14.012491927217294,305.0,COMPLETE
1529,15.124261592653863,2026-07-22 13:29:12.066699,2026-07-22 13:32:45.495168,0 days 00:03:33.428469,29,2.9000000000000004,63.0,30.0,5,0.0,0.001,12,2.4,5,0.0,-14.645360541251126,-22.87652851155079,-14.453162328343103,15.124261592653863,0.0,-22.68433029864276,218.0,COMPLETE
1530,26.406765176337565,2026-07-22 13:29:34.287645,2026-07-22 13:33:23.867876,0 days 00:03:49.580231,10,1.5,62.0,30.0,5,0.0,0.001,12,2.4,5,0.0,-73.97573867375935,-65.91714106959996,-20.417522268450245,26.406765176337565,0.0,-12.358924664290877,383.0,COMPLETE
1531,26.406765176337565,2026-07-22 13:30:29.686434,2026-07-22 13:34:19.518972,0 days 00:03:49.832538,10,1.5,62.0,30.0,5,0.0,0.001,12,2.6,5,0.0,-73.97573867375935,-65.91714106959996,-20.417522268450245,26.406765176337565,0.0,-12.358924664290877,383.0,COMPLETE
1532,26.406765176337565,2026-07-22 13:31:04.311745,2026-07-22 13:34:55.215625,0 days 00:03:50.903880,10,1.5,62.0,30.0,5,0.0,0.001,12,2.4,5,0.0,-73.97573867375935,-65.91714106959996,-20.417522268450245,26.406765176337565,0.0,-12.358924664290877,383.0,COMPLETE
1533,26.406765176337565,2026-07-22 13:31:40.015182,2026-07-22 13:35:30.751636,0 days 00:03:50.736454,10,1.5,62.0,30.0,5,0.0,0.001,12,2.6,5,0.0,-73.97573867375935,-65.91714106959996,-20.417522268450245,26.406765176337565,0.0,-12.358924664290877,383.0,COMPLETE
1534,26.406765176337565,2026-07-22 13:31:54.797071,2026-07-22 13:35:45.104511,0 days 00:03:50.307440,10,1.5,62.0,30.0,5,0.0,0.001,12,2.6,5,0.0,-73.97573867375935,-65.91714106959996,-20.417522268450245,26.406765176337565,0.0,-12.358924664290877,383.0,COMPLETE
1535,26.406765176337565,2026-07-22 13:31:59.408930,2026-07-22 13:35:49.502739,0 days 00:03:50.093809,10,1.5,62.0,30.0,5,0.0,0.001,12,2.4,5,0.0,-73.97573867375935,-65.91714106959996,-20.417522268450245,26.406765176337565,0.0,-12.358924664290877,383.0,COMPLETE
1536,26.406765176337565,2026-07-22 13:32:04.306658,2026-07-22 13:35:52.647238,0 days 00:03:48.340580,10,1.5,63.0,30.0,5,0.0,0.001,12,2.4,5,0.0,-73.97573867375935,-65.91714106959996,-20.417522268450245,26.406765176337565,0.0,-12.358924664290877,383.0,COMPLETE
1537,26.40089635986385,2026-07-22 13:32:04.354234,2026-07-22 13:35:50.606633,0 days 00:03:46.252399,10,1.5,63.0,30.0,5,0.0,0.001,13,2.4,5,0.0,-73.97573867375935,-65.91714106959996,-20.589159339240904,26.40089635986385,0.0,-12.530561735081536,383.0,COMPLETE
1538,26.306363425901143,2026-07-22 13:32:33.450976,2026-07-22 13:36:23.505001,0 days 00:03:50.054025,10,1.5,63.0,30.0,5,0.0,0.001,14,2.4,5,0.0,-73.97573867375935,-65.91714106959996,-21.311857191694113,26.306363425901143,0.0,-13.253259587534753,382.0,COMPLETE
1539,26.406765176337565,2026-07-22 13:32:45.552692,2026-07-22 13:36:27.775440,0 days 00:03:42.222748,10,1.5,63.0,30.0,5,0.0,0.001,12,2.4,5,0.0,-73.97573867375935,-65.91714106959996,-20.417522268450245,26.406765176337565,0.0,-12.358924664290877,383.0,COMPLETE
1540,26.40089635986385,2026-07-22 13:33:23.920250,2026-07-22 13:37:13.335376,0 days 00:03:49.415126,10,1.5,63.0,30.0,5,0.0,0.001,13,2.4,5,0.0,-73.97573867375935,-65.91714106959996,-20.589159339240904,26.40089635986385,0.0,-12.530561735081536,383.0,COMPLETE
1541,26.40089635986385,2026-07-22 13:34:19.675601,2026-07-22 13:38:09.671133,0 days 00:03:49.995532,10,1.5,63.0,30.0,5,0.0,0.001,13,2.4,5,0.0,-73.97573867375935,-65.91714106959996,-20.589159339240904,26.40089635986385,0.0,-12.530561735081536,383.0,COMPLETE
1542,30.119334694995633,2026-07-22 13:34:55.270143,2026-07-22 13:38:45.953772,0 days 00:03:50.683629,10,1.5,63.0,30.0,5,0.1,0.001,13,2.4,5,0.0,-100.92674701045317,-58.91693637906629,-33.31220358055485,30.119334694995633,0.0,8.69760705083204,432.0,COMPLETE
1543,27.75876366693953,2026-07-22 13:35:30.815325,2026-07-22 13:39:21.835415,0 days 00:03:51.020090,10,1.5,63.0,30.0,5,0.1,0.001,29,2.4,5,0.0,-97.44233577996675,-73.55825510660078,-30.826335750005658,27.75876366693953,0.0,-6.942255076639633,409.0,COMPLETE
1544,30.119334694995633,2026-07-22 13:35:45.169279,2026-07-22 13:39:35.935938,0 days 00:03:50.766659,10,1.5,63.0,30.0,5,0.1,0.001,13,2.4,5,0.0,-100.92674701045317,-58.91693637906629,-33.31220358055485,30.119334694995633,0.0,8.69760705083204,432.0,COMPLETE
1545,30.382589501971108,2026-07-22 13:35:49.571796,2026-07-22 13:39:42.445723,0 days 00:03:52.873927,10,1.5,63.0,31.0,5,0.1,0.001,13,2.4,5,0.0,-102.27325450845763,-59.99556476989329,-31.758848376251734,30.382589501971108,0.0,10.51884136231263,435.0,COMPLETE
1546,30.340949671575032,2026-07-22 13:35:50.658296,2026-07-22 13:39:38.243943,0 days 00:03:47.585647,10,1.5,63.0,31.0,5,0.1,0.001,14,2.4,5,0.0,-102.78726801262403,-59.99556476989329,-32.9955597328713,30.340949671575032,0.0,9.796143509859425,435.0,COMPLETE
1547,30.382589501971108,2026-07-22 13:35:52.705873,2026-07-22 13:39:43.361900,0 days 00:03:50.656027,10,1.5,63.0,31.0,5,0.1,0.001,13,2.4,5,0.0,-102.27325450845763,-59.99556476989329,-31.758848376251734,30.382589501971108,0.0,10.51884136231263,435.0,COMPLETE
1548,30.382589501971108,2026-07-22 13:36:23.565332,2026-07-22 13:40:16.202444,0 days 00:03:52.637112,10,1.5,63.0,31.0,5,0.1,0.001,13,2.3,5,0.0,-102.27325450845763,-59.99556476989329,-31.758848376251734,30.382589501971108,0.0,10.51884136231263,435.0,COMPLETE
1549,30.382589501971108,2026-07-22 13:36:27.828607,2026-07-22 13:40:12.217550,0 days 00:03:44.388943,10,1.5,63.0,31.0,5,0.1,0.001,13,2.4,5,0.0,-102.27325450845763,-59.99556476989329,-31.758848376251734,30.382589501971108,0.0,10.51884136231263,435.0,COMPLETE
1550,29.561224043760376,2026-07-22 13:37:13.404929,2026-07-22 13:41:04.311385,0 days 00:03:50.906456,11,1.5,63.0,31.0,5,0.1,0.001,13,2.4,5,0.0,-92.34932935120376,-52.609413889903685,-39.534234484562134,29.561224043760376,0.0,0.20568097673790176,426.0,COMPLETE
1551,29.61710110895213,2026-07-22 13:38:09.734017,2026-07-22 13:42:01.520031,0 days 00:03:51.786014,13,1.5,63.0,31.0,5,0.1,0.001,13,2.4,5,0.0,-128.39103754291094,-81.08604826840477,-49.671360324982594,29.61710110895213,0.0,-2.366371050476266,446.0,COMPLETE
1552,29.561224043760376,2026-07-22 13:38:46.005305,2026-07-22 13:42:36.671139,0 days 00:03:50.665834,11,1.5,63.0,31.0,5,0.1,0.001,12,2.5,5,0.0,-92.34932935120376,-52.609413889903685,-39.534234484562134,29.561224043760376,0.0,0.20568097673790176,426.0,COMPLETE
1553,29.561224043760376,2026-07-22 13:39:21.894414,2026-07-22 13:43:14.469813,0 days 00:03:52.575399,11,1.5,63.0,31.0,5,0.1,0.001,12,2.4,5,0.0,-92.34932935120376,-52.609413889903685,-39.534234484562134,29.561224043760376,0.0,0.20568097673790176,426.0,COMPLETE
1554,29.561224043760376,2026-07-22 13:39:35.999162,2026-07-22 13:43:29.510492,0 days 00:03:53.511330,11,1.5,63.0,31.0,5,0.1,0.001,12,2.4,5,0.0,-92.34932935120376,-52.609413889903685,-39.534234484562134,29.561224043760376,0.0,0.20568097673790176,426.0,COMPLETE
1555,29.561224043760376,2026-07-22 13:39:38.320901,2026-07-22 13:43:27.284546,0 days 00:03:48.963645,11,1.5,64.0,31.0,5,0.1,0.001,13,2.3,5,0.0,-92.34932935120376,-52.609413889903685,-39.534234484562134,29.561224043760376,0.0,0.20568097673790176,426.0,COMPLETE
1556,29.467228870108855,2026-07-22 13:39:42.508823,2026-07-22 13:43:35.640851,0 days 00:03:53.132028,11,1.5,64.0,31.0,5,0.1,0.001,14,2.3,5,0.0,-92.34932935120376,-52.609413889903685,-40.25693233701536,29.467228870108855,0.0,-0.5170168757153066,425.0,COMPLETE
1557,29.61710110895213,2026-07-22 13:39:43.421362,2026-07-22 13:43:36.000760,0 days 00:03:52.579398,13,1.5,63.0,31.0,5,0.1,0.001,13,2.3,5,0.0,-128.39103754291094,-81.08604826840477,-49.671360324982594,29.61710110895213,0.0,-2.366371050476266,446.0,COMPLETE
1558,28.002351880200624,2026-07-22 13:40:12.272850,2026-07-22 13:43:57.831745,0 days 00:03:45.558895,11,1.5,64.0,31.0,5,1.0,0.001,14,2.3,5,0.0,-83.60623728372515,-61.33466663229692,-32.36319614693997,28.002351880200624,0.0,-10.091625495511797,406.0,COMPLETE
1559,29.467228870108855,2026-07-22 13:40:16.264599,2026-07-22 13:44:07.060457,0 days 00:03:50.795858,11,1.5,63.0,31.0,5,0.1,0.001,14,2.3,5,0.0,-92.34932935120376,-52.609413889903685,-40.25693233701536,29.467228870108855,0.0,-0.5170168757153066,425.0,COMPLETE
1560,29.467228870108855,2026-07-22 13:41:04.365019,2026-07-22 13:44:56.647467,0 days 00:03:52.282448,11,1.5,64.0,31.0,5,0.1,0.001,14,2.3,5,0.0,-92.34932935120376,-52.609413889903685,-40.25693233701536,29.467228870108855,0.0,-0.5170168757153066,425.0,COMPLETE
1561,29.467228870108855,2026-07-22 13:42:01.581590,2026-07-22 13:45:52.756133,0 days 00:03:51.174543,11,1.5,64.0,31.0,5,0.1,0.001,14,2.3,5,0.0,-92.34932935120376,-52.609413889903685,-40.25693233701536,29.467228870108855,0.0,-0.5170168757153066,425.0,COMPLETE
1562,29.467228870108855,2026-07-22 13:42:36.734112,2026-07-22 13:46:28.280429,0 days 00:03:51.546317,11,1.5,64.0,31.0,5,0.1,0.001,14,2.3,5,0.0,-92.34932935120376,-52.609413889903685,-40.25693233701536,29.467228870108855,0.0,-0.5170168757153066,425.0,COMPLETE
1563,29.467228870108855,2026-07-22 13:43:14.535281,2026-07-22 13:47:06.955387,0 days 00:03:52.420106,11,1.5,64.0,31.0,5,0.1,0.001,14,2.3,5,0.0,-92.34932935120376,-52.609413889903685,-40.25693233701536,29.467228870108855,0.0,-0.5170168757153066,425.0,COMPLETE
1564,29.467228870108855,2026-07-22 13:43:27.340135,2026-07-22 13:47:15.923451,0 days 00:03:48.583316,11,1.5,64.0,31.0,5,0.1,0.001,14,2.3,5,0.0,-92.34932935120376,-52.609413889903685,-40.25693233701536,29.467228870108855,0.0,-0.5170168757153066,425.0,COMPLETE
1565,29.622413352647367,2026-07-22 13:43:29.570804,2026-07-22 13:47:21.909395,0 days 00:03:52.338591,11,1.5,64.0,31.0,6,0.1,0.001,13,2.3,5,0.0,-88.3593725925656,-51.947952709685374,-38.41397660465657,29.622413352647367,0.0,-2.0025567217764184,426.0,COMPLETE
1566,25.554348269804677,2026-07-22 13:43:35.700869,2026-07-22 13:47:23.515927,0 days 00:03:47.815058,12,1.6,64.0,31.0,6,0.1,0.002,13,2.3,5,0.0,-68.64484594958664,-61.74156040297654,-11.198181957385124,25.554348269804677,0.0,-4.29489641077503,371.0,COMPLETE
1567,18.630471509172274,2026-07-22 13:43:36.107469,2026-07-22 13:47:17.673354,0 days 00:03:41.565885,10,1.6,63.0,31.0,6,0.1,0.005,13,2.4,5,0.0,-30.389901047703958,-28.23729923964992,-27.372836833182017,18.630471509172274,0.0,-25.22023502512793,270.0,COMPLETE
1568,25.296324067502667,2026-07-22 13:43:57.897135,2026-07-22 13:47:39.077342,0 days 00:03:41.180207,10,1.6,64.0,31.0,6,0.1,0.002,13,2.3,5,0.0,-76.46478511849095,-41.23507239054822,-28.636127581823803,25.296324067502667,0.0,6.593585146118873,363.0,COMPLETE
1569,27.908073654445204,2026-07-22 13:44:07.125122,2026-07-22 13:47:57.605307,0 days 00:03:50.480185,12,1.6,64.0,31.0,6,0.1,0.001,13,2.3,5,0.0,-82.08194912918293,-63.320094102411225,-25.733316466914218,27.908073654445204,0.0,-6.971461440142512,404.0,COMPLETE
1570,24.974028676118895,2026-07-22 13:44:56.715772,2026-07-22 13:48:46.389520,0 days 00:03:49.673748,39,1.6,63.0,31.0,6,0.1,0.002,14,2.3,5,0.0,-104.85814153671386,-78.84349391547251,-42.68038147636974,24.974028676118895,0.0,-16.6657338551284,382.0,COMPLETE
1571,28.58071174712432,2026-07-22 13:45:52.810529,2026-07-22 13:49:41.028253,0 days 00:03:48.217724,10,1.6,64.0,31.0,6,0.1,0.001,14,2.4,5,0.0,-73.21408781182028,-45.37744878053282,-20.700520530299407,28.58071174712432,0.0,7.136118500988072,399.0,COMPLETE
1572,25.465053064238997,2026-07-22 13:46:28.334354,2026-07-22 13:50:15.240597,0 days 00:03:46.906243,12,1.6,64.0,31.0,6,0.1,0.002,14,2.4,5,0.0,-68.64484594958664,-61.74156040297654,-11.920879809838334,25.465053064238997,0.0,-5.017594263228238,370.0,COMPLETE
1573,28.60071956951208,2026-07-22 13:47:07.017909,2026-07-22 13:50:56.921865,0 days 00:03:49.903956,10,1.6,63.0,31.0,6,0.1,0.001,14,2.4,5,0.0,-74.4829050839228,-46.736588607259996,-20.700520530299407,28.60071956951208,0.0,7.045795946363462,400.0,COMPLETE
1574,22.052881584355227,2026-07-22 13:47:15.986927,2026-07-22 13:50:57.526309,0 days 00:03:41.539382,10,1.6,63.0,31.0,6,0.0,0.002,14,2.4,5,0.0,-64.95488422884934,-50.78979513518318,-26.730383882833863,22.052881584355227,0.0,-12.565294789167796,326.0,COMPLETE
1575,24.056659814630596,2026-07-22 13:47:17.738461,2026-07-22 13:51:06.146031,0 days 00:03:48.407570,12,1.6,63.0,31.0,6,0.0,0.001,14,2.4,5,0.0,-69.66406497272241,-72.6898384682163,-15.223772628408994,24.056659814630596,0.0,-18.24954612390295,354.0,COMPLETE
1576,21.26403658033055,2026-07-22 13:47:21.960789,2026-07-22 13:51:07.732796,0 days 00:03:45.772007,10,1.6,73.0,31.0,6,0.0,0.002,14,2.4,5,0.0,-56.56581360214224,-49.08378929843434,-28.08604605039054,21.26403658033055,0.0,-20.6040217466827,314.0,COMPLETE
1577,24.728279338070422,2026-07-22 13:47:23.578530,2026-07-22 13:51:09.977693,0 days 00:03:46.399163,10,1.6,63.0,31.0,6,0.0,0.001,14,2.4,5,0.0,-65.12975424488431,-63.14780671284875,-15.66033775637584,24.728279338070422,0.0,-13.678390224340344,358.0,COMPLETE
1578,26.433576757216972,2026-07-22 13:47:39.132670,2026-07-22 13:51:21.921364,0 days 00:03:42.788694,10,1.5,63.0,31.0,5,0.0,0.001,14,2.4,5,0.0,-74.79777408550932,-65.91714106959996,-22.13389260344406,26.433576757216972,0.0,-13.253259587534753,384.0,COMPLETE
1579,15.247690190003981,2026-07-22 13:47:57.669975,2026-07-22 13:51:37.156672,0 days 00:03:39.486697,10,1.5,63.0,31.0,5,0.0,0.006,14,2.4,5,0.0,-17.751489606061686,-31.018987996662673,-12.666882831200892,15.247690190003981,0.0,-25.934381221801825,221.0,COMPLETE
1580,26.528159966533693,2026-07-22 13:48:46.463019,2026-07-22 13:52:34.591875,0 days 00:03:48.128856,10,1.5,63.0,31.0,5,0.0,0.001,13,2.4,5,0.0,-74.79777408550932,-65.91714106959996,-21.411194750990852,26.528159966533693,0.0,-12.530561735081536,385.0,COMPLETE
1581,26.528159966533693,2026-07-22 13:49:41.091593,2026-07-22 13:53:28.944990,0 days 00:03:47.853397,10,1.5,63.0,31.0,5,0.0,0.001,13,2.4,5,0.0,-74.79777408550932,-65.91714106959996,-21.411194750990852,26.528159966533693,0.0,-12.530561735081536,385.0,COMPLETE
1582,26.433576757216972,2026-07-22 13:50:15.296462,2026-07-22 13:54:03.501611,0 days 00:03:48.205149,10,1.5,63.0,31.0,5,0.0,0.001,14,2.4,5,0.0,-74.79777408550932,-65.91714106959996,-22.13389260344406,26.433576757216972,0.0,-13.253259587534753,384.0,COMPLETE
1583,26.528159966533693,2026-07-22 13:50:56.974922,2026-07-22 13:54:45.774303,0 days 00:03:48.799381,10,1.5,63.0,31.0,5,0.0,0.001,13,2.4,5,0.0,-74.79777408550932,-65.91714106959996,-21.411194750990852,26.528159966533693,0.0,-12.530561735081536,385.0,COMPLETE
1584,26.528159966533693,2026-07-22 13:50:57.582200,2026-07-22 13:54:42.967247,0 days 00:03:45.385047,10,1.5,63.0,31.0,5,0.0,0.001,13,2.4,5,0.0,-74.79777408550932,-65.91714106959996,-21.411194750990852,26.528159966533693,0.0,-12.530561735081536,385.0,COMPLETE
1585,26.433576757216972,2026-07-22 13:51:06.202326,2026-07-22 13:54:54.213812,0 days 00:03:48.011486,10,1.5,63.0,31.0,5,0.0,0.001,14,2.4,5,0.0,-74.79777408550932,-65.91714106959996,-22.13389260344406,26.433576757216972,0.0,-13.253259587534753,384.0,COMPLETE
1586,12.074250009374945,2026-07-22 13:51:07.805156,2026-07-22 13:54:47.039697,0 days 00:03:39.234541,10,2.8,63.0,31.0,5,0.0,0.001,13,2.4,5,0.0,0.0,-10.864013038251596,-10.928114104548696,12.074250009374945,0.0,-21.79212714280028,173.0,COMPLETE
1587,26.528159966533693,2026-07-22 13:51:10.044862,2026-07-22 13:54:59.928198,0 days 00:03:49.883336,10,1.5,63.0,31.0,5,0.0,0.001,13,2.4,5,0.0,-74.79777408550932,-65.91714106959996,-21.411194750990852,26.528159966533693,0.0,-12.530561735081536,385.0,COMPLETE
1588,30.382589501971108,2026-07-22 13:51:21.977158,2026-07-22 13:55:07.218948,0 days 00:03:45.241790,10,1.5,63.0,31.0,5,0.1,0.001,13,2.4,5,0.0,-102.27325450845763,-59.99556476989329,-31.758848376251734,30.382589501971108,0.0,10.51884136231263,435.0,COMPLETE
1589,15.229620351788096,2026-07-22 13:51:37.219522,2026-07-22 13:55:15.513479,0 days 00:03:38.293957,10,1.5,63.0,30.0,5,0.1,0.007,13,2.4,5,0.0,-12.945536017457755,-21.384406959634745,-14.608592499722599,15.229620351788096,0.0,-23.047463441899556,219.0,COMPLETE
1590,15.229620351788096,2026-07-22 13:52:34.648504,2026-07-22 13:56:12.452225,0 days 00:03:37.803721,10,1.5,63.0,30.0,5,0.1,0.007,13,2.4,5,0.0,-12.945536017457755,-21.384406959634745,-14.608592499722599,15.229620351788096,0.0,-23.047463441899556,219.0,COMPLETE
1591,30.119334694995633,2026-07-22 13:53:28.998935,2026-07-22 13:57:17.852723,0 days 00:03:48.853788,10,1.5,63.0,30.0,5,0.1,0.001,13,2.4,5,0.0,-100.92674701045317,-58.91693637906629,-33.31220358055485,30.119334694995633,0.0,8.69760705083204,432.0,COMPLETE
1592,22.32515022221034,2026-07-22 13:54:03.566165,2026-07-22 13:57:49.045975,0 days 00:03:45.479810,10,1.5,63.0,30.0,13,0.1,0.001,13,2.4,5,0.0,-57.537096925359364,-46.31219431886741,-21.334040449474276,22.32515022221034,0.0,-10.109137842982328,321.0,COMPLETE
1593,30.119334694995633,2026-07-22 13:54:43.103842,2026-07-22 13:58:31.020743,0 days 00:03:47.916901,10,1.5,63.0,30.0,5,0.1,0.001,13,2.4,5,0.0,-100.92674701045317,-58.91693637906629,-33.31220358055485,30.119334694995633,0.0,8.69760705083204,432.0,COMPLETE
1594,29.63216261823816,2026-07-22 13:54:45.831583,2026-07-22 13:58:38.201212,0 days 00:03:52.369629,11,1.5,63.0,30.0,5,0.1,0.001,13,2.4,5,0.0,-92.41512530784438,-52.51057620250112,-40.24708663160277,29.63216261823816,0.0,-0.34253752625955824,427.0,COMPLETE
1595,29.63216261823816,2026-07-22 13:54:47.110047,2026-07-22 13:58:41.513349,0 days 00:03:54.403302,11,1.5,63.0,30.0,5,0.1,0.001,13,2.4,5,0.0,-92.41512530784438,-52.51057620250112,-40.24708663160277,29.63216261823816,0.0,-0.34253752625955824,427.0,COMPLETE
1596,29.63216261823816,2026-07-22 13:54:54.276935,2026-07-22 13:58:46.359173,0 days 00:03:52.082238,11,1.5,63.0,30.0,5,0.1,0.001,13,2.3,5,0.0,-92.41512530784438,-52.51057620250112,-40.24708663160277,29.63216261823816,0.0,-0.34253752625955824,427.0,COMPLETE
1597,29.63216261823816,2026-07-22 13:54:59.984540,2026-07-22 13:58:52.876981,0 days 00:03:52.892441,11,1.5,63.0,30.0,5,0.1,0.001,13,2.3,5,0.0,-92.41512530784438,-52.51057620250112,-40.24708663160277,29.63216261823816,0.0,-0.34253752625955824,427.0,COMPLETE
1598,15.382658262093459,2026-07-22 13:55:07.278680,2026-07-22 13:58:40.541053,0 days 00:03:33.262373,11,1.5,63.0,31.0,5,0.1,0.007,14,2.4,5,0.0,-10.923993569158085,-21.34364014960844,-16.075350315181694,15.382658262093459,0.0,-26.494996895632017,222.0,COMPLETE
1599,29.561224043760376,2026-07-22 13:55:15.576713,2026-07-22 13:59:06.824748,0 days 00:03:51.248035,11,1.5,63.0,31.0,5,0.1,0.001,13,2.4,5,0.0,-92.34932935120376,-52.609413889903685,-39.534234484562134,29.561224043760376,0.0,0.20568097673790176,426.0,COMPLETE
1600,29.473930202173204,2026-07-22 13:56:12.506609,2026-07-22 14:00:03.699893,0 days 00:03:51.193284,11,1.5,64.0,31.0,5,0.1,0.001,15,2.4,5,0.0,-92.34932935120376,-52.22998685334077,-40.25693233701536,29.473930202173204,0.0,-0.13758983915238998,425.0,COMPLETE
1601,29.561224043760376,2026-07-22 13:57:17.912215,2026-07-22 14:01:10.313327,0 days 00:03:52.401112,11,1.5,64.0,31.0,5,0.1,0.001,13,2.4,5,0.0,-92.34932935120376,-52.609413889903685,-39.534234484562134,29.561224043760376,0.0,0.20568097673790176,426.0,COMPLETE
1602,29.561224043760376,2026-07-22 13:57:49.104950,2026-07-22 14:01:41.028047,0 days 00:03:51.923097,11,1.5,64.0,31.0,5,0.1,0.001,13,2.3,5,0.0,-92.34932935120376,-52.609413889903685,-39.534234484562134,29.561224043760376,0.0,0.20568097673790176,426.0,COMPLETE
1603,29.473930202173204,2026-07-22 13:58:31.076476,2026-07-22 14:02:20.250541,0 days 00:03:49.174065,11,1.5,64.0,31.0,5,0.1,0.001,15,2.3,5,0.0,-92.34932935120376,-52.22998685334077,-40.25693233701536,29.473930202173204,0.0,-0.13758983915238998,425.0,COMPLETE
1604,29.467228870108855,2026-07-22 13:58:38.260556,2026-07-22 14:02:31.373394,0 days 00:03:53.112838,11,1.5,64.0,31.0,5,0.1,0.001,14,2.3,5,0.0,-92.34932935120376,-52.609413889903685,-40.25693233701536,29.467228870108855,0.0,-0.5170168757153066,425.0,COMPLETE
1605,29.473930202173204,2026-07-22 13:58:40.594500,2026-07-22 14:02:27.841732,0 days 00:03:47.247232,11,1.5,64.0,31.0,5,0.1,0.001,15,2.3,5,0.0,-92.34932935120376,-52.22998685334077,-40.25693233701536,29.473930202173204,0.0,-0.13758983915238998,425.0,COMPLETE
1606,29.561224043760376,2026-07-22 13:58:41.570919,2026-07-22 14:02:35.945984,0 days 00:03:54.375065,11,1.5,64.0,31.0,5,0.1,0.001,13,2.3,5,0.0,-92.34932935120376,-52.609413889903685,-39.534234484562134,29.561224043760376,0.0,0.20568097673790176,426.0,COMPLETE
1607,29.67021615714247,2026-07-22 13:58:46.415421,2026-07-22 14:02:38.964751,0 days 00:03:52.549330,12,1.5,64.0,31.0,5,0.1,0.001,14,2.3,5,0.0,-111.53588983216315,-73.74294113110373,-41.13883924521939,29.67021615714247,0.0,-3.345890544160012,439.0,COMPLETE
1608,29.67021615714247,2026-07-22 13:58:52.934638,2026-07-22 14:02:46.300126,0 days 00:03:53.365488,12,1.5,64.0,31.0,5,0.1,0.001,13,2.3,5,0.0,-111.53588983216315,-73.74294113110373,-41.13883924521939,29.67021615714247,0.0,-3.345890544160012,439.0,COMPLETE
1609,29.67021615714247,2026-07-22 13:59:06.888651,2026-07-22 14:03:00.466808,0 days 00:03:53.578157,12,1.5,64.0,31.0,5,0.1,0.001,14,2.3,5,0.0,-111.53588983216315,-73.74294113110373,-41.13883924521939,29.67021615714247,0.0,-3.345890544160012,439.0,COMPLETE
1610,29.67021615714247,2026-07-22 14:00:03.754743,2026-07-22 14:03:55.080413,0 days 00:03:51.325670,12,1.5,64.0,31.0,5,0.1,0.001,14,2.3,5,0.0,-111.53588983216315,-73.74294113110373,-41.13883924521939,29.67021615714247,0.0,-3.345890544160012,439.0,COMPLETE
1611,29.67021615714247,2026-07-22 14:01:10.374479,2026-07-22 14:05:03.282043,0 days 00:03:52.907564,12,1.5,63.0,31.0,5,0.1,0.001,13,2.3,5,0.0,-111.53588983216315,-73.74294113110373,-41.13883924521939,29.67021615714247,0.0,-3.345890544160012,439.0,COMPLETE
1612,29.67021615714247,2026-07-22 14:01:41.091268,2026-07-22 14:05:34.344300,0 days 00:03:53.253032,12,1.5,63.0,31.0,5,0.1,0.001,14,2.3,5,0.0,-111.53588983216315,-73.74294113110373,-41.13883924521939,29.67021615714247,0.0,-3.345890544160012,439.0,COMPLETE
1613,29.67021615714247,2026-07-22 14:02:20.312984,2026-07-22 14:06:09.975351,0 days 00:03:49.662367,12,1.5,63.0,31.0,5,0.1,0.001,14,2.4,5,0.0,-111.53588983216315,-73.74294113110373,-41.13883924521939,29.67021615714247,0.0,-3.345890544160012,439.0,COMPLETE
1614,29.67021615714247,2026-07-22 14:02:27.914785,2026-07-22 14:06:14.361891,0 days 00:03:46.447106,12,1.5,63.0,31.0,5,0.1,0.001,14,2.4,5,0.0,-111.53588983216315,-73.74294113110373,-41.13883924521939,29.67021615714247,0.0,-3.345890544160012,439.0,COMPLETE
1615,29.67021615714247,2026-07-22 14:02:31.434066,2026-07-22 14:06:24.247630,0 days 00:03:52.813564,12,1.5,63.0,31.0,5,0.1,0.001,13,2.4,5,0.0,-111.53588983216315,-73.74294113110373,-41.13883924521939,29.67021615714247,0.0,-3.345890544160012,439.0,COMPLETE
1616,25.793024097249585,2026-07-22 14:02:36.001173,2026-07-22 14:06:28.620095,0 days 00:03:52.618922,20,1.6,63.0,31.0,5,0.1,0.001,14,2.4,5,0.0,-138.04376745360148,-90.04351793411809,-69.68095584495978,25.793024097249585,0.0,-21.680706325476365,411.0,COMPLETE
1617,24.728279338070422,2026-07-22 14:02:39.035031,2026-07-22 14:06:25.520741,0 days 00:03:46.485710,10,1.6,63.0,31.0,6,0.0,0.001,14,2.4,5,0.0,-65.12975424488431,-63.14780671284875,-15.66033775637584,24.728279338070422,0.0,-13.678390224340344,358.0,COMPLETE
1618,24.728279338070422,2026-07-22 14:02:46.357063,2026-07-22 14:06:33.177396,0 days 00:03:46.820333,10,1.6,63.0,31.0,6,0.0,0.001,14,2.4,5,0.0,-65.12975424488431,-63.14780671284875,-15.66033775637584,24.728279338070422,0.0,-13.678390224340344,358.0,COMPLETE
1619,23.683123457481816,2026-07-22 14:03:00.521211,2026-07-22 14:06:49.178216,0 days 00:03:48.657005,19,1.6,63.0,31.0,6,0.0,0.001,14,2.4,5,0.0,-86.9824323923936,-65.21724578392606,-46.84789919940617,23.683123457481816,0.0,-25.08271259093869,360.0,COMPLETE
1620,24.728279338070422,2026-07-22 14:03:55.136520,2026-07-22 14:07:41.706837,0 days 00:03:46.570317,10,1.6,63.0,31.0,6,0.0,0.001,14,2.4,5,0.0,-65.12975424488431,-63.14780671284875,-15.66033775637584,24.728279338070422,0.0,-13.678390224340344,358.0,COMPLETE
1621,24.728279338070422,2026-07-22 14:05:03.337825,2026-07-22 14:08:49.186496,0 days 00:03:45.848671,10,1.6,63.0,31.0,6,0.0,0.001,14,2.4,5,0.0,-65.12975424488431,-63.14780671284875,-15.66033775637584,24.728279338070422,0.0,-13.678390224340344,358.0,COMPLETE
1622,12.074250009374945,2026-07-22 14:05:34.409764,2026-07-22 14:09:12.372891,0 days 00:03:37.963127,10,3.0,63.0,31.0,6,0.0,0.001,13,2.4,5,0.0,0.0,-10.864013038251596,-10.928114104548696,12.074250009374945,0.0,-21.79212714280028,173.0,COMPLETE
1623,,2026-07-22 14:06:10.038753,,,10,1.6,63.0,31.0,6,0.0,0.001,13,2.4,5,,,,,,,,,RUNNING
1624,,2026-07-22 14:06:14.418931,,,10,1.6,63.0,31.0,6,0.0,0.001,12,2.5,5,,,,,,,,,RUNNING
1625,,2026-07-22 14:06:24.307862,,,10,1.6,63.0,31.0,6,0.0,0.001,13,2.5,5,,,,,,,,,RUNNING
1626,,2026-07-22 14:06:25.585162,,,10,1.6,63.0,31.0,6,0.2,0.001,13,2.4,5,,,,,,,,,RUNNING
1627,,2026-07-22 14:06:28.689734,,,10,1.6,63.0,31.0,6,0.2,0.001,13,2.5,5,,,,,,,,,RUNNING
1628,,2026-07-22 14:06:33.234063,,,10,1.6,63.0,30.0,6,0.2,0.001,13,2.5,5,,,,,,,,,RUNNING
1629,,2026-07-22 14:06:49.237203,,,10,1.5,63.0,30.0,7,0.2,0.001,13,2.5,5,,,,,,,,,RUNNING
1630,,2026-07-22 14:07:41.770591,,,10,1.5,63.0,30.0,5,0.2,0.001,13,2.5,5,,,,,,,,,RUNNING
1631,,2026-07-22 14:08:49.239617,,,10,1.5,62.0,30.0,5,0.2,0.001,13,2.5,5,,,,,,,,,RUNNING
1632,,2026-07-22 14:09:12.468162,,,10,1.5,62.0,30.0,5,0.2,0.002,13,2.5,5,,,,,,,,,RUNNING
